rarad,decrad,mag,ci
8.76262870725e-05,0.678222362554,6.61,-0.019
0.000930448947007,0.668531783713,6.53,0.955
0.00138766070106,-0.773016123639,6.28,0.763
0.00173786217452,0.469809616739,6.43,0.514
0.00224960785152,1.03951250492,6.18,1.032
0.00249580747502,-0.926729909483,6.49,0.616
0.0031728632804,0.789819667333,6.36,-0.047
0.00469695981215,-0.851893035343,5.71,0.911
0.00576302177771,0.872342747307,6.22,0.97
0.00582625837159,-0.87855289976,5.53,1.615
0.00696808335394,-1.34505063043,4.78,1.254
0.00705529322065,1.06853944916,5.58,0.407
0.00722475949723,1.28476908967,6.5,0.182
0.00739060959434,-0.700727039531,6.62,0.545
0.00748200279215,0.423296669782,6.6,1.153
0.00755206877232,0.739446154914,6.25,-0.042
0.00795931176062,-0.0528399088173,5.13,-0.128
0.00855347867621,-0.104965358844,4.37,1.631
0.00946108171981,0.472674535798,5.8,0.69
0.0100146100271,1.05947014225,6.77,1.832
0.0101752527888,-0.518719079103,5.04,-0.15
0.0104841170936,0.156326061649,6.33,0.182
0.010886699497,0.148099268993,5.7,0.315
0.0113507568384,1.15364459036,5.87,1.073
0.0129070252398,-0.349866643847,6.25,0.526
0.0136609804254,-0.421412286203,6.46,1.176
0.0136964569911,0.746091737103,6.73,0.051
0.014058103519,0.306344875191,6.59,1.122
0.0149600202827,1.11073660737,6.24,0.332
0.0161335248047,0.84538350057,6.8,0.06
0.0163180279736,-0.302570063826,4.55,-0.047
0.0168447494306,1.16434724127,6.31,1.629
0.018446903003,1.0871248133,5.9,0.274
0.0188926559878,-0.288486102726,5.78,1.084
0.0189306325779,-0.510837306071,6.38,0.006
0.0196435746864,-0.183425783964,4.99,1.619
0.0201141284909,0.734653246978,6.11,0.159
0.0204545826359,-1.24680896178,5.59,-0.1
0.020499854618,1.17227561862,5.68,1.051
0.0213557985669,0.604927571906,6.09,0.632
0.021450948336,1.02157902304,6.61,0.025
0.0215251947489,0.465108677044,6.25,1.368
0.021902641231,0.483016096293,6.47,0.946
0.0220946140149,-0.0087796252614,6.32,1.099
0.0222631931989,1.07013065402,5.8,-0.067
0.0225267355677,0.789395477456,6.71,0.068
0.0232813053283,-0.0996167298746,4.61,1.029
0.0248680747188,0.233808955838,5.55,0.901
0.0262188590761,0.493525863045,6.62,1.531
0.0264892871606,0.705436428129,6.65,0.912
0.0273204253073,1.01991339082,5.98,0.687
0.0275615650968,-0.856523664303,5.7,0.519
0.0281094364856,1.12043450742,5.57,-0.023
0.0287645363283,0.498350910617,6.68,0.986
0.0288526285096,0.506520757604,6.07,0.752
0.0298219515825,-0.403302651614,6.19,0.386
0.0318716731237,-0.303460215991,6.2,0.133
0.0333013751974,0.70071397875,6.73,0.951
0.0337512577265,-0.0444828474933,6.43,-0.146
0.0339536727259,-0.39284847744,5.93,0.141
0.0351605534938,-0.585197134373,5.67,1.119
0.0357862385537,-0.0427206115912,6.18,1.366
0.0361816011645,-0.154009809164,5.99,1.034
0.036597162708,0.507723818466,2.07,-0.038
0.0372964089681,1.10311860368,6.41,0.998
0.0373425139243,-0.30679668225,6.11,1.664
0.0378848874403,0.639263927319,6.21,0.504
0.0386975806814,0.444412921409,6.24,0.976
0.0392815902851,0.493012626593,6.47,0.242
0.0394459194193,0.31785871929,5.57,1.043
0.0394426024646,-0.942511500131,6.32,0.738
0.0400258528303,1.03235840437,2.28,0.38
0.0407164048585,1.39128127788,6.01,0.203
0.0408016535063,-0.488481496788,5.42,0.414
0.0410596787492,-0.79844320933,3.88,1.013
0.0430591437351,-1.08728417263,6.34,0.164
0.0437933601822,0.194531135571,5.54,-0.064
0.0437973201569,-1.43508034197,5.29,1.049
0.0450054708935,-0.0916051346389,5.84,0.973
0.0450327403196,0.804112832908,5.01,0.405
0.0457909656661,0.997726097519,6.74,-0.074
0.04615349116,1.04149742237,6.7,-0.017
0.0464243291754,-1.27800668324,6.66,0.372
0.0467480993026,-0.219560616338,5.84,1.0
0.048569118962,1.00509918463,6.68,1.212
0.0486980725524,-0.0579691707512,6.74,1.025
0.0491498571352,-0.269967134453,4.89,0.487
0.0504996265617,-0.485196935022,5.41,1.346
0.0511953526065,-0.613188611589,5.24,0.459
0.0520744094189,-0.736042768499,6.53,1.041
0.0522920601793,0.840417859756,6.18,1.467
0.0524595590083,0.409659307231,6.58,0.99
0.0525795605573,-0.24108545522,6.56,1.074
0.053085946634,-0.313082006379,5.29,1.478
0.0548427189111,0.780287753005,6.5,1.112
0.0558518867726,0.804516584919,6.63,0.402
0.0560137742106,0.657878410766,6.71,-0.116
0.0570080344417,-0.392178505955,6.66,0.961
0.0574143379292,0.295335124397,6.52,1.05
0.0576454929315,1.08281759254,6.63,0.226
0.0577524133796,0.265003740449,2.83,-0.19
0.0581452733605,-1.48342476487,5.78,1.71
0.0584630048356,0.471021524403,6.24,0.68
0.0589676693739,0.716202308902,5.71,0.331
0.0597951496128,-0.454175604821,5.94,1.548
0.059950435828,-0.458759077454,6.14,1.49
0.0601829896532,0.0241481288641,6.79,1.257
0.0612524723568,0.579554713754,6.22,0.009
0.0621561774027,-0.96114691282,6.66,0.462
0.062599895281,-1.09557722973,6.63,1.697
0.0630956771172,-0.135795901886,5.13,1.601
0.0635391260387,0.716154708863,6.68,1.172
0.0637162239057,0.352673475752,4.79,1.572
0.0638802752645,-0.330440840836,4.44,1.64
0.0640289008683,-0.258400179332,6.63,1.03
0.0650509314159,-0.167020522459,5.77,-0.084
0.0651416955625,-0.0528383135289,6.64,1.499
0.0651514604991,0.388933098367,6.25,-0.004
0.0653227509184,-0.60919361063,6.17,1.344
0.0653653912783,0.153954832167,6.02,0.312
0.0659550466564,0.550402226198,6.34,1.555
0.0662180231674,0.476185854986,6.35,-0.002
0.0667465663126,0.771494813002,6.76,-0.046
0.0694393327001,1.06465385091,6.43,0.838
0.0694441780543,-1.32490762524,6.49,0.983
0.0704570791865,-0.548843114039,5.66,1.35
0.0706490542848,-1.39366602931,6.59,0.749
0.0708237296671,1.34304403522,6.35,-0.044
0.0713782436188,0.760877145071,6.12,0.068
0.0722886937823,0.143817821833,6.12,0.919
0.0728723855086,-0.570520821831,6.67,1.077
0.0728924767485,-0.352732102904,6.5,-0.108
0.0731349564762,0.178805106278,6.51,1.864
0.0733204791457,-1.37497306417,6.78,0.451
0.0737374628071,0.863273267169,6.52,1.775
0.0739617654728,1.07395668522,5.74,0.898
0.0745769335159,0.675121900661,4.61,0.059
0.0748340838058,0.836840088588,5.86,-0.079
0.0759616241646,0.154924455073,6.66,0.589
0.0765546735135,-0.332504273114,6.46,0.386
0.0773081362552,0.897676768278,6.11,-0.151
0.0776451766046,0.0294738471539,6.19,0.937
0.0782711719936,0.222904133787,6.54,0.97
0.0784572323668,-0.234845225453,6.51,0.599
0.079772300117,-0.368935721479,6.69,-0.008
0.0797939897058,0.195585327754,6.07,1.036
0.0798797899712,-0.637217681892,6.67,1.304
0.0799700055662,0.642023274948,4.51,0.054
0.0813215502473,0.550079377554,5.88,-0.014
0.0815843396372,-0.140551389137,6.47,0.674
0.0816060408381,0.764299595614,6.1,-0.074
0.0816342268167,-0.754603060545,6.33,1.21
0.0847702514074,-0.154006481218,3.56,1.214
0.0859257917437,0.710863189997,6.35,1.179
0.0869956423423,0.283631204491,6.6,0.979
0.0874781017392,-1.13227869803,4.23,0.576
0.0874811296118,-0.30893084407,6.73,1.249
0.0876422357069,0.852862974529,6.53,0.051
0.0890409437717,0.53992831185,5.89,-0.098
0.0895154987633,0.854663871495,6.46,0.564
0.0897491767423,0.987104519352,6.73,0.817
0.0898743921046,0.142947200819,5.38,1.343
0.090105567891,-1.21518397315,5.5,-0.046
0.0904344371301,1.08000267676,6.8,2.02
0.09057687812,0.574408564538,5.79,1.595
0.0907992490795,-0.41242519325,6.78,0.311
0.0912364812306,0.19158306669,6.57,0.056
0.0921577400042,0.662677136,5.16,0.442
0.0937206216536,-1.35135385519,5.96,1.397
0.0938983811426,-0.505822052267,5.18,1.006
0.0947152691019,1.18373492495,6.55,0.981
0.0949947318396,-0.350078551719,5.61,1.58
0.0975390630606,-0.889986786115,6.68,1.102
0.0978462466239,0.235313814114,6.25,1.225
0.0994853241757,-0.68525839744,6.75,0.371
0.0997588694054,-0.213094894639,6.39,0.659
0.100164892748,0.676389906742,6.69,1.556
0.1006761301,-0.278250097773,6.43,1.595
0.101273153812,-0.541676464311,6.55,-0.06
0.104228906372,1.06397737367,6.57,0.38
0.105102798301,0.772565359346,6.66,0.413
0.10585801617,0.907918774347,5.58,-0.11
0.106875900044,-0.0387299815072,6.08,1.216
0.107494446287,0.249852855705,6.48,1.161
0.107605171184,0.547563106458,6.76,-0.058
0.108173800898,1.07915553207,5.38,0.008
0.109548550467,0.925841066726,5.72,-0.056
0.110843558104,0.0338540181908,5.77,0.855
0.112028110148,-1.34834096384,2.82,0.618
0.11211920373,0.959829954129,6.78,1.676
0.112130969638,0.134235396925,6.77,1.3
0.11371415944,0.351628890192,6.67,-0.036
0.114324317212,0.990984491048,6.71,0.879
0.114332017586,-0.762356840312,3.93,0.175
0.114682902958,-0.738378668832,2.4,1.083
0.115028217419,-0.326265435024,6.24,1.622
0.116167215788,-0.000864507792424,6.16,0.893
0.116315950955,0.988575556121,6.58,0.021
0.118141930507,0.437066523506,6.66,0.487
0.118342183383,1.39717342855,6.53,-0.083
0.11887920193,-0.445882236347,5.99,1.022
0.120069011423,0.279697441121,6.44,0.23
0.120542087182,-0.351413743591,6.78,0.261
0.121860392214,-0.576083740604,4.86,1.634
0.122061544007,0.340584227841,6.4,0.99
0.12238478362,0.312293939786,5.01,1.584
0.123096869277,0.287020537923,6.05,1.58
0.123164552623,0.774829355683,5.18,0.043
0.123199798258,-0.506848350948,6.75,1.127
0.123631215991,0.177846391558,6.05,0.447
0.123707532632,-0.354913585445,6.44,0.594
0.124099951162,-0.696648210541,5.42,1.556
0.125305470636,-0.881964774105,6.26,1.09
0.126293663498,0.644021157918,6.28,0.916
0.130099795566,-0.560529621415,6.59,1.351
0.13031023431,-0.259427643472,6.15,0.388
0.131071162247,-0.0690684705316,5.72,1.545
0.131435011867,0.519262620356,5.2,0.271
0.131531311117,0.0848249431074,6.52,0.453
0.132348547769,1.04680579986,5.94,-0.003
0.132547247749,-0.415173342376,5.17,0.128
0.13279555632,-0.841508933371,5.67,0.367
0.132923249131,-0.714530566473,6.18,0.315
0.133030364864,-0.689728762763,6.6,1.141
0.134855371175,1.34424219141,6.18,0.883
0.135548802629,0.972194028713,6.57,1.154
0.136201595806,0.767011809076,6.76,-0.064
0.137076571359,-0.851782011059,4.76,0.018
0.137096566123,1.16098633783,6.18,-0.1
0.137127169516,0.586110223231,5.88,1.133
0.1376343999,-1.09882818744,4.36,-0.064
0.137692405944,-1.09895635547,4.53,0.147
0.138257613835,0.922223711585,5.59,1.163
0.138633078936,0.951593452742,4.74,-0.098
0.140648141874,0.610758524829,6.74,0.191
0.141355795557,0.121395733171,5.69,-0.014
0.141575139333,0.759127360181,6.69,-0.006
0.141947332554,0.328032581965,6.79,1.54
0.142140002795,0.481375051568,6.68,0.084
0.142206562644,0.35420264054,5.38,1.069
0.142490628805,-0.44261051244,6.72,1.176
0.142814801586,-1.1001072027,5.07,0.038
0.143196072831,0.493583310921,6.26,0.965
0.143988852261,1.09836681092,4.17,0.13
0.144743381877,0.958098228302,5.93,1.037
0.145387690862,1.23886687122,6.41,-0.007
0.145681776534,-1.24383064317,6.11,0.265
0.146974526024,-0.515889274365,5.55,1.262
0.147175892729,-0.610901511426,6.41,0.617
0.14913801944,0.179754956628,6.76,0.949
0.150163772321,1.16501340712,6.47,-0.049
0.150181673364,-0.792830297897,6.8,1.293
0.150370868549,-0.914082860086,5.57,0.472
0.152379206771,0.233370358348,6.39,1.136
0.153415852304,0.642843729322,6.58,1.445
0.153798322274,-0.0627070001011,5.2,0.567
0.155104023503,-0.00882455256894,5.94,0.444
0.155140055629,-0.956822179935,6.04,1.001
0.155709718735,-0.837773864509,5.51,0.461
0.156701736193,0.230506808333,6.32,0.517
0.15721440904,-0.0972274148209,6.72,0.466
0.1573092705,-0.261328760911,6.45,1.063
0.15757856743,-0.398673923907,6.06,0.297
0.157683292839,0.94541780452,5.08,-0.098
0.158541232432,0.475685352945,6.51,-0.07
0.159068122385,1.05289106834,5.78,0.294
0.1598152486,-1.13663599728,6.43,1.26
0.159832715645,-0.857520804263,6.79,0.639
0.160457541142,0.776472319721,5.14,1.587
0.160463048098,0.959187038156,6.77,1.419
0.160520277603,0.265843759467,5.89,-0.146
0.160691112599,-1.33185342717,6.72,0.394
0.160922836075,0.588513566981,4.34,-0.123
0.161317681825,0.940678523846,3.69,-0.196
0.161965869238,0.419125746928,6.18,1.17
0.162767714453,-0.949351232776,6.4,0.995
0.16294223676,-0.432270357524,5.57,0.715
0.162986160301,0.617837852556,5.45,0.886
0.163660332483,0.0547221989713,6.43,1.339
0.166136632096,-0.00878824120996,6.64,1.301
0.168122139875,-0.35424212163,6.73,-0.129
0.168238397191,1.05286606346,6.77,1.725
0.168232680153,0.511586571622,4.34,0.871
0.168829057291,0.819550742705,6.72,0.96
0.169353609525,-0.438214106388,6.43,1.482
0.169388747849,1.0441633178,6.72,-0.019
0.1708889384,0.861400070766,5.45,1.644
0.171599655558,0.53862647692,3.27,1.268
0.171756809859,0.370890710826,5.88,0.85
0.173637607983,1.43978776419,6.38,0.551
0.173946760961,-0.781842796869,6,1.142
0.174210802307,0.374172325572,5.36,1.16
0.174371785116,-0.592739107943,6.68,0.519
0.174494761626,1.34165440629,6.73,1.199
0.176363429947,-1.03767859999,5.89,0.564
0.176611423145,-0.288270378084,6.49,0.91
0.176744881331,0.98676257631,2.24,1.17
0.176916353247,-0.415473464772,6.14,0.718
0.17695733622,-0.513490859691,6.75,0.996
0.17761431838,-0.0759539482589,5.9,1.091
0.179418898407,0.688683604888,5.3,0.891
0.179759830464,0.16327655595,6.52,0.528
0.179821489141,0.9110211286,6.74,0.072
0.180318627179,-0.804335102882,4.59,0.953
0.181402845652,-0.439762988232,6.55,1.244
0.181516882651,0.429857288344,6.06,0.298
0.182267240271,-0.986133986114,5.72,0.131
0.183509008696,1.1544932763,5.83,1.042
0.183542561629,0.881609886111,4.8,-0.105
0.1843184893,-0.206033839792,6.78,1.348
0.185319690411,-1.14263267764,5.38,0.515
0.185515883456,1.02544046069,6.18,-0.004
0.186298885621,-1.05178440687,5.99,1.318
0.186378720629,-0.671314412132,6.05,-0.024
0.1869497409,-0.173166178844,6.63,0.529
0.187095738616,0.290814862529,6.56,1.181
0.189167583107,-1.00291959247,4.36,0.024
0.189664667832,0.820733159628,4.95,0.17
0.19019464223,-0.313925470403,2.04,1.019
0.191265399366,-0.209645678397,6.01,1.107
0.192204328099,1.23610196277,6.75,0.921
0.192815348748,-0.185171586926,4.77,0.998
0.192863206884,-0.67058491761,5.9,1.144
0.193891755909,0.835384108277,5.66,-0.113
0.194283044171,-1.09078873117,6.06,0.446
0.194557377621,-1.36279127759,6.61,1.079
0.194832297155,-1.14580031565,6.55,0.655
0.195150533673,0.84272112975,4.48,-0.069
0.195214986232,-0.38407951452,5.22,0.35
0.196136591968,-0.744846458101,5.94,0.297
0.196338693895,-0.937501773673,6.15,0.524
0.19652441031,1.09133001213,6.62,1.33
0.197599408359,0.963795171471,5.41,0.022
0.198104006099,-0.0807940808419,6.15,1.652
0.198435814916,-0.224812537192,6.15,0.603
0.199193158652,1.30878877267,5.64,0.078
0.199382567751,-0.286656712497,6.47,0.314
0.199661395803,-0.829938707875,5.8,0.635
0.20149893231,0.782980830559,6.03,-0.063
0.201566927915,-0.39308474566,5.49,0.978
0.201807228849,0.965260984195,6.51,0.181
0.203109694696,0.270098505135,5.36,1.559
0.203500126825,1.20995663147,6.39,0.424
0.203800831139,1.03977185567,6.41,1.081
0.205182199533,0.208983093168,5.51,0.987
0.206066883884,0.341712819525,6.11,0.27
0.206554707702,0.423542155128,4.08,1.1
0.206794737714,0.117651883759,5.98,0.941
0.208219186272,-0.315229832711,5.7,1.3
0.208423470591,1.30633658302,5.42,-0.066
0.209062940209,0.365216181411,6.51,0.521
0.209516989106,-0.379129009705,5.57,-0.058
0.210090624138,1.2684089867,5.86,1.01
0.21070556763,0.127407778656,5.92,1.104
0.211110318964,0.0921641160815,5.74,0.89
0.211999052928,-1.30766067135,5.09,1.345
0.212417029898,0.132384604578,4.44,1.5
0.2124403218,-0.497339095075,6.78,0.348
0.213076409514,0.889562338424,4.9,-0.091
0.213565075032,-0.815027703215,6.28,0.897
0.213708900159,0.295670010159,5.07,0.502
0.214219875508,1.00906537698,3.46,0.587
0.21481684137,-0.421264391152,5.9,0.944
0.215665531807,-0.236688886435,5.59,1.325
0.21623397234,-0.407746328533,6.27,0.132
0.216509922639,0.833637796168,6.66,0.277
0.217354793113,0.716962246297,4.53,-0.136
0.21766868213,0.483635731304,5.55,0.398
0.217799264048,-0.00391194851914,6.64,1.37
0.218439888717,-0.757384250514,6.49,0.286
0.21871835623,-0.185778528698,5.17,0.514
0.219493267815,0.785437564979,6.13,0.043
0.221159744111,-0.889887807045,5.24,0.356
0.221336079759,1.12133127489,5.35,0.528
0.222244913801,1.36054570156,6.76,0.274
0.222336526853,0.898984757214,6.38,0.307
0.223720977885,1.07870935867,6.04,1.88
0.223862039781,0.059079743315,6.39,1.069
0.224986686252,0.900091193064,6.22,0.032
0.225066489286,0.223136337855,6.7,0.339
0.228675616625,-1.21306951955,6.67,0.518
0.229846967159,-0.418981017496,5.47,1.275
0.230657591277,0.702417699598,6.76,0.595
0.230774375102,0.672804027425,6.7,0.028
0.231292069314,-0.0199711070413,4.78,1.55
0.231564421269,1.06681452473,4.8,0.54
0.232161848591,-0.432438060273,6.44,0.439
0.233308464238,0.653070953075,6.07,1.139
0.233945068948,0.514685467146,6.7,0.872
0.234006629985,-1.09731209043,5.73,1.574
0.234261955332,-0.0789864169889,6.53,0.991
0.234715576226,0.919601648882,6.27,0.191
0.236898830312,-0.152553323219,6.15,0.911
0.238181186754,0.334901061781,5.8,-0.016
0.239459154114,1.46097035667,5.59,0.105
0.239844586249,0.412392244442,5.46,1.012
0.239952554041,-1.29682075435,6.68,0.987
0.239995439341,1.02926774188,4.83,1.216
0.240004876976,-1.21347653796,5.45,1.095
0.240361687678,0.849600449611,6.28,1.681
0.240849044942,-0.8273901777,6.73,0.5
0.241049691322,0.428601584558,6.19,1.546
0.243066197476,-0.128231938318,5.88,1.52
0.243834062705,-0.928384981933,6.61,1.093
0.244021455028,-0.484779850348,6.11,1.674
0.244237787091,0.474893283451,6.08,0.133
0.244454478536,-0.196637978794,5.35,1.505
0.245009398976,0.243507647675,6.46,0.962
0.245287929479,1.01223087608,6.2,1.376
0.246577255201,0.750121335514,6.53,1.028
0.247251813494,1.03290427405,4.62,0.957
0.247437951104,1.05970702895,2.15,-0.046
0.24763217011,0.671940321948,3.86,0.13
0.247760899068,1.05353023365,5.56,-0.054
0.248349142885,1.20036165714,6.39,0.375
0.249611333345,0.40871506008,4.4,0.94
0.250132415272,1.07201430562,6.44,0.94
0.251592295238,0.800048085747,6.1,1.028
0.252356532984,0.506009638387,5.44,1.076
0.252361144115,-0.030822183048,6.56,1.004
0.252673631745,0.239037938654,6.3,0.895
0.253791192611,0.688975186027,6.55,1.152
0.254106478347,0.592554718613,5.99,1.0
0.254446634635,0.37357890895,6.47,0.089
0.254487487542,0.119455776807,6.74,1.063
0.254687385357,-1.05934921231,6.23,0.096
0.255328888777,1.15805725646,5.97,-0.008
0.255716838932,-0.512384144746,4.3,-0.154
0.256262923313,-0.198618040166,5.62,0.949
0.256399509838,-0.10267451151,6.57,1.136
0.261049369818,0.113153625592,6.14,1.654
0.26205796744,0.780393306289,5.69,-0.01
0.263954632375,1.40578249605,6.67,0.393
0.264047385857,1.23888685926,6.4,0.135
0.267490940372,-0.679221534334,5.59,1.185
0.268129316684,0.864709763311,6.48,1.099
0.268355463235,1.21053456204,6.67,0.019
0.268648659731,-0.666973608187,6.61,0.905
0.268972907175,-0.283887806661,6.47,1.184
0.269331436192,0.441432494099,6.71,0.783
0.269493051815,1.00909169913,6.77,0.28
0.270658217041,-0.994879369778,6.12,0.935
0.27108204641,0.983120795824,6.71,1.109
0.271868945679,0.890727699253,6.48,0.122
0.272447712117,-0.550686374077,5.5,0.083
0.273645783853,-1.14242449089,6.25,1.634
0.274096367801,0.555089102244,5.5,-0.043
0.274103262249,-0.809785846064,5.39,0.9
0.274472365536,0.721609124961,5.95,0.161
0.274642745124,0.137708841861,4.27,0.952
0.27500010125,0.826869940744,6.46,0.248
0.275073805599,-0.0844146045654,5.4,1.106
0.276176853374,-0.515323262842,6.28,0.932
0.277580557671,1.06595674343,5.92,0.512
0.277582303444,1.02815979708,6.75,1.688
0.277756499258,1.47666860951,6.74,0.246
0.278454780203,0.0238559668815,6.06,0.271
0.279426406087,0.916335570034,5.99,1.447
0.280670923243,1.07477696123,5.83,0.569
0.281261221044,0.517643822427,6.2,0.443
0.28162213571,-0.585258555322,6.44,1.071
0.28190306061,0.697976542218,6.77,0.328
0.282655631256,0.890288625657,6.53,-0.081
0.283080572608,0.0987203891103,6.03,1.525
0.284005466403,0.260859239322,5.64,0.42
0.286298200002,-0.174172037502,6.09,1.012
0.286594218259,0.374777715528,5.33,0.003
0.286649198775,0.37464264622,5.55,-0.048
0.287196038449,0.085667252848,6.35,0.383
0.288347703729,-0.81539013749,3.32,0.885
0.288353704209,-0.171729125139,5.58,0.009
0.288539710458,-0.418747258928,6.12,1.076
0.288793822068,0.561672875829,6.28,1.308
0.289633505082,1.09539288061,6.52,0.214
0.289911535732,-0.622396015856,6.61,0.137
0.289993022643,-0.695623272787,6.64,1.548
0.290424717716,0.226125546311,6.14,0.962
0.291981515188,1.23798647055,6.63,0.164
0.292351975471,0.993702726755,6.41,1.188
0.293029974525,0.933719472162,6.31,1.499
0.293282153834,-0.418815028873,6.36,0.238
0.29369641826,-1.07818219281,5.36,0.884
0.295702933455,-0.170790072264,5.71,0.446
0.295822127163,-0.724083280994,5.21,0.159
0.296499428043,0.361965797837,5.56,0.121
0.296681540775,0.0347851414091,6.44,0.847
0.296765052116,0.766934184732,5.04,0.109
0.296802192622,0.558717065169,6.23,0.398
0.29779075758,0.958540767052,5.17,0.704
0.298294010586,0.172930657429,6.71,1.661
0.298320330575,0.0986079447161,5.51,0.334
0.298383846057,-0.96422041109,3.94,-0.12
0.299139084524,1.0168890214,5.77,-0.019
0.299279571919,-0.177714035124,3.46,1.161
0.299920739119,1.5054702291,4.24,1.213
0.301961947216,1.39646549885,6.24,0.922
0.303260002625,0.824524821676,4.26,0.012
0.303613420171,1.00094626729,6.65,0.439
0.303916280825,0.415287766854,6.65,0.342
0.304261792738,0.621696012069,2.07,1.576
0.304647371741,0.343103946214,5.57,0.697
0.304869431695,0.95537516762,6.75,1.14
0.305968953675,-1.00695756398,6.41,0.888
0.306264613817,0.273561364256,6.07,1.535
0.306301442696,-0.155441382911,6.4,1.029
0.306797457898,0.734460289824,5.67,0.603
0.30684714287,0.444321790589,5.81,1.466
0.30787260536,0.0426849878061,5.97,1.491
0.308289581771,1.20041338627,5.32,-0.014
0.309105447026,1.18298582529,6.55,0.553
0.310236844492,0.962547346574,4.34,0.17
0.310288136936,0.548465114097,5.15,0.261
0.310543516775,0.658410121748,5.8,-0.095
0.310565327201,0.80606027732,6.6,1.6
0.311653292724,1.12054810027,5.56,-0.052
0.311775322267,0.367123899456,4.66,1.024
0.311902855088,0.179627683503,6.49,0.891
0.312677919471,0.525163256539,4.51,1.092
0.312805377746,1.13479307192,5.57,-0.072
0.312959989782,-0.0392887371748,5.93,1.403
0.315363928223,1.39057297971,5.6,0.008
0.315854673624,-0.537598549642,6.54,0.468
0.316387754452,0.0431371844091,6.55,0.454
0.316637296381,0.791289187724,6.13,1.652
0.317462228062,-0.660720194876,5.95,0.281
0.317628024977,-0.118392227044,6.59,0.934
0.318484184176,0.524719787523,6.24,0.98
0.319237755002,1.07697615263,6.4,0.018
0.319699610882,0.595129408257,6.73,-0.144
0.320905542464,0.518995102746,6.74,0.993
0.321713994387,0.132214864533,5.21,0.32
0.321791156186,0.429066736125,4.67,1.047
0.321814341681,0.132265609537,6.44,0.492
0.323242394081,0.497935015164,6.33,1.684
0.323440805336,0.281582320413,5.97,-0.082
0.324634083229,-0.138279394724,5.14,0.448
0.325968734223,0.122088156469,6.04,1.081
0.326461799772,-0.0169959245651,5.7,0.428
0.328045925613,-0.794677453936,4.97,0.571
0.329841693873,0.0159253476888,6.71,0.129
0.330575186778,-1.20211170627,4.25,0.48
0.331978362805,0.449760136912,6.76,2.608
0.33247800755,1.25216626794,5.87,2.042
0.332489223807,-0.733207864147,6.58,1.189
0.332531303636,1.52097583424,6.2,1.114
0.332988363521,0.577960895503,6.04,1.163
0.333393535975,0.83919349371,6.61,-0.04
0.333632045644,0.411713723786,6.69,0.046
0.333741638736,0.749434251578,6.59,0.594
0.333867676753,1.39469282685,6.27,0.44
0.334251497579,-0.0436396578355,5.42,0.888
0.335903607484,-0.0397788456624,6.52,0.563
0.33624583202,-1.15886116999,6.23,0.052
0.336343920449,0.783687603577,6.11,1.59
0.337183481077,0.689065427647,6.69,0.023
0.337729740772,0.554048088838,6.36,1.132
0.339013818042,0.778973847154,6.78,1.57
0.3390567513,-0.133683580886,6.8,0.273
0.339269435018,0.988407775687,6.68,1.021
0.339463327662,0.0630843320378,5.13,0.071
0.341077067764,0.827629999134,6.29,1.357
0.341349138205,1.00885555867,6.39,1.589
0.341696742692,1.18361983275,6.68,0.02
0.343550759963,-0.756302062713,6.78,1.491
0.343757909208,0.652513588944,6.44,0.233
0.34673824686,0.475847589066,4.74,0.032
0.346836531522,1.41187036495,6.7,0.022
0.348214653953,-0.00888422607884,5.87,0.635
0.34890308045,-0.276011896193,6.7,0.584
0.349283224733,-0.172504612769,6.65,0.405
0.349423416428,1.0163333351,4.95,0.683
0.350479585905,1.35386380942,6.31,0.912
0.351088116033,-0.196157544041,6.16,1.102
0.351579994127,-0.0566706627404,6.26,1.013
0.353808799697,1.12849727183,6.33,0.113
0.353965176277,0.50157633335,5.23,1.396
0.354702998288,-0.107503945801,6.78,0.966
0.354768336972,-0.868153671212,6.75,0.444
0.355218712703,-0.889017224955,6.6,1.085
0.357206648773,0.874793640551,6.54,1.104
0.357718238278,1.33061814953,6.37,0.283
0.358464852773,-0.646672012132,6.71,0.264
0.358707882989,0.760686332538,6.69,-0.131
0.359276883387,0.794627076337,4.87,1.077
0.360009267754,-0.333029897257,6.35,0.493
0.360325406625,-0.0078482739333,6.5,1.079
0.360479790467,0.0301301833788,6.21,1.482
0.360923086428,-0.638729869955,6.71,0.99
0.361690596438,0.198382920749,6.77,1.123
0.363404608938,-0.585523452169,6.8,1.524
0.363471206424,0.637300562021,6.8,0.031
0.363708393628,1.01478667625,6.36,0.457
0.363970174866,0.357250872483,5.97,1.677
0.364407221047,-0.540102911163,5.84,1.612
0.364696168426,-0.425035910953,6.66,0.24
0.364879050324,0.597703484612,6.28,0.829
0.365108587781,0.658249924848,5.6,0.276
0.365560175013,1.37402888444,6.07,0.389
0.365854969798,0.310988762519,6.59,0.403
0.366621351027,-0.142824770097,3.6,1.065
0.366703719786,-0.139755772371,6.21,0.235
0.367877261096,0.752971630998,6.69,0.035
0.368010163178,-0.120683514803,5.92,0.407
0.369423086545,-0.273326729484,6.17,0.924
0.369450556923,-0.595854768905,6.69,0.999
0.369484975039,-0.724181587039,5.42,1.03
0.36956740697,-0.777170244971,6.26,1.122
0.370059310725,-0.0497172736419,6.17,0.959
0.370925046079,-0.103784745553,6.76,0.233
0.371267091051,-1.1234593244,5.92,1.561
0.37347691129,0.410353423098,6.18,0.447
0.373590202598,-0.254797061766,4.9,1.231
0.37425007879,1.23883273677,6.34,-0.011
0.374429587277,1.05130401557,2.66,0.16
0.374690502815,-0.0685458985259,6.5,1.348
0.374894961506,-0.148429670595,6.57,1.108
0.374951114559,1.18909303674,4.72,1.047
0.375882502586,0.603529624622,6.34,0.5
0.376355743112,0.334620555999,5.35,0.395
0.37660293664,0.758480631639,5.98,0.52
0.376961632649,0.350301616183,6.44,0.947
0.377234551726,-0.00696445500073,6.42,1.241
0.378276597845,0.335808712603,5.5,1.106
0.378429337328,0.475542315868,6.75,1.015
0.37899569038,-0.227879122785,5.51,0.321
0.379140203466,0.0617086258712,6.59,-0.06
0.379468024781,-0.728629828307,6.67,1.349
0.379470571997,-0.567985669534,6.57,2.45
0.379961543123,-0.527716158102,6.71,0.976
0.380067886146,0.600001470972,6.27,0.453
0.381304244581,-0.389875694683,6.43,1.122
0.381548682425,0.717350528531,6.42,0.311
0.382466605943,0.792496191515,4.83,0.421
0.38271580371,0.557921534962,6.78,1.021
0.382993666757,-0.190268500169,6.13,1.32
0.383018843531,0.703992570179,6.59,-0.03
0.383931948292,-0.384617078377,6.57,0.921
0.384872430543,0.768804354358,6.65,-0.06
0.38556730351,-0.756045806307,3.41,1.542
0.385638788844,0.138951822602,6.22,1.114
0.385743871188,0.298089299105,6.6,0.526
0.386470351809,0.737710322605,6.66,0.505
0.387135513042,-0.589292479443,6.59,0.303
0.388152040423,-0.313065892076,6.66,0.457
0.388560966326,0.127305892232,6.54,0.352
0.390046909775,0.441138118107,6.66,1.199
0.390556581538,-0.816053505718,6.25,1.658
0.390963399315,-0.377503178404,5.11,0.028
0.391330008029,0.39839221611,6.77,0.097
0.3914491634,-0.447114067706,6.37,1.141
0.391732560443,1.13744965643,6.71,1.334
0.392179957972,0.320366859008,6.01,0.162
0.3922404721,-0.0976667712314,6.69,0.411
0.39314285815,0.820431697826,5.27,0.999
0.393507319168,0.107229895353,4.84,1.372
0.394364576534,-0.45741329261,5.92,1.327
0.396484685378,1.15362925373,6.15,0.07
0.398051332187,1.22634868299,5.82,0.489
0.398157754458,-0.856480224651,3.93,0.972
0.399171986497,0.267835137434,3.62,0.974
0.399235385367,-0.523336705443,6.62,0.9
0.399899195763,-0.79544623353,6.17,0.066
0.400207558074,-0.52853947738,5.79,1.073
0.401652861237,0.295784954114,6.78,0.929
0.401976812211,0.607373921319,6.39,-0.103
0.404071066025,-0.867912314685,6.27,0.462
0.404895210592,0.625572751913,6.6,1.08
0.405501956818,-0.643419659423,5.49,1.021
0.406045421079,-0.157335539415,6.6,-0.04
0.407118263336,0.143269502642,6.31,0.8
0.407658735352,1.01800401932,5.69,1.435
0.40864294664,-1.37016758352,6.11,0.97
0.408904185916,-0.122615327903,5.75,0.639
0.409319984984,1.55361599328,6.46,0.107
0.409854274343,1.03379412468,4.68,0.991
0.411359891356,0.649910809155,5.9,-0.067
0.412600048821,1.20337200256,6.52,0.686
0.412899567287,-0.273604082265,5.62,0.066
0.413718392246,0.352080549497,6.65,1.086
0.413720473878,0.322196717595,5.9,1.536
0.413846049849,-0.556625937992,6.11,1.109
0.413884337113,-0.0615034737774,6.44,1.341
0.413902609924,-0.413637472342,6.41,1.306
0.414377510134,0.578015760227,6.74,0.634
0.415597453044,-1.01472525702,6.03,0.382
0.416281985636,1.10098803504,6.73,0.985
0.417893107018,0.255890095175,6.23,-0.036
0.418184384525,0.590537851744,6.53,0.99
0.418193545892,-0.697208877518,6.43,0.415
0.418337101318,0.716918778271,6.39,1.122
0.418497390394,0.304277927633,5.95,0.259
0.418803995942,-0.268783897041,5.41,1.226
0.419086110699,0.133435668123,6.78,0.465
0.419497075969,-0.521981150631,5.69,0.335
0.420857400989,0.850372861148,6.2,1.237
0.422044314471,0.136685965306,6.39,1.605
0.422135776808,-1.01702021179,6.18,1.607
0.422360683374,0.7226615841,4.1,0.536
0.423672687652,0.211909757515,5.54,0.347
0.424856318764,1.29679629346,6.58,0.008
0.425264021591,-1.47950850422,5.66,0.939
0.425984159998,-0.164126954399,6.24,0.528
0.426215149291,0.210807533556,6.77,0.648
0.426355065914,-0.998969869242,0.45,-0.158
0.426474816183,0.844961841285,6.77,0.471
0.426674769307,1.12991493503,6.49,0.776
0.427028894374,-0.0600511565436,6.43,1.568
0.427245792112,-1.44818686476,5.88,0.62
0.427572059451,0.848722428009,3.59,1.275
0.428155839415,1.01190055899,5.55,1.388
0.428524967479,1.08824389806,6.72,-0.015
0.429604532071,-0.637538243658,5.94,1.045
0.429842197957,-0.749233236183,6.67,0.33
0.429855264006,1.27478917977,5.28,0.972
0.429920273352,0.792374356029,6.38,-0.021
0.430316001163,0.373469413134,6.66,1.429
0.43124140017,-0.436719735596,6.69,-0.078
0.431371457393,-0.371325503901,5.58,0.346
0.433075381329,0.290169486672,6.74,0.867
0.433091789456,0.249329998844,6.74,1.12
0.43349666679,0.774684713197,5.01,0.883
0.433535307198,-0.585815878875,6.55,1.152
0.434584265764,0.800718155667,6.6,0.69
0.434937210931,0.286336235611,5.98,1.119
0.435416734704,-0.980812209263,5.76,0.88
0.436647473222,0.710065607195,6.67,0.998
0.437285523201,0.94017880659,6.35,1.608
0.438864049161,0.708203107102,4.96,-0.068
0.438872215944,0.152904269903,6.34,0.401
0.439213935298,0.755687194369,5.63,0.214
0.439703767493,-0.0457606374616,6.74,1.21
0.440190108263,1.36081557363,6.73,-0.015
0.442031353821,0.449347450427,6.2,0.459
0.442246063091,-1.38139668422,6.33,0.947
0.442578719766,0.0957769181405,4.45,1.347
0.442681934817,-0.665543378778,6.2,0.404
0.443549061388,0.524421167262,5.97,1.015
0.443692328438,-0.873338989316,6.63,0.127
0.443955991514,-0.197652757231,5.75,0.443
0.444111922014,0.743743593397,4.96,0.618
0.444183358416,-1.06097412291,5.7,1.264
0.445270222399,1.06531824077,6.69,-0.026
0.445276984211,-0.642844988434,5.7,-0.01
0.445312306031,0.615153634469,5.63,-0.059
0.445684510319,-0.564212067222,5.25,1.044
0.446345781862,1.0232470723,6.35,-0.027
0.446547968717,1.18757474936,5.57,-0.049
0.447185962067,-0.937954495766,5.52,0.551
0.447224150708,0.353752135881,5.24,0.836
0.447754625189,0.704717884889,6.71,1.356
0.448223101945,-0.0644061474408,4.98,1.378
0.449114926312,1.23259559822,5.18,-0.022
0.449300004659,1.07199995363,6.33,0.013
0.450619983243,0.791029444651,6.33,1.02
0.450858206656,1.05682011759,5.78,-0.01
0.450980559851,1.04078796428,6.57,1.075
0.452056370645,0.899120977591,6.66,1.614
0.452242176987,0.923031003677,6.76,0.433
0.452304207502,0.884685273496,4.01,-0.098
0.452916897817,1.30209423336,6.59,1.035
0.453068916049,0.561856648541,6.32,0.879
0.45340716874,-0.0831739179971,6.2,1.537
0.454085440334,-0.278161501328,3.49,0.727
0.45509031907,1.00420340187,6.18,0.131
0.455443956502,0.567509116236,6.73,0.247
0.455714836385,0.805289534642,6.32,1.419
0.456182081494,-1.06497731047,6.79,-0.067
0.456400175425,0.0562643422193,6.73,1.605
0.456961867603,-0.118091840196,6.45,0.864
0.457142562975,0.996394959055,6.25,0.062
0.457845407925,0.35051708223,6.27,0.72
0.459867349269,0.159832641002,4.26,0.942
0.460966722333,-0.437250528446,5.29,0.395
0.461241942439,0.149386885347,6.55,-0.026
0.462458469391,-0.100064946485,5.37,1.517
0.462588717338,-0.477327150044,6.38,0.366
0.462945054109,-0.88691097225,5.49,1.615
0.46296404616,-0.934135769453,5.04,0.031
0.465079216782,0.303908877057,6.55,0.256
0.466756100007,-0.242403790756,6.7,0.07
0.468090105296,-0.728848206421,6.18,1.544
0.468181087147,1.0126613405,6.76,1.074
0.469699620402,-0.363816885983,6.55,1.389
0.470104707258,1.11443637918,5.63,0.804
0.470267877128,-1.39934060882,6.05,0.338
0.470349405361,-0.648555325608,6.33,1.016
0.470366979688,0.806861342775,6.33,0.461
0.472034132072,0.295930187373,5.86,-0.039
0.473131013998,0.0643231770068,5.91,0.97
0.474068302387,0.662402542931,5.94,0.975
0.474262788114,0.570551792943,5.78,0.572
0.476733025243,0.835959021853,6.01,0.17
0.477013917103,-0.542316792101,6.35,1.222
0.477300874464,-0.18681236224,6.72,0.654
0.478155072484,-0.18651304553,4.66,0.333
0.479155695085,-0.670255241527,6.37,0.523
0.480588910528,0.38877799372,5.83,0.743
0.481430775132,-0.834553469784,6.14,0.998
0.483745164938,0.192743309994,5.92,0.302
0.483925312055,-0.876262404411,5.94,0.154
0.484118882056,0.906409123352,5.96,0.419
0.485017055379,0.358043337816,6.7,0.33
0.48555969061,1.13193245301,6.54,2.215
0.48624540071,-0.695268226804,6.44,1.094
0.486338411094,-0.180380435702,3.74,1.136
0.4870777622,-0.119976422335,6.42,1.233
0.487681219292,-0.273100051641,6.44,1.608
0.487759648062,0.319220711963,6.59,1.102
0.488642351538,0.962503436025,5.53,-0.175
0.489373214126,0.88650148836,5.7,-0.067
0.489445202546,0.420927046627,6.74,1.136
0.491219386843,-1.18585529874,6.77,-0.05
0.492381319648,0.898405375839,6.28,0.05
0.492481862541,-0.295471147357,5.78,0.26
0.493412345903,0.51624795859,3.42,0.488
0.494316972757,0.710868931104,5.42,1.311
0.494739156335,-0.673603395423,6.09,1.125
0.495368912516,0.336741238059,3.88,-0.047
0.495480817958,0.0556330068666,4.61,0.928
0.49587464113,-0.808134017843,4.39,1.597
0.49658192331,0.970361862373,6.44,0.185
0.497250446988,0.185249710506,6.77,0.468
0.499021650105,-0.741711697217,5.12,-0.06
0.499029576093,0.153258193417,6.6,1.681
0.49914249963,1.11125290442,3.35,-0.15
0.50021174201,0.363168721574,2.64,0.165
0.500413365507,1.36478593141,6.67,1.011
0.501329495593,0.710384511421,6.25,1.262
0.501495572011,-1.18066817104,4.68,0.931
0.501611636493,0.648010907632,6.28,1.169
0.503212453958,-1.05265142639,6.43,0.409
0.505161863108,-1.06222440054,6.07,0.356
0.505289428548,-0.961190755419,6.72,0.17
0.505440861808,-1.36744013256,6.15,0.448
0.5054938246,0.4115018893,5.76,1.185
0.505696917214,0.0322882746928,6.01,0.549
0.505743992608,0.650620097019,5.89,1.599
0.505944033016,-0.900745155623,3.69,0.844
0.506146342261,1.19878361524,4.97,-0.084
0.506824452989,0.650167078119,5.69,1.06
0.506829339168,-0.869810066103,6.37,-0.081
0.508664051782,-0.560919672476,6.52,0.987
0.509068542447,-0.393166565696,4.92,1.434
0.510498592786,-0.90349139785,6.1,0.487
0.511207653607,-0.178764081714,6.42,0.817
0.511239820115,-0.827029105118,4.82,0.864
0.512039851199,0.310974593193,5.09,0.921
0.513689895444,0.485277990361,5.84,1.576
0.514366804515,1.31486251178,6.62,0.962
0.514388953863,-1.14187642674,6.36,0.906
0.514561026036,0.411828954014,4.79,0.29
0.514607805348,0.727707347683,6.77,-0.073
0.514816441402,0.821971894657,6.48,1.203
0.51482920204,-0.0359447015419,6.52,0.174
0.516218604434,1.04066917364,6.65,0.08
0.516812420745,-0.577124305453,6.37,1.006
0.517288347506,1.07682954997,6.02,-0.042
0.517308553557,0.858777951026,5.7,1.005
0.518219158261,-1.07459675972,2.86,0.29
0.518217125083,-0.197238879003,6.46,1.128
0.51883386566,0.320409142889,6.79,1.202
0.519287537221,-0.40002604967,6.62,0.478
0.520659187089,-0.461329512735,6.79,0.023
0.521117867127,0.214586063284,6.09,0.186
0.521492517376,-0.242120102029,6.8,1.578
0.521829977905,0.367541376256,5.89,1.031
0.521999641982,1.12785972035,5.29,0.002
0.522058869336,-0.733571165939,5.57,1.052
0.522224293321,-1.15307896399,6.09,1.176
0.522595118612,-0.363456762198,5.43,1.64
0.523482867875,0.105339119724,6.75,0.999
0.523620763443,-0.367877558592,3.99,1.554
0.524264877205,0.0540531081105,5.89,0.61
0.524825820617,-0.960154402227,6.51,0.97
0.52554935619,-0.148769650578,5.43,1.391
0.527122623484,1.04648781286,6.72,0.137
0.529033507664,-0.523630718002,5.34,0.883
0.530389897946,0.40832761689,6.61,0.339
0.531044335006,-0.78039794973,5.15,1.471
0.531627911231,0.262970259146,6.54,1.15
0.531767248148,-1.29932309674,6.8,1.63
0.532144923742,1.23756096152,4.49,0.164
0.532530499202,0.0482367021831,3.82,0.024
0.532901218806,0.495677238865,6.57,1.007
0.53300023528,1.31776139612,6.64,-0.03
0.533641246412,0.950986993768,4.99,-0.071
0.534380944563,-0.51776312915,6.4,0.135
0.534876350606,0.235213065318,5.97,1.584
0.536087895363,-0.416900313175,6.3,1.34
0.536142342766,1.1327442661,6,0.029
0.536473404895,1.35989533262,6.04,1.107
0.536512103609,0.192313572096,6.53,1.297
0.536540208685,0.580917744657,5.5,0.029
0.536584641831,-0.267138908477,5.87,0.966
0.536702415427,1.12381782028,5.59,0.325
0.537451695265,1.28893559702,6.12,0.162
0.537535950648,0.00224286623682,5.42,0.146
0.538591491467,1.2639900329,3.95,-0.002
0.539549318648,0.452659366244,5.64,0.537
0.539633133828,-0.0716198695364,5.61,1.589
0.539787328057,0.318579100063,6.24,1.424
0.540191860778,-0.00593849692937,5.96,0.851
0.540611676505,0.738793066882,2.1,1.37
0.541958731013,-0.206992035899,6.43,1.498
0.54200868828,0.907008995449,6.66,-0.037
0.54319281281,-0.511325948723,4.68,-0.156
0.543603607103,-0.957866171652,6.45,0.386
0.543953454897,1.13627047381,6.52,0.003
0.544761610122,0.135012806819,6.44,1.114
0.545694068203,0.970791515737,6.53,0.303
0.545934220304,1.34881384745,5.27,0.345
0.547711273886,1.32845841379,5.22,0.954
0.548940167565,0.122668990459,6.79,0.376
0.550558932522,-0.1793538324,6.74,0.311
0.550670524316,0.143956751035,6.27,1.636
0.551910058168,0.000617572040926,6.29,0.897
0.552245769725,0.395287699624,5.03,0.121
0.553352629706,0.510847480442,6.75,0.186
0.553359094762,0.448629090196,6.01,-0.03
0.553563726306,-0.334036278496,6.39,1.143
0.554063991255,-1.15097053844,6.71,0.883
0.554326854317,-0.150209317328,6.64,0.932
0.554898130995,0.409496533262,2.01,1.151
0.557484583153,0.314673139449,6.63,0.22
0.558919002898,-0.730951221087,6.5,0.205
0.560631447197,0.660765549739,4.78,0.12
0.560817633218,-0.116552959029,6.51,0.879
0.560945640412,0.775963411084,6.38,0.965
0.561456434215,1.01968419585,5.66,0.595
0.561825944609,-0.310304800845,6.07,1.661
0.563441350758,1.24881809346,6.57,0.551
0.563545231784,-0.759507875298,5.84,1.197
0.564549044676,0.3006189339,6.4,0.471
0.564710822643,0.452736525858,4.98,0.339
0.56471758574,1.41888191546,6.05,0.118
0.565239979426,0.610643527059,3,0.14
0.565399635398,-0.424914107963,6.48,0.289
0.566392811852,-0.713254989901,6.49,0.43
0.566603361346,0.0657875102602,6.79,0.24
0.567581038968,-0.764726036402,6.32,0.899
0.56779491095,0.939739224956,6.31,0.948
0.568977439674,-1.33733593212,6.66,0.335
0.569066240778,-0.887041332962,6.12,0.812
0.569085426713,1.04684530602,6.66,0.334
0.569965901033,0.340345096386,5.68,1.641
0.571073890055,0.681368263096,6.09,-0.054
0.571891779536,-0.263036208526,6.74,0.079
0.572471998572,0.452684973173,6.01,1.365
0.573128320127,0.149571310954,5.64,0.569
0.573211699901,-0.175443323388,6,0.418
0.57341478071,0.550239441001,6.24,0.112
0.573718370457,1.00610453307,6.38,0.298
0.573944671434,-0.331206934613,6.65,0.957
0.574031631566,-0.309673633559,6.51,1.622
0.574201321913,-0.0318597540806,5.94,0.967
0.574752675244,0.0602612145798,6.67,0.178
0.577105293111,0.0479189094175,6.49,1.039
0.577579351015,0.528888285338,4.94,0.77
0.578688381419,0.421807303595,5.96,1.366
0.57941597392,-0.0417768501411,5.65,0.546
0.579455028293,0.370201665654,5.23,0.457
0.579592494553,1.39087975132,6.46,0.24
0.579919747893,-0.536231906688,5.27,-0.013
0.580321659292,0.154404344135,4.36,0.878
0.580393598375,-0.366521542336,5.86,1.006
0.580562184455,0.2666838577,5.72,1.551
0.581291270972,0.771987959077,4.84,1.476
0.581854428766,1.29202746363,6.25,0.915
0.58248602717,0.0874884125404,6.51,0.356
0.582758954481,0.926047067731,6.5,1.661
0.582956140396,0.891266662884,5.31,0.926
0.583348038606,1.02207503809,6.43,0.554
0.584216558269,-0.158207647093,6.43,1.415
0.584865700947,0.828756350486,6.05,0.406
0.58574103259,-1.18405651305,5.57,1.556
0.58606210369,-1.33269046242,6.57,0.895
0.58680148487,1.16107030914,6.05,0.641
0.58700873267,-0.718495583042,5.91,0.965
0.587446457819,0.500755640938,6.35,0.957
0.588504283894,0.851413312898,6.74,1.089
0.589747243913,0.0125692569772,6.76,0.122
0.59082210287,0.423614022103,6.8,0.69
0.591107460296,-0.165222080923,6.55,-0.005
0.591127271536,-1.18239713963,5.67,1.306
0.592159863664,0.437083561568,5.57,0.52
0.592396649523,0.449997148081,5.79,0.439
0.593141886621,0.582222552495,5.25,-0.004
0.593246149741,0.83447573006,6.37,1.029
0.595633835724,-0.899056877024,3.56,-0.12
0.596706602732,1.45842180316,6.45,0.951
0.597172888821,0.995801893336,6.48,0.281
0.59770573408,-0.112087072099,5.51,0.962
0.597999933675,0.597325516811,4.84,0.607
0.598534620036,0.414826924578,6.53,1.025
0.599146943136,0.590744969281,4.03,0.019
0.599219146468,-0.628021077567,6.7,0.989
0.60194433778,0.50627205475,6.68,1.715
0.602128147785,1.0105425038,5.75,1.175
0.602243292734,0.0306794300515,5.6,0.588
0.602472504162,1.00384917922,5.99,1.039
0.602686698291,0.347340828179,5.58,0.011
0.60628321807,0.499908967303,5.29,0.037
0.606352655145,0.404354655602,6.45,0.376
0.60639419621,-0.452837669354,6.33,0.724
0.60682575491,0.997202541582,6.57,0.464
0.607289478072,0.81109395737,6.21,0.164
0.607515815519,0.997791325913,6.65,0.5
0.607724559607,0.826936528928,5.31,0.006
0.608013998211,-0.0519696670283,6.47,0.966
0.608153281118,0.854434021567,6.44,0.427
0.608302905167,-0.730391799327,6.36,1.162
0.609212688921,0.695250965044,6.63,-0.082
0.609467318661,-0.0758445551311,6.5,0.082
0.610447833262,-0.976420891299,5.81,1.57
0.611189312027,0.52688152326,6.51,1.223
0.611517060895,0.889386616751,6.64,0.521
0.611800617827,1.12289159098,6.59,-0.023
0.612528828188,-0.991069598858,6.69,0.948
0.613883926476,0.825729298092,6.17,-0.094
0.613986411395,0.975797508003,6.76,0.316
0.615097336639,0.875308199186,5.57,-0.089
0.61622954095,-0.347588474932,6.53,0.979
0.618500600971,-1.19833290704,4.08,0.034
0.619259958095,0.999077350369,6.4,0.569
0.619346606132,0.00690583911165,5.29,1.648
0.619703151684,-0.188103445872,5.43,0.364
0.619954214639,-0.30826300752,5.89,1.231
0.620073388101,0.399219518455,6.57,0.796
0.620445470239,-0.75397894483,6.3,0.991
0.620493386539,-0.0154435825266,5.42,0.335
0.621150632272,0.974690524519,5.16,0.369
0.621957971399,-0.415673305229,5.19,0.608
0.622005897956,0.294441891144,6.78,0.152
0.623251166347,0.722501684297,5.81,0.289
0.623404447855,-1.28536155173,5.99,1.088
0.623567397084,-0.891725867777,5.9,0.213
0.623782417023,-0.320354877444,6.22,0.942
0.624435064686,-0.655827439171,6.47,1.592
0.625421162286,0.909021577861,6.64,0.216
0.625652110341,-0.471158174022,6.8,1.097
0.626047885223,0.618563170266,6.75,1.157
0.627718240643,0.966299115342,6.29,0.845
0.628518835126,0.734823663855,6.72,1.545
0.629014364403,-0.283691038936,6.68,0.311
0.629781362507,-0.451123265867,6.45,1.321
0.630129911016,0.872778876745,5.19,0.979
0.630779446636,-0.712800466545,6.17,0.653
0.631885991728,0.185189294072,5.48,-0.098
0.632242101701,-1.05264206087,5.36,0.395
0.632564708086,-0.048520690283,6.34,-0.011
0.633847509456,0.988027792426,6.25,0.249
0.634606967154,-1.16053967967,6.39,1.511
0.6354027362,0.877527653256,4.73,1.532
0.636827403248,-0.214509335329,4.88,-0.027
0.637070642317,-0.267755266259,5.88,0.116
0.638226500041,0.109825753425,6.79,0.399
0.639606037859,-0.349809654945,5.89,1.247
0.640364707952,0.184399290672,6.7,0.333
0.641344257151,-0.832589074771,4.24,-0.136
0.641934951117,0.471455228926,6.14,1.461
0.64310960202,0.177994372828,6.45,0.45
0.643428291951,0.555037045571,5.55,1.114
0.64517313454,0.882612555579,6.16,0.435
0.645766552184,0.0342232157706,6.45,0.971
0.645895509337,-0.590113953835,5.13,0.089
0.646088830502,-1.12224266411,6.35,-0.025
0.646465750812,0.147655788589,4.3,-0.053
0.646497711742,0.517827501988,5.29,0.311
0.648348677051,-0.542840066704,6.11,1.106
0.649298877926,0.522407766385,5.89,0.591
0.6504239886,1.17639509213,4.46,0.153
0.650679222607,0.651526803603,6.78,0.169
0.651129780194,0.40961178361,6.2,0.155
0.651949208656,0.969289563312,6.52,0.091
0.652706387946,0.166951724267,6.09,1.022
0.653489661977,0.80340672684,6.71,1.115
0.654160423917,-0.395896471263,6.76,0.193
0.654193623525,0.683070750808,6.78,1.075
0.655496266543,-0.439586339064,6.5,0.294
0.655628877828,-1.00896489262,6.76,1.591
0.655705617635,0.59050958823,6.26,1.079
0.656851035964,0.440434471222,5.88,0.412
0.656883329131,-0.393490037026,6.17,1.581
0.657292094117,0.346540369292,6.14,0.247
0.657785727491,0.00446366273458,6,0.168
0.658454358324,0.308990575646,6.21,0.908
0.660827163682,1.01272362038,6.61,1.401
0.661050405082,0.0395697838196,5.27,1.271
0.661785272643,-1.38071918056,5.27,0.981
0.662287074865,1.55795261298,1.97,0.636
0.663605452277,-0.266069803129,4.74,0.454
0.663673358582,0.63088889798,5.15,1.472
0.663910219111,-0.0180623439015,5.36,1.004
0.664051746275,-0.569087854869,6.59,1.214
0.664094290659,0.967926429888,6.76,0.363
0.664298026947,-0.635776451735,6.28,1.027
0.667052192985,0.602878779665,5.84,1.083
0.66716234632,0.262402471918,6,0.572
0.668099582447,-0.604756006036,5.91,1.064
0.668962363985,0.912963476151,6.66,0.193
0.670030091996,-1.09234402076,6.79,-0.048
0.67051361896,-0.349099378757,6.19,1.1
0.671275806675,-0.49274734839,4.96,-0.05
0.671320427246,-1.06434895477,6.73,0.441
0.671559975632,-0.891750609301,6.24,0.509
0.671834672573,1.24431949362,6.55,1.245
0.672555785296,0.676053815994,6.69,1.097
0.67298422263,0.589795783808,6.7,1.26
0.674174008449,1.33898432376,6.75,1.733
0.675051524847,-0.137173195046,5.74,1.393
0.676615705242,0.130393426985,6.17,1.053
0.678343837466,0.692274034435,6.36,-0.095
0.679132464397,0.651221836247,5.72,1.389
0.679500865321,1.19324237273,6.64,0.422
0.679719121334,0.605412103035,5.38,1.652
0.679960234833,0.60607143996,6.73,0.2
0.680130965452,0.0976205634936,4.87,0.88
0.68068193392,-0.136687155153,5.53,1.607
0.681033735136,0.120198561577,5.79,0.918
0.681352332382,-0.524383781922,5.74,1.017
0.683228834353,0.134914405246,5.81,1.04
0.683309195336,0.740028774581,6.8,-0.067
0.683435424997,0.21725227923,5.64,0.516
0.683808051623,0.551657859938,6.07,1.052
0.68483546977,0.676028517231,5.91,0.502
0.684940660965,-0.603499545118,5.78,0.653
0.685079232098,0.430175177467,6.48,0.51
0.685211685342,0.598024294083,6.78,1.292
0.685518849475,0.574057846331,6.23,0.515
0.686557121386,0.696318298973,6.54,-0.114
0.686811040055,-0.917049846458,5.3,0.289
0.687070463722,1.46318921581,6.67,1.36
0.687662039839,1.14747258357,5.8,1.561
0.688081528306,-0.0592744306537,5.65,1.021
0.68827203287,-0.401284375703,6.77,1.036
0.689459804491,0.134307896248,6.4,0.431
0.689555678027,1.27091824511,5.17,0.896
0.690702118057,0.658455392286,6.19,0.49
0.6907615527,-0.526985804896,5.84,0.476
0.691209780501,-0.663060095841,6.48,0.521
0.691437733661,0.664780925666,6.29,-0.029
0.691835215375,-0.357028976212,6.71,1.526
0.692081504076,0.0600952598243,6.21,0.999
0.692968058658,0.383298882592,5.45,0.168
0.693273836468,-1.2335960641,6.7,1.431
0.6936458553,1.09242790522,6.66,-0.015
0.694019573325,0.185651109388,6.68,1.106
0.694316291322,-0.923886659303,6.78,0.387
0.69441790988,-0.171586991576,6.65,1.008
0.695874167562,0.00573359167437,4.08,-0.212
0.696074391903,-1.121927645,6.55,-0.073
0.69622871287,-0.207208209553,4.83,0.447
0.696333620613,-1.19148298024,4.12,-0.061
0.697257074416,-0.748600860287,4.74,0.061
0.698311518494,-0.534658606297,6.52,1.039
0.699035118785,-0.164983792124,5.79,0.524
0.699272913298,0.106673538224,6.26,0.397
0.699654300695,0.864989597787,6.6,0.087
0.700064500453,-0.252185245316,6.71,0.261
0.701011419718,-0.952075560713,5.21,0.411
0.701041347073,-0.695607525796,4.11,1.006
0.701042497744,-1.2083438693,6.58,0.66
0.701118456743,0.472302547326,5.3,0.081
0.703513024697,-0.012141435376,5.72,0.511
0.704695433673,0.0095298161153,6.69,1.119
0.704976961836,-0.253932768352,5.98,0.429
0.70600941967,-0.0560915154165,6.07,1.175
0.706865150746,0.184041652113,6.52,1.264
0.707338565938,-0.669921704646,5.99,0.917
0.707472196788,-0.812004680319,6.09,0.876
0.707943287627,0.70151665804,4.91,0.582
0.708453768159,0.349265950231,5.74,-0.017
0.708962617438,0.187478461617,6.32,0.064
0.709283853226,-0.886632386849,5.4,0.561
0.710529508837,-0.491333317399,6.79,0.8
0.711185359644,0.934206770096,5.85,1.125
0.711356579255,0.842387442891,6.3,1.14
0.711426958409,0.96178147258,5.76,-0.11
0.712533510264,0.0564756864727,3.47,0.093
0.712693028864,-0.707345385437,6.35,-0.022
0.713008979605,-1.20706783497,6.66,1.0
0.713150452609,-1.16438335054,6.23,0.542
0.713193345898,0.483580932061,4.65,-0.122
0.713324384975,-0.0441821772954,6.48,0.981
0.713793105729,0.7598808838,6.77,0.263
0.71494826541,0.447473492805,6.35,0.089
0.715262386656,-0.138098931862,6.54,1.16
0.715960184842,0.773129196079,5.43,0.904
0.716119499447,-0.241879880338,4.24,-0.122
0.716354519617,-0.917530005137,6.15,0.088
0.716449134952,0.859198496789,4.1,0.514
0.716974820646,0.310039028745,6.4,1.143
0.717078335832,-0.567663370145,6.21,0.04
0.717982904987,0.267242397957,5.78,-0.024
0.719197844523,1.18376310819,5.95,0.136
0.719696675253,0.176525146396,4.27,0.311
0.719772312471,0.217219506682,5.17,0.234
0.720397335447,-0.324152366959,4.47,0.481
0.72146864591,0.0822334430056,6.04,0.312
0.721945546547,-1.11185419573,5.73,0.932
0.72231697301,-1.18013259362,4.83,0.058
0.722631338988,-1.24330186967,6.67,0.449
0.727591478556,-0.377680897627,6.48,0.387
0.728552381566,0.628030954346,6.27,0.935
0.728935299907,0.620546234622,6.28,0.385
0.7293785217,1.0571592669,6.51,0.528
0.729484329967,-0.392450372365,6.47,0.398
0.730940554364,0.772695629173,6.45,0.637
0.731129742219,-0.620475380439,6.51,0.962
0.73213984467,1.42154406518,5.8,1.3
0.732640352154,0.51045850811,4.52,1.112
0.732741753188,-0.217479353065,6.63,1.434
0.732995735557,0.270666058139,6.67,1.37
0.735288990823,-0.58962558253,6.8,0.974
0.735371784598,0.319112343706,5.83,1.216
0.735803969056,-0.652770630381,6.66,0.422
0.736376293956,0.439614642709,5.89,-0.033
0.737074887597,1.21534762452,6.26,0.151
0.737335959667,-0.786968809514,6.78,0.991
0.737505024076,-1.09618059094,5.25,0.101
0.737795045947,-0.565589610727,4.45,0.981
0.738178747827,0.824108600674,6.66,1.116
0.738678592837,0.304809692226,5.26,-0.066
0.739358959425,0.651468774828,6.45,0.422
0.739636841911,0.996309295096,6.25,0.786
0.741107882637,-0.42865828767,6.14,0.998
0.741341558707,-0.487679576674,5.39,0.013
0.741694212316,0.475785603113,3.61,-0.1
0.741789320783,0.532782843484,6.72,0.398
0.74283953754,-0.625589472122,5.92,0.899
0.743657851691,0.558032148141,6.58,0.032
0.7438387468,-1.31016538501,4.76,1.337
0.74431226298,0.668786495483,4.22,0.343
0.744331535935,0.644869979423,6.44,0.617
0.744703349746,-0.62266102344,5.48,1.259
0.744804890889,0.975560442284,3.77,1.69
0.744862969228,0.33441337001,6.63,0.602
0.745241006417,-0.696948784999,6.36,0.04
0.745561716337,-1.1784879124,6.57,1.007
0.745605491827,0.617740336229,6.51,1.476
0.746297198573,-0.366589292465,4.76,0.906
0.748279819087,0.26323179001,5.52,-0.099
0.748370734093,0.611907913616,4.56,1.554
0.748742229979,-1.10899396438,6.58,1.226
0.749163460868,0.817546069654,5.86,0.903
0.749466011552,1.01777638761,6.46,0.104
0.749973698107,0.783551729828,6.56,1.159
0.750217717383,-0.537814829895,6.38,0.484
0.750400642842,1.20233108742,5.94,0.7
0.751872006417,-1.09797935202,6.03,1.249
0.752141249549,1.10670966068,6.78,0.574
0.752827613303,-0.222873559938,6.05,0.862
0.753659738418,-0.722427294954,6.67,0.17
0.754181364604,-0.164780654272,6.31,0.196
0.754275044333,0.924978299077,6.35,0.093
0.754465398383,-1.14241033417,6.47,1.008
0.755705285895,0.287690640737,6.3,0.457
0.756180280838,-0.385556897502,6.59,0.957
0.756387215444,0.847705630795,6.23,1.18
0.7566276149,0.552303953026,6.61,0.529
0.75735563376,-0.670852267226,5.93,0.437
0.757423361254,-0.390540240677,5.93,1.041
0.757634497271,0.0343710853057,6.74,0.94
0.757953291097,0.669115397784,5.34,0.423
0.758216246368,0.162940718224,6.54,1.455
0.759289113913,0.823112874249,6.78,0.046
0.759688778431,-0.887873455871,6.22,1.571
0.760342601582,0.920878976832,3.93,0.758
0.760664415223,-0.975276219853,6.61,0.374
0.760730434963,-1.12461298432,6.56,1.396
0.760878814792,0.893031598791,6.55,1.098
0.762647617781,-0.000841945341619,6.53,1.044
0.762671532052,-1.11704806679,6.78,1.018
0.765634017765,1.28056774407,6.58,1.199
0.765735289347,-0.441649557411,6.59,1.182
0.765876889907,0.0352255293353,6.6,-0.038
0.767108425237,0.3199474715,5.76,1.452
0.767714173043,1.07374641227,5.59,0.445
0.768946195272,0.14628587736,5.97,0.478
0.76910573356,0.509009029823,6.55,0.937
0.769737704527,1.12281292415,6.17,1.994
0.7698101254,-0.155301917239,3.89,1.088
0.769846289113,0.314562764545,5.58,0.471
0.770366720069,0.823167200542,6.05,1.305
0.770666440442,-0.064792204262,5.16,0.084
0.771468459647,-0.617458927673,6.58,0.976
0.771628942119,0.894678183933,6.22,1.567
0.772640912088,0.0785577927741,6.15,1.623
0.773061177095,0.00781557706706,6.63,0.32
0.773246514141,-0.521073086589,6.29,0.472
0.773564992112,0.557357258428,5.1,-0.007
0.774036100479,-0.416473323103,5.44,0.238
0.774680883719,-0.666557379125,6.41,-0.018
0.774980544231,-0.960162126168,6.74,0.368
0.77656590902,1.1243257006,6.63,1.137
0.77684087147,0.6739575926,6.06,1.403
0.777050551073,0.360737446793,5.8,0.415
0.777088205902,-0.412002632219,5.82,1.334
0.777584083725,-0.209541137815,6.51,1.031
0.777812118193,-0.703449236351,2.88,0.128
0.778036484562,0.566549197756,6.61,1.017
0.779731430512,-0.0485703628386,5.22,0.014
0.779992408861,0.69224520173,4.68,0.065
0.780111429601,-0.170632214859,6.14,0.221
0.780146130991,-1.11825486135,4.98,0.126
0.780261441461,0.756853189935,6.65,0.992
0.780530921634,0.377300531992,6.69,0.235
0.781133100457,-0.596711907911,6.69,1.604
0.781302647839,0.614061428467,4.94,1.235
0.781507112571,-0.504526038167,6.14,1.044
0.781960316828,0.372460746141,4.63,0.048
0.783665304053,-0.441116830197,5.69,0.427
0.783681155786,-0.125313812627,6.62,1.076
0.783820373675,-0.567357633787,6.32,0.002
0.783934745167,0.716159915656,5.89,1.445
0.784028061559,-0.0430215202093,5.56,-0.072
0.784154736123,0.155462843076,4.71,-0.109
0.78465563454,0.824156568114,5.47,0.869
0.786262890945,0.665524416388,6.11,-0.057
0.787689280281,0.314246079868,6.74,0.046
0.788608156722,0.189724067559,5.93,1.593
0.789098241341,-0.0502413606354,6.11,1.751
0.789194414541,0.913710304158,5.24,-0.049
0.789289512054,0.913715377701,6.64,0.019
0.79049042252,-0.133744781568,5.75,1.043
0.791875422968,0.565708828832,6.6,1.102
0.79249695235,-0.490290105506,5.88,0.794
0.793565078868,0.0931334121218,6.24,1.041
0.793630063954,0.67855310848,6.64,0.237
0.793698824466,0.461855201136,5.91,0.141
0.793842542019,-0.173859344165,5.84,1.092
0.794799325603,-0.113351165047,6.2,0.598
0.795245684008,-1.25493460738,5.51,-0.125
0.795344514006,0.0713793229065,2.54,1.63
0.795762351434,0.0759721592555,5.62,-0.107
0.795834354202,-0.412324813406,4.08,0.163
0.79601636962,0.464418844634,6.62,0.696
0.79719910595,-0.134136786595,5.32,0.941
0.79792476707,0.822234221457,6.72,0.596
0.798186780773,-0.819869049341,5.81,1.304
0.800536372127,0.108676263561,6.72,0.342
0.800680854705,0.493402935426,6.38,0.306
0.801168756313,-1.04262086429,5.12,0.349
0.802504316927,-0.766164949697,6.69,1.349
0.80261475739,0.835113511958,6.48,0.301
0.803518292531,1.07696990372,6.64,0.634
0.804052486619,-0.132659980447,5.26,0.193
0.805619751163,0.0325260241536,6.05,1.045
0.805807235339,0.276739799795,6.37,1.4
0.806326879211,0.933863549255,2.91,0.716
0.807983598184,0.677890659476,3.32,1.528
0.808036263208,-0.144412859735,6.3,1.02
0.808743017773,0.708292669013,6.06,1.011
0.809155701261,0.440785947546,5.45,-0.031
0.809572267738,0.989701500907,4.77,1.018
0.810135249432,0.978588055741,6.1,1.049
0.81215492753,1.38611492509,5.49,1.569
0.813300566586,0.230160936039,5.64,1.087
0.814005055992,-0.178930721628,6.69,1.021
0.814013726039,-0.106265325772,5.23,1.575
0.817323787951,1.1180159251,5.89,-0.02
0.817808435405,0.312064781517,6.13,-0.123
0.818264670244,-1.3786223885,5.67,0.298
0.819384262988,0.825692744904,6.38,0.122
0.819503134023,-1.20890090844,6.12,1.011
0.819638845921,-0.485745220604,6.18,0.166
0.820584301171,0.911297687975,6.33,-0.019
0.821041501387,0.714810897913,2.09,-0.003
0.821839745915,0.328035551104,6.24,1.56
0.822174134363,0.995063165963,6.64,0.637
0.823125746768,0.147848053322,6.28,1.026
0.823956429594,-1.12687642351,6.8,0.343
0.824244950006,1.08881659667,6.47,0.231
0.824931292853,0.865915046188,4.05,0.595
0.826131970995,0.362349949703,6.41,1.241
0.826830097291,0.782911830069,3.79,0.98
0.827339918205,0.507490783192,5.74,0.115
0.829270534298,-1.11550283964,6.65,0.143
0.829674123461,0.485546508337,6.42,0.014
0.830998180083,0.469427826281,6.02,1.278
0.831012741707,-0.850571484954,6.11,1.118
0.831604773392,-0.414315814307,6.37,0.912
0.831852518028,0.207216430476,5.97,-0.061
0.831885607877,-1.00897119132,6.63,0.879
0.833062469177,0.0404191290224,6.78,1.071
0.833451131634,1.13265351344,6.5,0.163
0.833778948979,-0.231505435691,6.36,0.614
0.834611324472,-0.279688428572,6.25,1.167
0.83465907414,0.691352532773,4.61,1.115
0.83476016971,-0.0665248903129,6.08,1.67
0.834988707684,0.227727850554,6.11,1.038
0.836140687741,0.344295470086,4.35,1.033
0.836509106745,1.42193212555,5.92,0.149
0.837485109411,1.29841429487,4.85,0.035
0.83808504705,-0.505929377198,3.8,0.543
0.838452730404,0.739599074083,6.15,-0.099
0.838793997297,0.475723840995,5.78,-0.106
0.839628979506,-0.775269323719,5.92,0.44
0.839677863474,0.832973653561,6.32,1.425
0.839675368813,0.116254337549,5.55,1.011
0.840168830155,-1.00044976219,5.71,2.419
0.841134993532,-0.0208759038195,5.07,0.575
0.842127248469,-0.349536114309,6.74,1.193
0.842229686366,-0.62733569566,6.29,-0.076
0.843857103494,0.840846456603,5.93,0.972
0.844880731256,-0.520180190203,6.17,1.041
0.846112701952,0.331147196847,6.51,1.487
0.847732006911,0.400618834783,6.76,1.111
0.850342156563,-1.03870664606,6.75,1.36
0.850418756576,0.367294787205,4.87,-0.007
0.850599054446,0.741828408705,6.07,1.093
0.850867721093,-0.455538950661,6.25,0.038
0.851315100646,-0.79700151231,6.75,0.586
0.851397403114,1.28924234985,6.57,1.465
0.851651868416,-1.12475792204,6.62,0.485
0.852334298505,0.533314837951,5.61,0.012
0.853157530997,-0.153067039478,6.61,1.154
0.854150045924,1.39853837111,6.7,1.069
0.85427635333,0.573457808851,6.3,0.366
0.854336591279,0.997291960158,5.79,0.644
0.854387148877,0.889348047532,6.46,0.1
0.854485897951,-0.153933324987,4.8,0.232
0.85502400608,-1.35068332789,5.51,0.438
0.855273496304,-0.103300898292,6.17,-0.018
0.855346278055,0.605428763181,6.25,0.29
0.855535004933,0.791439328709,6.15,1.674
0.856033480138,-0.538040811183,6.64,-0.035
0.856098821428,0.88902994724,5.04,1.107
0.856791130812,-0.10001545906,6.3,1.648
0.857022765527,1.15855421491,6.7,0.049
0.857770413073,0.561717072071,5.98,0.988
0.857812301783,-0.159779238755,6.14,0.407
0.860407637655,0.706561267277,6.44,-0.027
0.860840484308,-0.410506140622,6.61,1.503
0.861146054433,1.37662839637,6.76,0.257
0.861508915294,-0.833423759214,5.84,1.228
0.861867900789,1.14595467986,6.41,0.079
0.862487623799,0.543269468839,6.4,0.574
0.86286529135,-1.09214540095,5.53,0.641
0.862901709023,0.68562420199,5.97,0.056
0.863017850828,0.768381625769,5.49,-0.06
0.863866897371,-1.16809394355,6.03,0.133
0.864125791981,-0.50260377583,5.93,0.337
0.864804347855,-1.09094183927,5.24,0.6
0.865545348386,-0.392893126555,4.86,0.904
0.865568813567,-0.0162365933003,5.62,1.05
0.866682067356,0.876542296228,5.16,-0.073
0.866930148408,-0.323929509989,5.72,0.381
0.867124997723,0.597297965784,4.85,1.491
0.868856282386,0.874322096441,5.05,-0.067
0.869879059211,0.0588210486546,4.84,0.681
0.870555657328,-0.379746361037,3.7,1.614
0.870839779982,-0.421024063113,5.63,1.663
0.87230079899,-0.751709535788,4.26,0.711
0.8723590775,0.472480425853,5.91,0.86
0.872611051087,1.14584866153,4.74,-0.108
0.872798016365,0.0258940985077,6.73,0.949
0.873169259015,1.21704097766,6.6,-0.01
0.874091303136,1.35672716272,5.44,0.211
0.874145352722,0.506991241444,4.47,1.555
0.874524352481,0.447899297254,6.14,1.241
0.875951732722,-0.4643711311,6.4,0.542
0.876407119861,0.357957071828,6.78,1.168
0.877522696708,0.0641516762585,5.7,0.964
0.878018680692,0.369086278341,5.27,-0.067
0.878413475477,1.08208991061,6.76,0.027
0.87877410368,-0.412510928033,5.5,0.885
0.878960309487,0.75624506888,4.96,0.051
0.879459126645,-0.833860034748,6.4,0.989
0.880077243275,-0.354732083924,6.69,0.027
0.880844206419,0.856448852375,5.94,0.468
0.882256158502,0.481842689879,5.55,1.1
0.882575583772,-0.446591399002,6.36,0.01
0.882585183616,-0.368266886983,6.73,1.213
0.884681465029,0.362017395773,5.1,1.231
0.886713686119,0.858933586167,5.32,-0.076
0.887014972349,-0.304376355852,6.7,1.007
0.887041829509,-0.13603267215,6.2,0.702
0.888140112632,1.0248926103,6.58,1.271
0.888394738652,0.0158840076141,6.47,1.154
0.888590017263,0.0852088114017,6.37,0.851
0.88899933897,-0.570846384914,6.51,1.372
0.89028436566,-1.21517861557,6.14,0.482
0.890854543678,0.22042793458,6.03,1.227
0.891461381861,0.431516301702,5.5,1.19
0.891526003775,0.870241751625,1.79,0.481
0.892017157174,0.363089376575,6.07,-0.028
0.892277595964,0.585312950737,5.78,-0.001
0.892750840356,-0.891211496878,6.5,0.003
0.892806139597,-1.33947543018,6.8,0.2
0.893067481555,1.12723828751,5.13,2.038
0.893666337226,0.157583506154,3.61,0.887
0.895163957025,0.720075745678,6.52,0.047
0.897117648607,-1.21014910568,5.96,0.415
0.897963071312,0.941108101733,6.51,0.298
0.898541796586,-0.626937719076,6.39,0.082
0.898653594082,0.857318933537,6.09,-0.073
0.89970126888,-0.726701687203,6.33,0.054
0.900482568371,-0.476779954587,5.93,0.934
0.901417872116,0.501172820893,6.47,0.882
0.903375723635,0.60090820439,6.76,1.051
0.903441881437,0.327363624235,6.54,0.188
0.9039461732,0.169867305904,3.73,-0.082
0.904566160298,0.222272722144,6.29,-0.025
0.905637565978,-0.622756575353,5.71,1.284
0.906391217419,-0.76542961045,6.73,0.501
0.907640092217,-0.196988323919,5.74,1.102
0.907672901719,0.357168734348,6.72,0.471
0.907793950721,0.856308555839,4.99,-0.091
0.908408939164,-0.625760332566,6.49,0.126
0.908827112523,-1.01023548147,6.69,1.58
0.908896415802,0.774528887932,6.52,1.645
0.909076292308,0.590053188751,5.72,0.048
0.90928582193,1.05165986858,6.49,0.014
0.909503227848,0.398004991279,6.03,0.951
0.910214020653,0.198802235007,6.74,0.965
0.911376034901,0.870018421138,5.58,-0.054
0.912211105613,0.0567005854021,6.41,0.79
0.912235160215,1.04615611352,4.21,0.419
0.913537561054,0.864094155149,4.67,-0.096
0.91356422444,-1.09846707623,4.71,0.41
0.913845469538,0.81922034233,6.21,0.131
0.91455449534,-0.221215889015,5.57,0.171
0.914780741168,-0.118760192362,6.01,1.02
0.915502368503,-0.392794644052,6.79,1.065
0.915915690703,1.02762803964,4.55,0.489
0.915945890787,-0.744108142511,5.76,0.205
0.916219262337,-1.36749775349,5.68,0.932
0.916312680926,0.967816629703,5.09,0.022
0.917093421866,1.03613123149,6.14,0.095
0.917262795663,-0.203266532195,6.77,0.732
0.91728553182,-0.722041620262,6.12,0.489
0.917708049322,1.25426162124,6.37,1.772
0.918077296248,0.197858240867,5.14,-0.041
0.918805538177,0.837674544096,4.36,1.367
0.918983924409,-0.826851920303,5.98,0.116
0.918984537602,0.839566138891,5.82,-0.033
0.918992762626,-0.0885779976284,4.74,-0.092
0.91960087281,0.108013242748,5.93,0.953
0.920057031736,-1.16046442588,5.81,-0.055
0.920106892457,0.225787626247,4.14,1.112
0.920115490851,-1.08224280751,6.79,0.534
0.920950972337,-0.0083985790222,6.64,0.119
0.922170254026,0.481219096679,6.61,0.031
0.922197269043,0.313080235879,6.79,1.545
0.922795142045,0.858872519004,6.29,0.067
0.922863984014,0.711395054279,6.5,0.243
0.923070369271,0.835356755354,6.77,-0.027
0.924227344732,0.862211725427,6.41,0.075
0.924562223837,-0.44705123647,6.38,0.12
0.924583786754,0.850588740728,6.62,-0.025
0.9256494929,0.838167775224,5.47,-0.101
0.925892937693,0.201453333155,6.79,0.035
0.926304238228,0.71420148613,6.73,-0.009
0.926460864386,1.48197721328,5.62,0.894
0.926935152433,0.80384387844,5.3,0.398
0.927553162622,-0.879273251253,5.67,1.101
0.92763877881,0.163597357998,5.76,-0.072
0.927859029512,0.782880691353,6.42,-0.007
0.92793467693,0.618923933262,5.91,-0.084
0.928770387794,-1.06494532351,6.42,1.037
0.929086175246,-0.165077815691,3.72,0.881
0.930910566651,0.836886838952,6.6,0.327
0.931729295445,1.02564692744,6.45,0.168
0.931935445706,0.696377268473,5.79,0.139
0.93222964058,0.959492256853,5.98,0.114
0.932386690948,1.00999978598,6.37,0.523
0.932825695136,-0.37756502931,4.26,-0.106
0.933517915895,-0.542450329021,6.2,0.482
0.934360271224,0.311241565673,6.14,0.891
0.935553017605,-1.14780220095,6.74,0.163
0.935687356537,0.426984204376,5.95,0.123
0.93619368459,-0.556320226663,6.39,1.404
0.93647610609,-0.172233649318,6.25,0.019
0.937320463071,0.112009842567,6.49,0.642
0.937561980692,-0.446504530435,6.48,0.985
0.938188811129,1.0479206229,6.43,0.433
0.938201427317,0.558798066007,6.66,0.429
0.939008890822,1.28014538441,6.56,0.024
0.942277565501,-0.0894473210785,6.49,1.091
0.942308052261,-0.195368350852,5.56,0.915
0.943744003747,-0.304857785365,5.24,-0.117
0.944613828238,0.841120131023,4.32,-0.058
0.944672213377,-1.36699550699,6.29,1.15
0.945373622666,0.510055551926,6.53,0.271
0.945916784949,0.0102583062553,5.82,0.885
0.946287207012,0.00701031698302,4.29,0.575
0.946697539865,0.405109579147,6.72,0.123
0.947254159507,-0.702923419654,4.57,1.023
0.950051667041,0.99028909794,6.53,0.245
0.950319525507,0.26931393115,6.4,0.167
0.951217353245,0.743210813863,6.41,-0.064
0.95263855013,0.993663294924,6.29,-0.099
0.953331824034,-0.129012346323,5.86,0.98
0.954165635426,0.395484828744,6.71,-0.001
0.954671101177,-0.487698298412,6.01,-0.027
0.955366044623,0.742432961223,6.73,0.614
0.955572139893,0.365048960226,6.5,0.151
0.955649052041,-0.0981958857331,5.97,0.921
0.956807891234,0.242452320909,6.67,0.92
0.957392506775,1.32190578594,6.25,0.973
0.957415401838,-0.182164860078,6.19,1.031
0.957440446665,0.288619602223,6.18,1.0
0.958356344377,-0.0592191935173,6.22,1.041
0.958852630097,0.98406960928,6.53,0.078
0.958874768573,-0.704278998267,6.55,0.141
0.95928548196,0.0533523289444,5.55,0.931
0.959899745413,-0.0195690933441,6.12,0.994
0.960762843496,-0.265753153563,6.35,0.881
0.961535617627,-0.0561469185594,6.68,0.554
0.96197037325,0.0894633364514,6.61,1.306
0.962718754939,-0.0909439774131,5.53,-0.145
0.963298771395,0.442083040224,6.11,0.097
0.964865609749,0.655898184901,5.55,-0.062
0.965297807086,-0.205991047,6.49,0.377
0.965922666663,-0.341812089554,6.58,0.092
0.968598754018,-0.430262587992,6.77,0.506
0.969336744112,1.10334140443,5.06,1.651
0.969375790342,-0.80211646989,6.5,0.522
0.969741447893,-0.557429561346,4.99,-0.159
0.970035683891,0.343834290343,5.68,-0.016
0.970304603229,0.592801538986,4.97,-0.048
0.970667495794,0.574898089887,6.77,0.486
0.971035895421,-1.48810199132,6.4,-0.005
0.971765475756,1.04666332766,5.74,1.736
0.972298858731,-0.651243750722,4.59,1.191
0.972693514897,0.834050111279,3.01,-0.125
0.974104801552,-0.170403381715,3.52,0.915
0.975481517903,-0.183009301181,5.59,0.216
0.976454191254,0.343219558657,6.13,0.994
0.977847963499,-0.709655918715,6.45,1.059
0.977851793848,0.846897558097,6.06,1.552
0.978237756273,-1.1310938276,3.84,1.133
0.978775637036,0.563536239213,3.84,0.022
0.979435315828,0.365275360587,6.09,0.028
0.979603135565,-0.0202997711355,5.24,-0.088
0.979669666399,0.636348844066,5.6,0.062
0.979848167316,-0.947260466412,6.29,1.035
0.980088638783,0.486902322536,6.75,0.37
0.980359411247,0.804593525345,6.1,0.291
0.980890615391,0.423931227467,5.45,-0.034
0.981055222424,-0.838827903653,6.49,1.011
0.981204912177,0.42085716244,3.72,-0.105
0.981493019179,-0.00517874190342,5.56,1.411
0.981945179672,0.0457497449552,6.65,0.487
0.982264108476,1.30101343355,6.71,1.004
0.982455863275,0.433526869475,5.66,-0.064
0.982593816075,0.743135863237,3.77,0.425
0.98265624785,0.427034552006,4.3,-0.11
0.982902340767,-0.826578790063,5.72,0.961
0.983471821208,-1.25067034231,6.26,-0.123
0.984445308516,0.675028120339,6.45,1.195
0.984688759301,0.105592263805,5.34,-0.099
0.985355108663,0.425297441774,3.87,-0.063
0.985709250668,0.428557062775,5.76,-0.036
0.986056869795,0.797299553753,5.66,-0.08
0.986173824932,1.17288927371,5.79,0.347
0.986280620124,1.10557963824,4.78,0.747
0.986321860212,0.428092578347,6.43,-0.02
0.986731695194,-0.211212578456,4.43,1.604
0.986791907793,0.118743833017,5.91,0.992
0.987534391057,0.417977702888,4.14,-0.051
0.988105640584,-0.512047431799,5.91,0.11
0.989083187763,0.563570095358,6.68,0.036
0.989812269547,-0.405784209299,4.22,0.434
0.991511459451,-1.29571432411,3.26,1.59
0.99190873183,-0.885824746613,6.58,1.325
0.991925958282,-0.521883575887,6.54,0.509
0.99258877485,0.420714009222,2.85,-0.086
0.992811301039,0.97602232396,6.09,-0.02
0.993357657066,-0.416691714937,5.24,0.075
0.994039394042,0.561915991377,6.26,0.474
0.994082176113,-0.630164820995,6.21,-0.102
0.994304273077,0.586428391226,6.57,0.035
0.994549565435,-0.526528871842,5.52,0.973
0.995313438267,0.436130141843,6.44,1.701
0.996020750399,0.194487167,5.08,-0.125
0.996152227447,0.885523637582,6.18,0.028
0.996351409942,0.408777922688,5.44,-0.067
0.997075105598,0.16835355309,6.68,1.2
0.997434255424,-0.364825765434,5.81,1.602
0.997446004799,-0.656595564483,4.3,-0.038
0.997670524709,0.00397684804861,5.91,1.224
0.998978354403,0.416385558323,6.47,0.377
0.999791403779,0.767300750698,5.95,0.279
0.999909419825,0.419811295772,3.62,-0.07
1.0000165727,0.421265095233,5.05,-0.082
1.00019822903,1.23693316419,5.4,0.096
1.00059045878,-0.025364105091,6.55,1.004
1.00063667952,0.996901835074,6.46,0.061
1.00076096141,-0.629932737394,6.75,1.615
1.000782605,0.425527952984,6.62,-0.027
1.00118282054,-0.631813553312,4.17,0.927
1.00120593198,0.91901005074,6.73,0.394
1.00147602895,1.14364396295,4.39,1.87
1.00157841406,0.577553571726,5.14,0.057
1.0018634079,1.10474047384,5.82,0.189
1.00236654195,0.413849941984,6.17,-0.046
1.00258213632,0.164191765923,6.77,-0.026
1.00320593702,0.388233678867,6.05,-0.006
1.00342280297,0.41623825962,6.73,0.063
1.00381602788,0.661023869485,6.61,0.275
1.00388643148,0.784837141263,5.65,0.779
1.00452858665,0.607725474061,6.77,0.321
1.00473979396,-0.0265739296522,6.47,0.435
1.00494138286,0.44644408542,5.24,0.231
1.00512685704,1.24498289731,4.59,0.064
1.00661432073,0.0272960082441,6.6,0.398
1.00908169773,0.227697011098,6.3,-0.058
1.00976712948,0.439175964156,6.79,0.16
1.01019354388,-0.371425480323,6.59,1.058
1.01059085253,0.384519678457,6.71,1.12
1.01096448235,1.19568118482,6.31,-0.057
1.0109677816,-0.825834981518,6.7,0.283
1.01183418656,0.599679751983,5.78,-0.036
1.0123076084,0.114055650221,5.66,0.046
1.01261435467,0.543994302111,6.22,0.206
1.01292220491,-0.0200503792629,6.77,0.005
1.01312037155,0.439178577256,6.77,0.583
1.01379417346,1.08812208893,6.73,0.161
1.01453498155,-0.0882112952786,6.74,0.399
1.01517884887,0.565635889474,6.73,0.896
1.01532026844,-0.0935716201905,5.48,-0.09
1.01726278011,-0.115780676842,6.56,-0.088
1.01738459438,0.302414650334,5.97,0.354
1.01759457378,-0.321741792367,6.21,0.866
1.01885246771,0.0369858589208,6.72,-0.05
1.01907695973,-0.818449010378,5.93,1.22
1.01916148039,0.448250866347,6.35,0.11
1.01946805513,0.84911132497,5.76,1.04
1.01948628905,-0.606192942361,5.11,-0.133
1.01975959209,-0.429564448584,4.64,-0.136
1.0197989442,1.01185709847,5.8,0.182
1.02097740967,-0.403818102215,6.68,0.82
1.02159364408,0.556474415846,2.84,0.271
1.02229039277,-0.0515697637924,4.46,0.672
1.02270225719,-0.704362678904,5.7,0.599
1.0234865961,-0.919621409911,6.46,0.158
1.02410733361,0.0364766958753,6.8,0.975
1.02655385911,-0.211169215205,5.99,0.323
1.02705917858,0.54185207568,6.79,0.081
1.02817498009,0.91876441352,6.74,0.349
1.02961103834,0.835513895275,5.39,-0.073
1.0300307156,-1.10765083489,6.14,1.094
1.03059388683,1.04094731055,6.53,0.698
1.03175595852,-0.237321683255,6.37,1.585
1.0318306206,0.612277187012,5.49,-0.058
1.03194796864,1.25352350579,6.31,0.333
1.03204234843,-0.189422987664,6.56,0.498
1.0323854541,1.292940497,6.75,1.513
1.03239793411,0.884801309329,5.28,0.425
1.03250269972,-0.170184333653,6.18,0.269
1.0335311323,0.392314604198,5.62,0.345
1.03423251677,0.105417307783,6.09,0.058
1.03438444367,0.404489653688,6.05,0.031
1.03471049577,1.06655120656,4.99,1.435
1.03595762455,1.10081867295,4.95,-0.074
1.0360260979,0.426941349053,6.19,1.372
1.03783301993,0.698309979346,2.9,-0.199
1.03859928391,-0.235768069176,2.97,1.588
1.03866672193,1.26928326409,6.63,1.266
1.03869932111,0.607618371919,6.54,0.228
1.04059132784,0.677890313847,6.32,1.081
1.04158987959,-0.996624188035,6.05,0.439
1.0417247183,-1.07163539744,4.56,1.59
1.04228109981,-0.0954685805609,5.85,1.001
1.04268157045,0.624671360569,3.98,0.016
1.04426739054,0.243910553697,6.77,1.178
1.04502546861,-0.219465112672,5.61,1.479
1.04574132352,0.677543455071,6.51,0.113
1.04577890556,0.180299532526,6.35,0.417
1.04686904603,-0.419162029446,4.62,-0.121
1.04714927631,-1.0802679888,6.7,1.516
1.04832685208,-0.899978293211,6.51,1.651
1.04988011802,0.301883660003,6.31,0.056
1.05015378458,-0.532163056531,5.93,0.036
1.05016576227,0.217997671794,3.41,-0.099
1.05037192699,-1.24209496641,6.6,0.08
1.05074357812,0.317545202753,5.89,0.319
1.05111043736,-1.08488416938,4.48,1.5
1.05132953474,0.404942410289,6.52,0.103
1.05206837448,0.35254181812,6.76,1.055
1.05263946496,0.645588166614,6.39,-0.005
1.0528778638,-1.06602654177,4.97,1.386
1.0538916261,-0.0270466649883,5.28,-0.133
1.05491599613,0.174498308936,5.67,0.005
1.05617160846,-0.601827199833,6.73,0.628
1.05786981303,-1.07088061648,6.74,0.667
1.05796235312,-1.37240664884,6.63,1.075
1.05859636008,-0.00469359241429,5.38,0.516
1.06096965117,0.104533093853,3.91,0.032
1.06105727788,0.155031392314,6.65,1.064
1.06208718752,-0.35157556539,6.47,-0.178
1.06275110266,-0.451130871014,6.57,1.631
1.06315233924,-0.835347513949,6.62,0.214
1.06353125218,0.0948695419255,5.32,-0.08
1.06440382461,0.143069338945,5.45,0.371
1.06528389762,-0.289527922418,6.36,1.266
1.06536896082,0.0493395349282,5.36,0.505
1.06622698285,0.420728942739,5.46,0.813
1.06630277038,-0.22326766954,5.62,1.062
1.06662616407,1.03245837088,5,0.495
1.06734054939,0.961091180119,6.55,0.466
1.06752999795,0.305739766945,6.64,1.118
1.0676253051,-0.355730631564,6.12,1.157
1.0676841773,0.385402307512,4.36,1.064
1.07048680132,0.384127861851,5.9,0.62
1.07163574324,0.597586153091,6.64,0.453
1.0717354853,-0.482615081499,5.59,0.324
1.07203820947,0.175180922678,6.72,1.034
1.07241116245,-0.358011755573,6.34,0.918
1.07312346232,-0.154568184671,6.27,0.063
1.07353276058,0.819005686451,6.77,0.153
1.07360835125,1.19869164926,5.88,1.543
1.07396394394,1.08388149049,6.76,0.235
1.07592622825,0.878795300141,4.25,-0.011
1.07602536278,0.481709183304,5.18,-0.124
1.07604020159,0.942628998519,6.31,0.983
1.07606146658,-0.315046013502,6.6,1.429
1.07620088203,1.14355364953,6.14,0.145
1.07743738008,0.583749257141,6.7,-0.009
1.0776046438,-0.383868804993,6.65,0.24
1.07777444613,0.506168162864,5.21,0.359
1.07852170901,1.29154990829,6.49,0.977
1.07888505724,-0.170306203608,6.77,1.177
1.07929713252,-1.12089042924,6.37,0.636
1.07957648791,-0.749039065951,6.59,0.899
1.07961221213,1.30265338499,6.8,0.966
1.08046307623,-0.646853079422,6.71,1.305
1.08079370904,0.264640572918,6.02,0.397
1.08206165395,0.302638286243,5.89,1.497
1.08305746628,0.753827570967,6.57,-0.011
1.08322428488,0.658468966752,6.07,0.943
1.08456650076,-0.80049175283,6.58,0.386
1.08476507411,0.663918591438,5.52,0.52
1.08499011148,0.832740440071,3.96,-0.025
1.0851646583,0.176266992322,6.79,1.697
1.08658157614,0.233844109325,5.94,0.052
1.08719200273,0.342245394793,5.51,1.077
1.08776450219,-0.285987466003,5.45,-0.147
1.08808213366,0.956944159344,6.25,0.448
1.08809635339,1.28404589985,6.76,0.548
1.0884472131,0.11737427187,6.74,0.098
1.0884726721,1.04559308404,6.29,1.112
1.08959501191,0.0579919999733,6.49,0.443
1.0908531115,1.51191133605,5.84,0.393
1.09103286819,1.40845769026,5.1,0.589
1.09246861393,-0.12084402063,5.44,0.941
1.09391131683,0.32154641855,6.61,0.427
1.09416681303,-0.6156437258,6.43,1.07
1.09430431476,-0.153934794524,5.7,1.057
1.09445692,0.462179795595,5.39,0.352
1.09450681664,-0.732926116695,4.93,0.334
1.09512291852,0.586200107027,5.75,1.412
1.09666900698,0.096395358106,5.71,0.36
1.09749554417,-0.00737403308552,6.59,1.107
1.09782679392,-0.355281962152,5.8,0.165
1.09897129766,-0.119338303005,4.04,0.327
1.09927643187,-0.154243216748,6.45,0.95
1.09957719969,-0.301500951956,6.41,0.968
1.10023191203,0.0128385151959,6.62,0.916
1.10103716902,-0.0769737320781,6.7,1.584
1.10183750358,0.301548555969,6.09,1.081
1.10185582214,-0.774371829651,6.7,1.455
1.10305092599,-0.41575794281,6.61,1.644
1.10328407347,0.391188636608,6.14,0.171
1.10332847953,1.19557068597,6.33,1.169
1.10364725753,-0.111497280615,6.76,1.074
1.10380759587,0.56780322978,6.69,1.704
1.10416014947,-0.403665690772,6.78,0.351
1.10619316326,0.155164810508,6.52,0.155
1.10632812774,0.134670388774,5.29,0.366
1.10643475537,0.17824101741,6.24,0.021
1.10651831948,-0.704375851761,6.36,1.468
1.10669499741,-0.0200666956828,6.45,-0.125
1.107179582,1.25883874816,6.05,1.019
1.10754498109,0.222594074808,6.25,1.143
1.10802121339,0.161684230911,4.84,0.799
1.10826235248,0.662651725289,6.47,1.029
1.10829176302,-0.738175974077,3.85,1.085
1.10898527079,-0.805162916205,6.77,0.577
1.10961402396,0.21551501806,6.74,0.677
1.11000676417,-0.1790059049,4.87,1.156
1.11013524242,-1.09037451782,3.33,0.915
1.11020560576,0.413580589221,6.77,1.133
1.11091909729,0.174732004859,5.22,-0.085
1.11181454443,-1.08545187427,5.45,1.106
1.11207058645,0.655243199437,6.31,0.958
1.11216130933,0.706573359551,4.67,1.007
1.1122009308,0.844902211992,4.12,0.935
1.11277804992,1.00287249421,6.06,0.6
1.11345184609,-0.649208276129,6.76,0.13
1.11383508194,-0.133567788555,4.43,0.82
1.11474186939,0.107981041663,6.32,0.57
1.11497865297,0.155200907339,4.27,-0.054
1.11601305614,0.268792835764,6.31,0.4
1.1160154481,-0.405574878186,6.73,0.078
1.1171234453,-0.898611526743,4.26,0.312
1.11853411908,-1.06375168505,6.34,0.097
1.11912369621,-1.0350178787,4.44,1.078
1.12014468626,0.935702410732,5.2,0.052
1.12055154916,0.282994410652,6.57,1.101
1.1209050995,1.07948595488,5.69,-0.116
1.1219620969,1.00985369739,5.72,1.108
1.12226920893,0.887775951072,6.59,1.72
1.12251303582,0.359164167217,4.93,0.259
1.12277192217,-0.112960807099,5.95,1.078
1.12290734618,0.997948775132,6.71,0.036
1.12430244847,-1.10401509177,5.88,-0.061
1.12514391507,1.40561458767,6.39,0.947
1.12527593526,-0.589892450343,3.55,-0.108
1.12567868882,-1.39999897546,5.67,0.836
1.12632685738,0.735501978594,6.22,-0.072
1.1267992994,0.877822112172,4.6,0.043
1.12690650574,-0.361549485786,6,1.597
1.12742436525,0.376629779073,5.64,0.277
1.12752923382,0.165582207049,6.54,0.165
1.12846368421,-0.400897274831,6.09,0.302
1.12864679159,-0.922582738011,6.08,0.489
1.13031075149,-0.591747193832,6.36,0.132
1.13106199387,0.873514513997,5.46,0.235
1.13131383647,-0.772620942888,5.33,1.066
1.131998452,0.369002863342,5.5,-0.069
1.13276990288,0.380019109187,5.34,-0.107
1.13282171723,0.176652395973,6.31,1.428
1.13356234074,0.27275381183,3.65,0.981
1.13400067297,-0.216405601531,6.72,0.927
1.13429690525,0.244960470394,5.58,0.283
1.13512405412,-0.286884535419,6.8,-0.03
1.13518742249,0.557688100768,6.16,1.679
1.13530122818,0.888737937296,5.55,-0.031
1.13551315183,0.72968846959,5.95,0.962
1.13600701309,0.47736070284,4.97,1.15
1.13625599059,0.603303166052,4.93,0.95
1.13628973715,0.327120225571,6.11,0.404
1.1365659672,-0.022975273826,6.78,0.284
1.137104417,0.263465362154,5.26,0.225
1.13727411926,-0.109013170861,6.15,0.901
1.13730107447,-0.360229356759,5.38,-0.027
1.13739822215,1.13691517762,5.26,0.82
1.13746349198,0.107002609955,5.76,0.914
1.13757902162,-0.132514008663,5.85,-0.124
1.13803294534,0.161003448722,6.52,0.148
1.13829783853,0.241979899691,6.15,0.456
1.13868456776,-1.42383821154,5.78,0.359
1.14025225172,1.3283021026,6.74,-0.043
1.14079363464,-0.00171338222642,5.86,1.32
1.14110447513,-0.44904842518,6.08,0.371
1.14112861871,0.367215127837,6.79,0.434
1.14117372087,0.321447452672,6.8,0.441
1.14123888124,0.811558516531,4.8,-0.022
1.14135758529,0.251498264331,6.6,0.412
1.14155543704,-0.10967948523,6.45,0.056
1.14214822466,-0.659417539629,6.53,1.388
1.14229007928,1.06003663541,5.4,1.497
1.14259526735,0.986221287494,5.91,0.112
1.14270090729,-1.10630122802,5.24,0.955
1.14344636071,0.245693462186,5.72,0.315
1.14484362058,0.363402260882,5.91,1.66
1.14573173412,0.447315917509,5.38,-0.041
1.14690491028,-1.44686185074,6.77,0.209
1.14726965088,0.306174630573,3.77,0.983
1.14740334419,1.04049865995,6.18,0.108
1.14796648803,-0.434450093468,5.81,1.507
1.14811808928,-0.620374058334,6.38,1.242
1.14877915959,0.198582201289,6.64,
1.14937637104,0.292818422327,5.64,0.31
1.14990771477,0.366205759289,6,0.029
1.15015826112,0.74050670874,6.25,0.023
1.15052485018,-0.0653707885545,5.17,0.072
1.15132282731,0.165125034899,5.1,0.074
1.15189996659,0.42413231707,6.34,0.173
1.15207790141,-0.593705969812,3.97,1.468
1.15233603191,0.304457507163,4.8,0.154
1.15280878062,-0.996082731715,6.28,0.659
1.15297048253,0.212196901977,6.42,1.408
1.15403734863,0.595694097468,5.73,-0.054
1.15464118102,0.592708342071,5.77,0.4
1.15602249622,-0.606632420464,6.55,0.445
1.1560714983,0.332345827311,5.97,0.378
1.15666962563,-1.06880810388,5.94,1.533
1.15767058437,-0.770753052473,6.38,0.457
1.15789217001,0.389101498528,4.21,0.136
1.15809942226,0.387463058658,5.27,0.25
1.15841724152,0.312901060584,4.3,0.049
1.15899421911,0.278223109997,6.44,0.509
1.15916035564,-0.024625105489,6.76,0.913
1.1593576256,-0.173252443536,6.66,1.561
1.16074201117,0.0763311168366,6.37,1.078
1.16110225571,0.548712513128,5.29,0.986
1.16198626249,0.398172128837,4.28,0.263
1.16215210301,0.272590151374,4.48,0.262
1.1621785955,0.14992847038,6.06,-0.01
1.16328902287,0.25680393958,4.69,0.979
1.16338508663,-0.707371084302,6.7,0.078
1.16478403914,-0.420298367715,6.11,0.143
1.16505805799,0.0362925370068,6.23,1.087
1.16507044589,1.00505290444,6.28,0.063
1.16521832793,1.4106476944,5.42,1.179
1.16544038974,-0.819388537798,6.1,0.47
1.16627609115,0.401361788919,5.53,-0.098
1.16633685635,0.637399234964,6.76,1.075
1.1668022769,0.817741806284,6.72,0.711
1.16709938152,0.19569155104,5.87,0.049
1.1683551194,-1.09120089153,5.74,1.005
1.16903364185,-0.375316718033,6.75,0.505
1.16942726206,0.377338559124,5.72,0.27
1.16963515067,0.0324387791224,6.14,1.018
1.16989224957,-0.264946750586,6.69,0.827
1.17005903626,-0.732337235402,6.41,1.614
1.17033728556,1.46272187524,5.51,-0.106
1.17107234345,0.257278535701,5.9,0.325
1.17128826646,0.285530144673,4.96,1.137
1.17170639816,0.0240998680063,5.53,-0.099
1.17187903004,0.278592608258,3.84,0.952
1.17206100982,0.334761681173,3.53,1.014
1.17220940582,-0.339621416109,5.95,1.215
1.17226044649,0.276999156505,3.4,0.179
1.17301850844,0.227723620288,5.02,0.215
1.17315141681,0.529907994577,6.38,0.547
1.17371719279,0.282029358532,6.59,0.536
1.17423755273,-0.2277370103,5.61,-0.202
1.17517622845,0.478293924088,6.53,-0.016
1.17519365393,-0.811844613294,6.13,1.062
1.17610698569,-0.458600326392,6.78,1.236
1.1768504807,0.183641092388,6.77,0.086
1.17750990447,1.21087997717,6.63,1.666
1.17813880108,1.45456401584,5.47,0.855
1.1782637882,0.179109426481,6.47,1.038
1.1787223321,0.272931804285,5.58,0.324
1.17882470234,-0.237231647547,6.22,1.001
1.17955500242,0.4909940804,6.51,0.722
1.18054290738,0.282638870531,4.78,0.17
1.18081425503,0.239536006878,5.4,0.263
1.1808902741,0.566494919816,6.18,-0.026
1.18092521602,0.273874957589,5.47,0.258
1.18103014106,-0.622271036186,5.95,1.005
1.18150018576,0.281847915918,6.5,0.428
1.18174055251,-0.784590939205,5.07,-0.194
1.18275719672,0.118531042094,6.78,
1.18298342523,0.263632627282,6.28,1.725
1.18421307221,0.698309598391,6.25,0.009
1.18434051533,-0.238136595963,6.25,0.086
1.18612932165,0.100608569608,6.68,0.006
1.1862243511,0.276661912402,6.01,0.338
1.1862906375,-0.000768136581174,4.91,1.32
1.18660177644,0.641280883509,6.35,1.089
1.18681058663,-0.361273957727,6.76,1.519
1.18695777868,0.940921485897,5.78,0.119
1.18717359438,0.0944229227388,6.37,0.42
1.18807814903,0.646526549573,6.8,0.47
1.18955484131,-0.0560170540098,5.76,-0.117
1.19164696803,-0.218923428769,6.67,1.085
1.19275825823,0.751048707001,6.8,0.213
1.19279335621,-0.188239579667,6.06,1.379
1.19299816168,0.751606724529,6.09,0.37
1.19341531849,1.26586295388,5.94,0.306
1.19340980114,-0.5195232889,4.49,0.972
1.19348782906,-0.121965063526,6.6,1.204
1.19359058772,0.314451121869,6.24,0.077
1.19366204581,-1.09648001943,5.79,1.028
1.19395697529,0.284896016505,6.58,0.188
1.19398595085,-0.144088501954,6.63,-0.062
1.1944165831,-0.0926711841997,6.66,1.061
1.19457895221,0.231288994388,6.62,0.429
1.19469061353,0.164297736009,6.01,1.061
1.19488990165,0.259084081594,4.65,0.255
1.19516715758,-0.117616125925,5.71,-0.128
1.19553252197,-0.960716042978,3.3,-0.079
1.19615172408,0.0971906843873,5.67,0.055
1.19639619492,-0.143664200827,5.2,1.708
1.19640651438,-0.15656052981,5.24,1.465
1.19658270886,-0.119342277673,6.09,1.384
1.19667322082,-1.27773421427,6.8,0.919
1.19831336985,0.505467430248,5.88,-0.048
1.1983242265,-0.419585872297,6.37,1.137
1.198854951,0.396055563694,6.78,0.482
1.19996529338,-0.347693742535,6.12,1.174
1.2000861519,0.300218128277,6.73,1.833
1.2003041096,1.00217471616,6.65,0.314
1.20094053399,-0.169931771405,6.74,0.039
1.20120492043,-0.428180965364,6.69,0.497
1.20166638253,1.49272824664,6.55,0.529
1.20231682376,-0.53341348487,3.81,0.957
1.20276890729,0.177339233281,4.25,0.184
1.20300897482,0.34700271505,6.33,0.754
1.20307987081,1.03673986976,6.78,0.065
1.2039308112,0.288141666122,0.87,1.538
1.20439882366,-0.0630350294306,6.34,-0.1
1.20566919539,-0.0585114475922,3.93,-0.21
1.20570359514,0.199185707993,6.74,0.263
1.20603831478,1.12157653736,5.91,-0.009
1.20639570206,0.407374766194,6.01,0.38
1.20703580659,0.644947864175,6.62,1.23
1.20723839426,0.276972032464,6.64,0.442
1.20729009008,0.720206763937,4.25,1.171
1.20759604884,-1.08345073224,5.59,1.5
1.20798108592,-0.536108926899,6.28,-0.095
1.20963486071,0.0174238684708,5.32,-0.107
1.2097152005,0.323636952808,6.49,0.81
1.21004132435,-0.730820743696,6.4,0.167
1.21126808969,-0.0431715607135,5.22,0.283
1.21355479529,-1.01584813487,6.61,0.932
1.21369048972,0.279833711184,5.78,0.312
1.21369185251,0.218355314924,4.27,0.122
1.21379108009,-0.249652240518,3.86,1.082
1.21409808784,1.06262973176,6.64,1.527
1.21415504277,0.361016506874,5.85,-0.019
1.21458482578,-1.355352935,6.05,1.08
1.21515002869,0.47017884608,6.56,0.344
1.21658747749,-1.08871079894,6.78,0.194
1.21689851238,-0.211588381007,4.99,0.074
1.21767962508,-0.901859656328,6.45,1.321
1.21781486124,0.137374453559,5.38,0.257
1.21803737045,0.275759327146,5.08,0.141
1.21856705651,0.277821103514,4.67,0.147
1.21880040836,-0.250615179042,5.46,1.054
1.21905046752,0.440141915399,6.21,0.176
1.22080122648,-0.0183688754581,6.11,0.943
1.22134379893,0.926412654382,5.07,1.079
1.22158899507,0.933280270422,5.36,0.331
1.22197900228,0.212888443373,5.45,-0.121
1.22222537891,-0.427297934145,5.56,0.926
1.22253215584,0.711902523219,6.58,0.425
1.22302048078,-1.02876529435,6.53,0.677
1.22337971488,0.523114027724,6.8,0.393
1.2236583637,-0.343332317674,4.32,1.599
1.22418416998,-0.730660317469,4.44,0.342
1.22753060443,0.499425858667,5.73,0.018
1.22784751995,0.843009406983,5.66,0.002
1.2291503816,-0.217743534379,6.64,0.127
1.22945190359,-0.824838859481,6.77,0.745
1.22974574342,0.668115216813,5.97,0.593
1.23070973055,-0.64829027477,5.04,0.391
1.23152626752,0.400673944577,4.27,-0.112
1.23154890837,0.168141883835,6.76,0.354
1.2320721411,-0.40453186421,6.8,1.579
1.2320986006,-0.0162298197006,6.73,0.407
1.23383401208,-0.881065485954,5.3,0.977
1.2339194892,0.670671157628,6.66,0.291
1.23440731802,0.756864436128,5.3,0.028
1.23477005116,0.258563058662,6.69,0.904
1.23510785552,-1.23797996701,5.53,-0.114
1.23549647579,-0.536960262889,5.66,1.391
1.23582084862,0.420430965692,6.18,0.544
1.2361124124,1.03883977125,6.51,0.239
1.23639090626,0.872207155683,5.86,0.013
1.23734714443,-0.153489786668,5.98,0.645
1.23803985854,-0.71671575485,6.24,1.468
1.23804793932,-0.912166540271,6.62,0.374
1.23832900535,0.573610466408,6.49,0.311
1.23957069235,-0.148415303944,5.78,-0.076
1.23976409972,-0.32579338431,5.53,0.025
1.24013044415,0.711857918798,6.09,0.04
1.24029584862,-0.481324797958,6.76,1.497
1.24072083779,-1.04253286241,5.28,0.206
1.24074171933,0.840825549254,6.78,1.269
1.24106197518,0.194536781586,5.39,0.251
1.24175882363,0.667675596071,6.74,0.778
1.24339495003,-1.10356670869,6.46,1.077
1.24384964922,-0.371465105099,5.72,1.476
1.24460597084,1.39027560557,6.67,0.016
1.24573973761,-0.0568044881104,4.01,-0.148
1.24663537618,0.412386320172,6.34,0.058
1.24758033806,-0.686902585579,6.04,1.065
1.24794167989,1.33711493035,6.46,0.512
1.24803695858,0.204301103234,5.35,0.197
1.24913406302,0.326982071425,5.99,1.221
1.24966762548,-0.0515663159837,6.33,0.041
1.24978301162,-0.490218375358,6.18,0.189
1.24986818523,0.739121824572,6.53,0.704
1.25114487137,0.703587427174,5.99,0.934
1.25277229838,-1.03213685283,6.8,1.044
1.25357715268,0.101023530416,6.77,0.018
1.25491269715,-0.295562014333,5.49,0.632
1.2558757098,0.930279476237,6.77,0.452
1.25587890494,-0.523954329737,6.35,1.071
1.25665506617,0.990599722537,5.29,0.246
1.25714535058,0.970448641869,6.32,0.32
1.25864816056,0.0473915302085,6.51,0.846
1.25900290877,-0.285003268727,5.76,0.537
1.2590938803,-0.76759544653,6.72,0.948
1.25928303326,-0.099030760756,5.77,0.631
1.25988227397,0.0626315991378,6.04,1.2
1.26029389034,1.3254243181,5.96,0.283
1.26134638,-0.989018364127,6.59,1.68
1.2619344821,0.548685700404,5.57,1.132
1.26238751247,0.568771225551,5.84,0.25
1.2640726383,-0.240326060687,6.27,0.456
1.26420610144,0.277581025445,6.09,1.551
1.26466619668,0.121497179934,3.19,0.484
1.26497421503,0.654293825368,4.89,1.447
1.26585831114,-0.275837575822,6.72,0.977
1.26620839583,-0.283042816489,5.03,0.992
1.26654045689,-0.721184844445,6.06,0.408
1.26800982054,1.23816324309,6.36,-0.069
1.26803418709,0.155337371763,4.35,0.01
1.26866439135,0.0200322652179,6.66,0.073
1.26938815433,-0.933079331843,5.58,0.341
1.26947453851,-0.933047739865,6.42,0.483
1.27040615589,0.850685425638,5.64,1.013
1.27062615644,0.0978275186938,3.68,-0.157
1.2706384111,0.193173491087,6.79,0.543
1.27069793862,1.18976971841,6.54,2.1
1.27136035027,0.328817608282,5.08,0.214
1.27169248731,-0.902781338671,6.55,0.73
1.27177874296,-0.609229628507,5.82,0.105
1.27186797985,0.625092106117,6.78,0.717
1.27288196696,0.174097951325,6.11,0.06
1.27336214528,0.238327417261,6.3,0.502
1.27367091034,-0.597577323967,6.68,0.533
1.27446790437,1.10837868453,5.47,1.559
1.27485762752,0.543917362714,6.71,0.875
1.2755708931,0.639523215893,6.8,1.1
1.27565385948,0.801802704529,6.69,0.558
1.27641470586,0.248720619898,4.71,1.773
1.27685263032,0.640591455982,4.79,1.414
1.2775165475,0.486902969049,5.97,0.368
1.2775634844,0.743276842666,5.68,0.115
1.27799333499,-0.0951674811974,4.36,0.257
1.27886871541,-1.26375241916,6.28,0.521
1.27916540383,0.922252133977,6.4,0.068
1.28010974364,0.0437767852924,5.33,1.632
1.28067113259,-1.16370549494,6.43,1.64
1.28093363205,0.406935090444,6.55,1.036
1.28098164566,0.642382675353,6.69,1.039
1.2813425129,1.07305843386,6.64,0.203
1.28251202207,0.0273906561157,6.61,0.042
1.28303595679,1.1578981651,4.26,-0.008
1.28311557658,-0.666067682145,6.75,1.257
1.28391484366,0.0425977627569,3.71,-0.179
1.28485141446,-0.0563028790855,6.52,0.458
1.28622744811,0.199421433201,5.18,0.121
1.28629174576,0.135770859689,5.33,1.214
1.28650460221,0.00815359456036,5.98,-0.116
1.28654306527,0.769007101444,6.06,-0.032
1.28667000812,-1.02184929375,6.11,0.442
1.28672417224,0.177165458391,4.64,0.085
1.28680322129,-0.691649673856,6.11,1.423
1.28706102311,0.340084178814,6.36,0.292
1.28740811232,0.964453386178,5.52,0.015
1.28767654502,-0.292179809246,5.71,0.953
1.28799159183,-1.30789479498,5.47,1.518
1.28853651115,-0.286544081475,5.71,0.874
1.28937507135,-0.449034087643,6.71,0.271
1.29082757941,0.262502376459,5.79,-0.085
1.29142372666,0.0942307479517,6.5,0.025
1.29205817613,0.922751404127,5.75,0.105
1.29219598789,0.137962969434,6.42,0.415
1.29267657401,0.429215181043,6.33,0.351
1.29300440509,0.631260057254,6.1,0.352
1.2931635789,0.235871923898,4.06,1.158
1.29330249347,-0.0902571934172,5.5,-0.123
1.29514202624,0.974314598892,6.65,1.678
1.29587921099,0.578857474511,2.69,1.49
1.29660194004,1.03184407195,6.55,1.663
1.29702826478,1.0777952109,6.76,0.947
1.29715713811,-0.0186271601902,6.25,0.423
1.29715824668,0.938151144432,4.43,-0.017
1.29753164258,0.299388140219,5.51,1.304
1.29820315619,1.13932110169,6.72,1.003
1.29915655324,-0.248393861387,6.15,-0.202
1.29944468172,0.417981259513,5.79,1.109
1.30095327171,0.437212054903,5.79,0.018
1.30102950382,-0.292869426964,6.67,0.102
1.3010638282,-0.0386195568266,6.34,0.11
1.30234077679,0.651514595663,6.74,0.335
1.30266298655,0.0299152185999,4.47,1.369
1.30397796665,-1.43938197722,5.84,0.932
1.30459074574,0.253827423037,6.14,0.156
1.30473301716,-0.285815586449,5.65,0.447
1.3057537074,0.661309522783,4.93,0.037
1.30603044488,-0.562679890641,6.7,1.295
1.30774387906,0.730825213252,6.66,0.952
1.30785674055,0.277799415725,6.75,0.45
1.30800308662,0.927737632034,6.09,1.462
1.30830260279,-0.179128813099,5.39,0.797
1.30868689354,-0.218819182978,4.78,0.267
1.30996248394,-1.36659296231,6.29,1.517
1.31033072334,0.68756723767,5.95,0.415
1.310503556,1.41710416331,5.09,1.304
1.31068519366,0.69210425619,6.46,1.677
1.31145452194,0.251044839175,6.75,0.673
1.31146463906,0.0631067210834,6.65,-0.053
1.31189186307,-0.0360590665057,6.31,0.293
1.31209660991,0.190475252511,6.8,0.034
1.31243321635,0.0797203223822,6.69,1.032
1.31256020505,-0.100420579834,6.22,1.049
1.31522043601,-0.349971996256,4.91,-0.047
1.31522600758,-0.0121633237415,6.76,0.149
1.31527610724,-0.125209317107,4.8,-0.164
1.31587088777,-0.693210668495,6.02,0.893
1.31598067071,1.06601213646,6.03,0.448
1.31658010158,0.465499692049,6.79,0.506
1.31682336435,-0.190831817526,6.76,0.909
1.31702203432,0.0126032269178,5.91,1.267
1.31758789164,0.764861019007,3.03,0.537
1.3177253202,0.0280799904246,6.45,-0.05
1.31779459304,-0.096011344877,6.64,0.365
1.31843742631,-0.458585773736,5.01,1.056
1.31916311384,1.29624499709,6.05,1.562
1.31938203581,-0.55451436532,5.92,1.17
1.3198096307,0.716908604914,3.69,1.154
1.32085083583,-1.24466933894,5.3,0.996
1.32099464303,-0.397848713499,5.74,1.188
1.32102477645,-0.0734804653092,5.86,1.212
1.32126512816,-0.857853885992,5.37,0.421
1.3213872054,1.16628091369,6.2,0.509
1.32250464152,0.376815928094,4.62,0.155
1.32344222091,0.723293170675,6.11,0.188
1.32391177081,1.05491619001,4.03,0.921
1.32520329765,-0.0443310841512,6.73,1.076
1.32587750518,-0.250807836646,6.42,-0.187
1.3259608368,-0.425653527822,5.61,0.094
1.32601014805,-0.728586828818,6.3,0.528
1.32620220161,-0.254053563908,6.71,1.21
1.32737931611,1.28742269848,6.21,1.609
1.3275093596,0.532230959464,6.14,1.208
1.32762723255,0.799000384466,6.51,0.223
1.32802019195,0.371369945258,6.2,1.324
1.32822358228,-0.619294799804,4.55,1.177
1.32835213831,-0.623171712548,6.32,0.311
1.32893362055,0.268852354367,4.65,-0.064
1.32913482693,0.56409513736,6.59,0.277
1.32921096613,0.483386813275,6.62,0.238
1.32933417522,1.29271223081,6.1,0.018
1.32949033687,0.259338996214,6.78,0.139
1.3304155203,-0.0530523315728,6.04,-0.117
1.33066757203,-0.865296498536,5.05,1.484
1.33085761758,-0.949588281565,6.26,1.554
1.33199130057,-0.456445325356,5.71,1.166
1.33253827559,0.0205534603752,6.1,3.332
1.33279802904,0.818845277739,6.6,0.888
1.33282528646,-0.390448174174,3.19,1.46
1.33304406604,-1.0030879109,4.71,0.526
1.33314796491,0.345692532674,6.48,0.219
1.33355639449,0.402491244479,6.69,0.081
1.33469789276,0.461289346031,6.6,0.113
1.33524378399,0.627208293252,6.49,0.184
1.33561772467,1.20379851187,6.68,0.391
1.33579182169,1.02926206063,5.22,-0.08
1.33585103052,-1.27474786686,6.26,0.01
1.33605959637,1.03011670669,6.08,1.112
1.33733530815,1.06761364638,6,1.38
1.33742303309,0.719677342966,3.18,-0.148
1.33784892564,-0.229032967742,6.04,-0.03
1.33813238463,0.900550104833,4.98,0.343
1.33849682933,-0.081247924,5.12,-0.059
1.33878070859,0.753540748429,6.2,0.444
1.34024959434,-0.338451950852,6.47,0.648
1.34087445413,-1.46363135421,6.8,0.573
1.34135544025,-0.218013780159,5.97,0.606
1.34150287588,0.325417547216,4.91,0.657
1.34201409023,-1.10653313992,5.19,1.646
1.34232640802,0.165313745255,6.15,0.625
1.34305993827,0.356367934944,5.28,0.118
1.34316234055,-0.219783336244,6.33,1.617
1.3432479535,-0.0887752322551,2.78,0.161
1.34338672505,0.148325564363,5.33,0.338
1.34357160724,0.378820585292,5.84,0.168
1.34426595303,0.137853138692,6.66,0.98
1.34438517981,0.423507192592,5.5,0.03
1.34486762979,-0.263463625672,6.38,0.889
1.34497521352,-0.62340164258,6.51,1.087
1.34537178311,-0.151238440512,5.8,-0.059
1.34607941586,-0.719314424621,6.75,0.662
1.34708141547,-0.0777754889882,5.11,0.455
1.34757106871,0.346619951042,6.51,0.903
1.34798709354,0.0561773336857,6.51,0.141
1.34858636759,0.857338876719,6.64,0.19
1.34890556,-0.152787535267,4.25,-0.187
1.34969520344,0.171558509145,5.43,0.249
1.3504303624,-0.0372631015744,6.59,1.018
1.35093234209,1.21543683913,6.43,1.101
1.35119103778,1.0904766334,6.63,0.251
1.35131791396,0.272223057322,4.81,0.313
1.35144383,0.520084127077,6.67,0.526
1.35150443344,1.13305885786,6.37,0.448
1.35154573065,0.489223836548,5.93,0.311
1.35286736378,-0.00986674214838,6.11,1.098
1.35338708862,0.236463653099,6.69,0.381
1.35399782314,0.651040163542,6.02,0.72
1.35517361885,0.537518466466,6.71,1.594
1.35573339047,1.10998074355,6.74,0.301
1.35575025786,0.819642743488,5.67,0.452
1.35587299349,-0.452222882687,6.4,1.246
1.35684984668,-0.0393417105112,6.24,0.984
1.35838806163,-0.0434723539135,5.89,0.462
1.3586567063,-0.206805611961,5.6,1.35
1.3589970275,0.537654419528,6.62,1.165
1.35959974499,-0.652670779606,6.57,1.653
1.35977977322,0.521915929495,6.42,1.752
1.36000055598,0.00898100969182,6.68,-0.072
1.36001606978,0.280049824102,5.18,1.525
1.3602915043,0.0180995462763,5.88,0.662
1.36265867841,-0.20715694639,4.45,-0.099
1.36292126453,0.461720107872,6.78,1.004
1.36298956784,1.290612935,5.44,-0.108
1.36322600234,-1.42317169797,6.51,1.107
1.36485685075,-0.105717915268,5.9,0.96
1.36542195695,-0.282838776254,3.29,-0.11
1.36592540389,1.07948683321,6.17,0.032
1.36672936461,-0.225868145996,4.36,-0.094
1.36699141938,0.0499385025607,4.46,1.166
1.36699040011,0.651658972896,6.48,0.542
1.36759059742,0.671681199281,4.82,0.189
1.36799412214,1.09416665721,6.49,0.204
1.36801501707,0.0343425678789,6.08,0.421
1.36902444122,-1.17260390827,4.81,1.274
1.36915655673,0.00978123456903,6.33,1.463
1.36959868948,-0.908107987473,6.03,1.392
1.37007975542,-0.254938003631,6.22,0.377
1.37218109263,-0.627917036619,5.75,1.009
1.37243036933,-0.143145630756,0.18,-0.03
1.37266785703,1.33470146828,6.36,-0.011
1.37295132013,0.54806700419,6.63,1.007
1.37308729724,-0.123423856454,6.7,1.259
1.37328673863,0.0899918037613,5.5,1.369
1.37330303198,0.928758615151,6.16,0.084
1.37508403609,-0.639713601916,6.75,1.123
1.37527515394,1.03682482801,6.15,1.179
1.3757922792,-0.0245923875419,6.15,0.401
1.37621914554,-0.470252937607,5.06,-0.067
1.37622090351,0.570506246992,5.01,0.222
1.37625539543,-1.28436117884,6.49,0.15
1.37645786006,0.388944151323,6.26,0.075
1.37726904365,-0.910750830216,6.48,1.213
1.37763940865,-0.399581977803,6.76,0.14
1.37786862533,-0.609585547425,6.66,0.153
1.37911075857,0.197943961565,5.52,-0.012
1.37957795827,-0.198139433226,6.45,0.67
1.38013002019,0.598862903444,5.99,0.199
1.38179462131,0.0339872915959,6.42,-0.015
1.38181641265,0.802816392634,0.08,0.795
1.382319938,-0.299190255258,6.55,-0.15
1.38429830506,0.504487453982,6.76,0.765
1.38479555095,-0.310228916523,6.76,0.29
1.38528804129,-0.609036264005,4.81,0.987
1.38543895368,0.35136693059,6.69,0.523
1.38581978653,-0.119457478971,3.59,-0.115
1.38609989602,-0.235965471004,5.48,0.932
1.3883050997,0.582444520036,4.54,1.252
1.38850017818,1.27876907926,5.81,-0.023
1.38867799825,0.746863230153,5.55,1.492
1.38891102614,0.58935140824,6.15,-0.043
1.39046929463,0.706249643951,6.22,1.386
1.39120634116,-0.316429072732,5.96,0.572
1.39156465493,0.717251772293,6.69,1.521
1.39190205778,0.58902058706,5.38,-0.167
1.39250958515,0.699860474812,4.69,0.63
1.39271594348,0.0453053689502,5.34,0.412
1.39296857559,0.351414993141,6.12,1.02
1.3931073523,0.385656572489,4.96,0.937
1.39316814087,-0.323233572058,6.37,-0.134
1.39323169652,-0.323052748121,6.53,-0.1
1.39350921069,-0.883240750844,5.44,0.517
1.39362250522,-0.477677135187,5.98,-0.022
1.39362645671,0.59315748674,6.49,0.256
1.39392566956,1.01433936469,6.13,-0.031
1.39441076937,-0.229978343076,4.29,-0.235
1.39446600163,-0.0246421624292,6.33,-0.105
1.39619239986,-0.214947509903,5.29,-0.104
1.39633037785,0.59267984389,5.05,0.287
1.39643198406,0.775369205392,6.49,1.331
1.39733046118,0.717089679765,5.46,0.122
1.39759389168,0.34170457707,6.65,-0.026
1.39776937623,-0.605609284145,6.34,0.318
1.39790784774,1.09351354373,5.64,1.728
1.39818375565,-0.093681041228,6.4,-0.047
1.3982209323,-0.370703802394,4.7,-0.048
1.39894984028,-0.75981083215,6.6,1.688
1.39905018071,1.25165729514,6.57,0.926
1.39911146362,0.81967265033,6.54,0.582
1.39922222402,1.16495279341,6.39,0.921
1.39939628682,0.653427982772,6.79,0.0
1.39944585851,0.0444147897861,6.43,1.041
1.40006292755,0.0511184650782,6.77,0.256
1.40013397182,0.169727178288,6.62,0.155
1.4003805588,0.345825589512,6.2,1.229
1.40057838508,0.487946265772,6.35,0.039
1.40154937967,0.51609183694,5.66,0.06
1.40185286818,-0.599434225989,6.05,-0.176
1.40188793451,0.946885542496,6.63,1.16
1.40203075428,0.0700217073098,6.49,-0.089
1.40230395617,-0.900159207369,6.67,0.991
1.40294244912,-0.00726914094299,5.68,-0.125
1.40379451467,0.147106056009,5.78,-0.114
1.40395360409,-0.0066752761566,4.72,-0.168
1.40399053024,-0.432370092051,5.06,0.662
1.40414741529,0.729627432296,5.22,-0.129
1.40433490067,-0.240082001505,6.62,-0.082
1.40464895107,-0.307241325474,6.47,1.206
1.40660076405,-0.979730112521,6.1,-0.091
1.40744306369,1.38284441233,5.08,0.506
1.40831558999,0.0488031596585,6.71,0.079
1.40862615916,0.0618623653582,4.99,-0.096
1.40864921516,0.716095682718,5.54,0.127
1.41022552048,-0.466097738434,6.49,0.505
1.41069947461,-0.146879843446,5.99,-0.037
1.41101654311,0.505041759915,6.45,-0.04
1.41110015895,-0.692519128197,5.73,1.626
1.41137760077,1.00433916269,5.24,-0.011
1.41154640739,-0.243078149027,5.25,-0.219
1.41161252455,0.0929053784645,6.34,0.123
1.41209544042,0.291457740248,6.09,0.141
1.41218034206,-0.651648173535,6.8,1.037
1.41243018833,-0.00278934966029,5.69,-0.208
1.41308618074,-0.0151254046999,6.13,0.483
1.41348603792,-0.13627643447,4.13,0.943
1.41556793127,0.303399903235,5,0.544
1.41578845674,-0.2962832648,5.64,-0.001
1.41579775909,-0.041838094172,3.35,-0.24
1.41581895062,-0.0155566129724,5.07,0.961
1.41634200627,0.0410704741546,6.33,-0.145
1.41651114961,0.544960073239,6.3,1.251
1.41651797191,0.543550468989,5.94,0.034
1.41656317255,0.652497372431,5.02,1.445
1.41679448736,-0.913034819552,6.79,0.066
1.41697469767,0.631808237482,6.49,1.645
1.41697657109,0.0322265385473,4.89,-0.2
1.41708291126,-0.91309073537,6.26,0.067
1.41775842016,-0.771883797602,6.09,1.195
1.41803842584,1.28643327958,6.48,1.738
1.41820684505,-0.180273083978,5.6,1.543
1.41865183381,0.110823209647,1.64,-0.224
1.41883455779,0.359253801707,6.75,0.221
1.41902081446,0.60833512009,6.55,1.101
1.41954511579,-0.219110229597,6.55,1.086
1.42026153579,0.596664435706,6.66,0.651
1.42034025231,-0.00949362759726,6.55,-0.038
1.42073422393,-0.0260279819074,6.44,-0.162
1.42149930384,0.00907996669684,6.18,-0.178
1.4224306125,-0.343749564548,5.78,0.441
1.42261528531,-0.0963160199125,6.24,-0.047
1.42285949785,0.291472789925,6.23,-0.084
1.42322742609,1.36859230595,6.68,1.043
1.42371680857,0.499294192379,1.65,-0.13
1.4238448483,-1.02821745019,5.14,0.986
1.42471353182,0.051241239836,6.52,-0.001
1.42526711894,0.119880694038,6.41,-0.023
1.42599240367,0.600250318053,5.92,0.138
1.42609604742,0.0540297119125,4.59,-0.199
1.42617261585,0.580535924552,6.18,1.152
1.4263935642,0.61884614737,6.17,1.453
1.42674585478,-0.0412010873612,6.62,-0.163
1.42679315073,-1.19768932724,6.02,0.346
1.42715303122,-0.207710998365,6.3,0.553
1.42719353572,-0.714599049149,5.86,0.239
1.42740828545,0.527239585408,5.69,0.175
1.4274104567,0.0672919961841,6.74,-0.154
1.42754067028,0.31349981761,5.4,-0.09
1.42781710511,0.266295887394,6.18,0.083
1.42792668901,0.0408616473092,6.36,0.965
1.42946099897,-0.373076567734,6.08,1.032
1.42957628524,0.382872270748,4.88,-0.14
1.42963456791,0.601717828633,5.08,1.4
1.42965707417,0.756913030686,6.76,0.003
1.43012339823,0.277054475125,5.52,0.015
1.43078461144,0.841713684562,6.51,1.489
1.43123794436,0.589287789819,6.41,0.51
1.43127692739,0.0226587510875,6.41,-0.173
1.43128708022,0.300879571262,5.77,1.634
1.43224069862,-0.362320594829,2.81,0.807
1.43228509081,-0.649799459964,5.56,0.026
1.43269964287,-0.391545890872,6.78,0.59
1.43304272374,0.000354994692467,6.66,-0.061
1.43309004591,0.605584830608,6.56,0.983
1.43369879279,0.238743223713,6.35,0.168
1.43425985198,-0.146200501282,6.75,0.828
1.4346568201,1.36659936496,6.72,0.377
1.4349244799,0.219053178211,6.71,0.582
1.43530855643,-0.0577255242515,6.39,-0.007
1.43561323596,0.737759680123,6.58,0.937
1.43601950534,-0.52563602424,6.75,1.061
1.4367331793,0.438954061144,5.47,-0.042
1.43679281065,-1.08758894048,6.6,1.526
1.43692543649,0.320541985466,6.74,0.12
1.43725575078,-0.0601509168803,5.8,1.149
1.43738084476,-0.126726350451,6.69,-0.112
1.43739943381,1.3609642978,6.53,0.181
1.43848959394,0.50939989787,6.2,0.476
1.43856010664,-0.0140064822141,6.49,0.251
1.43863497154,0.617410650399,6.78,0.131
1.43873174406,-0.0190631653448,4.71,1.592
1.43917879483,-0.821636203616,6.64,0.348
1.43951658557,0.0312284815768,5.77,-0.192
1.44058559906,-0.821660077053,5.46,0.615
1.44063884487,1.10073064565,5.43,1.704
1.44090949084,-1.47977921801,6.18,-0.003
1.4410506365,-1.11574859527,6.19,0.225
1.44134549828,0.0733875110469,6.21,1.28
1.441405859,-0.129761935364,6.33,-0.194
1.44179943516,0.26809041139,5.93,0.103
1.4430488096,0.392040300669,6.29,1.18
1.44317496838,0.695093368533,6.38,0.986
1.44331832871,0.103814610432,4.2,-0.143
1.44343461227,0.723648315983,5.99,1.112
1.44481457408,-0.36413954496,5.53,0.012
1.4450195794,-0.738270707845,6.7,0.355
1.44518730707,-0.619077339987,3.86,1.13
1.4453167933,0.0574585582451,5.46,-0.176
1.44577935572,-0.117083298064,6.23,-0.178
1.44685818996,0.260558487958,6.69,-0.061
1.44687789576,-0.801547988322,5.86,1.349
1.44710969602,0.318419788118,6.77,1.592
1.44743590969,-0.0561380514122,6.69,1.308
1.44775124061,1.49991027281,6.5,0.36
1.44809570372,-1.3324011743,5.18,1.13
1.44832220509,-0.12743586135,4.62,-0.261
1.44865241684,-0.00522014024414,2.25,-0.175
1.44955055758,0.32453060968,4.32,2.06
1.44965172256,0.29772049873,5.5,-0.004
1.45012085081,0.862077622121,6.72,0.47
1.45107729887,0.998696086927,6.44,0.587
1.45138522664,0.000208265855092,6.15,1.553
1.45163057088,-0.0277826936083,5.34,-0.188
1.45166630369,-0.284823604837,6.68,1.526
1.45179927622,0.561856770315,4.71,0.281
1.45180965172,-0.311057614671,2.58,0.211
1.4523616463,-0.672185137392,5.45,1.224
1.45295343914,-1.12098164587,5.34,1.039
1.45352290597,-0.613297809308,5.75,1.085
1.45352082266,-0.0299735448219,6.53,-0.099
1.45411624158,0.563555415741,6.62,-0.031
1.4549793685,0.572488587144,6.5,0.094
1.45507539517,0.734939960767,6.55,-0.015
1.45527345967,-0.0201772767864,5.36,-0.175
1.45528678636,0.323588073424,5.67,-0.022
1.45549410533,-0.996288657852,6.76,0.382
1.45571490897,-1.09065319919,3.76,0.64
1.45572944193,-0.0604437396167,6.75,1.504
1.45576579765,0.606075528437,6.27,0.17
1.45581098687,0.357342486114,6.19,-0.034
1.45612147676,0.571576632036,6.54,1.58
1.45621079168,-0.958225715092,6.42,0.55
1.45676714576,-0.520967242105,6.52,-0.016
1.45693424785,0.249679439502,5.6,-0.118
1.45717444396,0.0245680670305,6.58,-0.174
1.45752972167,-0.122587567634,6.45,1.116
1.45763287372,-0.0180768355973,6.24,-0.16
1.45764426307,-0.0256607609997,5.92,1.535
1.45843405021,-0.0502945498424,6.69,-0.158
1.45850008216,-0.328331611706,6.72,1.609
1.45856968794,0.0657447218967,5.32,0.051
1.45910120126,-0.0838515190241,6.8,0.198
1.45947965583,-0.000215457444676,6.25,0.997
1.46050301928,0.0988010249504,6.71,-0.137
1.46060659355,-1.2870280706,5.79,1.717
1.4608410806,-0.125670454494,6.69,1.162
1.4609305464,0.165624401371,4.39,-0.157
1.46127431814,-0.0717403255748,6.74,-0.139
1.46152688069,-1.06772346192,6.32,0.845
1.46178646727,-0.104881545454,5.67,-0.228
1.46190825103,-0.104755132154,4.78,-0.248
1.4619127567,-1.02749530039,6.69,1.504
1.46231517331,0.173383772097,3.39,-0.16
1.46264376173,0.167783097099,6.72,-0.133
1.46267605851,0.178723336496,5.6,0.149
1.46283836549,-0.577350103933,5.76,1.12
1.46286388297,-0.0940263844853,4.98,
1.46291065297,-0.0940679384853,5.13,0.02
1.46296391097,-0.0940327624853,6.71,0.08
1.46330343693,-0.0784381051241,6.57,-0.142
1.46333610164,-0.0772189505198,6.24,-0.148
1.46337863827,-0.0945280733682,4.98,-0.097
1.46339778999,-0.0844452743116,4.58,-0.183
1.4636027423,-0.103147236301,2.75,-0.21
1.4636590054,-0.580657581655,6.74,0.502
1.46368614147,0.419569974243,5.37,-0.092
1.46397336835,-0.0761669706093,6.56,-0.16
1.46399417166,-0.0919331915808,6.75,0.184
1.46432429806,-0.0567727674212,6.4,-0.122
1.46434127239,-1.37568315878,6.04,-0.018
1.46458461891,-0.0847543505094,5.24,0.269
1.46574942151,0.482799030005,6.27,1.529
1.46628369451,-0.825780650097,6.1,1.159
1.46682513159,-0.501049387291,6.26,0.151
1.46700838721,-0.0209774579665,1.69,-0.184
1.46716940779,-0.0985748462696,6.56,-0.18
1.46723688302,0.832788915272,6.1,0.295
1.46827108476,0.452741301828,6.52,0.452
1.46863788711,0.94995929676,5.74,1.671
1.468672276,-0.105849883153,5.71,-0.212
1.46988842332,0.701314748679,6.08,1.032
1.47003171507,0.16215282732,4.09,0.951
1.47007512081,-1.16169616343,6.28,-0.052
1.47057147864,-1.28629618637,6.69,0.584
1.47071148187,0.297409765197,5.53,0.237
1.47075855451,0.192597161625,5.97,1.592
1.47107782148,-0.205521515264,6.1,0.051
1.47109254414,-1.40445112268,5.65,0.6
1.4710830903,0.469920703887,5.83,-0.075
1.47153572097,1.11971056411,6.15,0.006
1.47160632173,1.16407687412,6.26,0.231
1.47164019051,-0.486447033614,6.15,0.322
1.47184416297,0.15623968428,6.11,-0.17
1.47242938948,-0.103644475478,6.03,-0.21
1.47325319139,0.369007093722,2.97,-0.148
1.47368481642,-0.500729557705,5.28,0.486
1.47377091662,0.585717960258,6.36,1.306
1.47393690584,-0.605449383712,6.57,1.269
1.4742312745,1.25060473825,6.62,0.872
1.47432219264,-0.0840207440936,6.16,-0.029
1.47488459118,0.131622601712,5.87,-0.061
1.47530532325,-0.474917157029,6.53,1.574
1.47607006846,-0.883852097755,6.43,-0.047
1.47638389649,0.148131496474,6.72,1.184
1.47756468654,-0.114737223817,5.96,-0.216
1.47757299579,0.532192991794,5.4,0.45
1.47796846801,-0.710476527095,5.81,-0.078
1.47799294072,0.730232167842,6.59,1.442
1.47805883656,-0.0453797619685,3.77,-0.19
1.47866352268,-0.12588761197,4.77,0.139
1.47897537681,0.464572935729,6.45,0.98
1.47979940752,0.721843088243,6.44,1.0
1.47997712324,0.0719331659695,4.5,-0.098
1.48034638232,-0.311530944069,6.4,-0.095
1.48049823422,0.509901651446,5.98,0.144
1.48113788675,0.379834764704,6.42,0.066
1.48140934874,-0.169412624852,6.49,-0.107
1.48143189941,-0.0622158269155,5.99,0.294
1.48199832676,-0.59470537123,2.65,-0.12
1.4823457349,1.30976264007,6.19,1.606
1.48238073061,0.4519895048,5.18,-0.15
1.48279116465,-0.569487250358,5.44,0.913
1.48347993188,-1.49948786229,6.77,0.94
1.48614114389,0.547303789724,6.04,0.037
1.48624209512,-0.0493096782787,6.22,-0.194
1.48658785151,0.557119699437,6.23,2.088
1.48684068726,-0.0339042812502,1.74,-0.199
1.48688899055,-0.181665453273,6.46,-0.127
1.48721793852,-0.0197010548464,4.95,-0.197
1.48773498052,0.57414334567,6.74,0.491
1.48830010778,0.00589490961242,5.93,0.311
1.48918171592,0.288575318196,4.84,-0.125
1.48937195754,0.933420543837,6.21,0.84
1.48941860216,0.514652538927,6.4,-0.081
1.48985119341,-0.582952909084,6.35,-0.04
1.49082663139,-0.0505527183145,6.41,0.32
1.49091194353,-0.291920806774,6.22,-0.136
1.49187556548,0.407119486692,6.57,-0.051
1.49254633873,0.395497278652,6.35,1.194
1.4930986015,-0.532944006237,6.18,0.023
1.49327158121,-0.3904949963,5.88,0.08
1.4933092806,-0.305962786107,6.15,1.376
1.49336143765,-0.605067463793,5.29,-0.032
1.49353753192,0.0413150334048,6.67,-0.032
1.49417987155,1.14664028779,5.62,1.249
1.49433869141,0.0257371290452,4.9,1.144
1.49615971708,0.331269790248,6.66,-0.015
1.49617731208,-0.1186155017,5.97,0.447
1.49648000069,0.247461525025,6.72,1.095
1.49667415324,1.29129575081,6.77,0.329
1.49674104956,0.987533858488,6.05,0.951
1.49729749717,-0.0281564951842,6.31,1.467
1.49803807492,0.404992691594,6.23,-0.071
1.49819569167,-0.32388904396,5.73,-0.014
1.49827910066,0.509640002377,6.62,1.075
1.49835905155,0.0935258501737,6.73,-0.034
1.49881439346,-0.687780289557,6.25,0.377
1.49961110147,-0.799934383964,6.38,0.295
1.50000158384,-0.374000634909,6.68,0.994
1.50018002473,1.49519487618,6.69,0.02
1.50159793597,1.07296795939,6.17,0.902
1.50300514719,-0.39179818009,3.59,0.481
1.50304813424,-0.351274966295,6.34,0.58
1.50339757668,-0.119803953623,6.76,0.199
1.50435763809,-1.14730136138,4.34,0.217
1.50466805179,-0.378024867146,6.79,-0.173
1.50544019376,0.22494382289,6.47,0.234
1.50547679037,0.0699547388309,6.09,0.32
1.50583532116,0.586889196026,6.78,0.436
1.50618436882,0.326452686101,6.67,1.583
1.50749874916,0.546721333297,6.5,1.1
1.50894701739,0.706984615707,6.57,0.256
1.50927654173,0.869632208216,5.46,0.03
1.50970214069,-0.563853658567,5.18,-0.274
1.50991838743,-0.0744991054888,6.24,1.05
1.51062760751,1.13043242249,6.66,1.568
1.5107257463,-0.41267188878,6.54,1.422
1.51170024489,-0.813274219262,5.31,1.04
1.51174423319,-0.928852449269,6.63,0.594
1.51191918406,0.979401544967,5.93,0.164
1.51224867118,0.0203888190985,5.95,0.773
1.51301840338,0.27615466904,6,-0.061
1.5135011658,0.166196233136,5.78,0.888
1.51368058855,0.993509921539,6.79,0.141
1.51387976247,-0.258691829057,3.55,0.104
1.51407656571,0.899208825909,6.47,0.898
1.51440603174,-0.499843334213,6.22,-0.132
1.51464071969,-0.283407936061,6.18,0.892
1.51482174204,1.02600100829,6.56,1.313
1.5150295479,0.252868916583,5.72,0.077
1.51504238032,-0.94877369258,6.19,1.406
1.51514096398,0.742231776749,6.3,1.354
1.51531565526,-0.891278807159,3.85,0.171
1.51543210262,-0.622630062243,6.29,1.191
1.51597816604,0.309431883802,5.47,0.301
1.51602869185,-0.183834795888,6.04,0.135
1.51621717353,-0.725886115026,6.78,1.585
1.51641831461,1.1100092967,6.49,1.01
1.51659405406,0.446256656385,6.48,1.193
1.51677382524,0.951111324338,6.58,0.924
1.51719340032,0.242593775071,5.28,-0.156
1.51737389275,-0.168766439905,2.07,-0.168
1.51757418654,-1.26889363653,6.54,1.073
1.51815523416,0.43086655538,6.77,1.53
1.51816873198,0.613645115976,6.55,0.742
1.51829676457,-0.709528257379,6.62,1.12
1.51845347881,0.112646276249,5.26,0.234
1.51858725117,0.216742038027,6.68,-0.083
1.52006304743,0.364241149509,6.03,-0.051
1.52097740366,-0.0714650864491,5.97,0.639
1.52132198072,-0.2498325743,6.74,0.884
1.522204856,0.689991548836,6.8,0.82
1.52287005502,0.428784371843,4.88,1.021
1.52313909678,1.09620971046,6.18,0.128
1.52355920039,0.683838694138,4.51,0.949
1.52519456943,0.220807251992,4.89,-0.068
1.52528158322,-0.783223372654,6.38,1.262
1.525457223,-0.252787650401,5.49,0.87
1.52640855599,-0.980293198569,4.5,1.075
1.52669044253,-0.400934794762,5.87,0.055
1.52669335049,-1.16764598402,5.1,-0.128
1.52674170754,-0.534439927427,6.63,0.951
1.52735837668,0.172285257732,5.79,0.876
1.52811320043,0.0772029981166,5.96,1.361
1.5283845831,-1.38511707432,5.46,-0.076
1.52925926214,-0.920973232214,6.32,0.746
1.5292652045,0.249679960175,5.54,1.006
1.52934662263,0.0353376795969,5.97,0.953
1.52962714185,0.993422882496,6.53,0.129
1.53070169492,0.252084223435,6.75,-0.07
1.53090069516,0.245184869752,6.59,1.054
1.53103335666,-0.909471397313,5.16,0.96
1.53125825937,0.899099090721,6.29,1.047
1.53135081456,-0.62427475299,3.12,1.146
1.53138897234,0.488131266389,5.6,0.978
1.53160625119,1.14762500393,6.61,0.822
1.53170326189,0.651105076227,4.72,1.621
1.53186287948,0.323781319868,6.76,1.345
1.53292895976,-0.364408841239,3.76,0.984
1.53312512382,-0.131213903636,5.36,-0.195
1.53320603948,-1.1175965506,6.35,0.866
1.53339894561,0.560681679851,6.28,1.752
1.53360730747,-0.40015070478,6.16,1.02
1.53366426873,0.683269877544,3.97,1.132
1.53555334224,-0.71742259958,6.71,1.647
1.5358597244,-0.513989446936,6.47,1.473
1.53645180001,-0.157810925371,5.95,0.1
1.5371445481,1.02911747643,6.14,-0.036
1.53735818216,-0.997563722579,5.93,0.656
1.53751085733,0.247344339827,5.6,-0.053
1.53759186271,0.346759374797,5.96,0.549
1.53781240823,0.0323781926059,4.76,1.382
1.53830268845,-0.656785951455,5.62,1.046
1.53877432112,0.690708895901,6.4,0.098
1.53880522749,0.59197138458,6.04,1.579
1.53935957633,-0.672405520964,6.69,1.077
1.53946669453,-0.603195567186,6.64,0.916
1.53992506254,1.1950538408,6.22,0.955
1.54075351426,-0.589945035553,4.88,-0.154
1.54094883963,-0.83697595285,6.75,1.382
1.54163639183,0.354286244849,6.7,-0.057
1.54168174305,0.481924885605,4.56,-0.008
1.54191477344,-0.749118538609,6.55,1.37
1.54233585316,0.65168942129,6.7,0.2
1.54444128608,-0.342761773659,6.68,0.104
1.54505054621,-1.10112171641,4.65,1.022
1.54510505603,-0.626625432435,6.78,0.438
1.54540047823,-0.878992327186,6.53,0.891
1.54548457849,-1.12542747456,6.62,0.383
1.54558724,0.184767595659,6.13,1.404
1.54563638207,-0.508714706022,6.34,0.37
1.5457623706,0.056298059523,6.3,1.283
1.54628817413,0.353886004695,4.39,0.594
1.54677139739,-0.146828375561,6.61,1.326
1.54696276877,0.205306566612,6.59,0.029
1.54713956784,-0.0709426363582,6.57,-0.175
1.54760675814,-0.866154714739,6.11,-0.148
1.54778921777,-0.205498419601,5.62,1.523
1.54781882598,0.0169055204242,5.99,1.328
1.54825964393,-0.918662441742,5.29,0.295
1.54830948216,0.972269634645,4.96,0.052
1.54843331383,-0.697396166551,5.55,1.515
1.54862977493,0.248182814894,6.63,1.025
1.548648945,0.102289818352,6.8,0.007
1.54873876354,0.344695790376,5.92,-0.145
1.54882163084,1.04524919021,5.2,0.01
1.5489065558,0.553295475972,5.9,0.144
1.54972911837,0.129277631694,0.45,1.5
1.55115495074,-0.647877873502,4.97,1.102
1.55117382549,-0.0805739253314,5.87,1.173
1.55155179307,-0.0835766110011,6.28,0.056
1.55282462581,-0.378552010843,6.77,0.734
1.55309616277,0.721227958742,6.64,0.297
1.5532619133,-0.550337380174,6.73,-0.05
1.55359219738,0.243035561928,6.6,0.65
1.55438040894,-0.398632772009,5.95,1.107
1.55439435017,0.904150132691,6.62,0.159
1.55486609497,-0.547726912018,5.52,0.382
1.55510971555,-0.247273014605,3.71,0.337
1.55538184957,0.165970261606,5.97,-0.038
1.55579874948,0.505137834249,6.35,0.275
1.55584738936,-0.405183601516,6.37,1.068
1.55690685287,-0.558090797099,6.44,1.07
1.55693908395,0.201080392294,5.89,1.111
1.55733890426,-0.768101468099,6.65,0.521
1.55742407151,0.423236918039,6.03,0.346
1.55804325926,0.855729473507,6.55,0.993
1.55875136473,-0.932454255969,6.48,1.48
1.56004875558,-0.615809400307,4.36,-0.165
1.56012715528,-0.315122452041,6.67,0.525
1.56024999976,1.15359455543,6.24,1.369
1.56042207139,0.801129443925,6.59,0.97
1.56166918247,0.0213682415718,6.22,1.461
1.5620446641,0.452981214308,4.81,-0.088
1.56292127424,-0.0173488860282,6.21,1.14
1.56384719895,0.032063589842,5.89,0.223
1.5648003651,-0.768548099423,5.81,1.061
1.56567464765,0.00965131123508,5.21,0.009
1.56591656771,0.449893511139,6.63,0.967
1.56594115048,0.223546382476,5.7,0.874
1.5665114974,-0.163750691195,6.15,0.333
1.56674662046,-0.166822936013,5.04,0.189
1.56707305106,-0.747265081723,3.96,1.146
1.56801696514,0.87134759825,5.9,1.194
1.56844768318,0.146877630989,6.77,0.947
1.56873106637,0.947445981439,3.72,1.01
1.56874094502,0.784480690669,1.9,0.077
1.56917813906,-0.0252036778954,6.62,-0.059
1.5692535176,-0.617019122439,6.78,1.315
1.56957915351,0.649482133376,2.65,-0.083
1.56976566707,0.965531106966,6.42,0.318
1.5699199144,0.95202491234,6.14,1.197
1.57051270634,0.801747283477,4.3,1.701
1.57087855601,-0.141503357743,6.65,1.529
1.57103989843,-0.0536558454452,4.53,1.202
1.57115495425,0.490886682691,6.69,1.634
1.57123554537,0.475989474805,6.61,1.022
1.57149722609,0.891529453858,6.76,0.046
1.57204601994,0.220110436399,6.8,-0.043
1.57208057899,-0.225148069362,6.21,0.358
1.57217123973,0.778277441875,6.21,1.128
1.57256216193,0.284470474784,6.54,1.54
1.57257866205,0.602276909692,6.76,0.948
1.57437283724,-0.893893405686,5.65,0.207
1.57450744855,-0.748230756685,6.58,-0.159
1.57505496211,0.836046276882,5.71,-0.007
1.57519267848,0.481228505824,6.04,0.218
1.57589011403,0.541654499273,6.18,0.095
1.57611217043,-0.443623646119,6.04,0.027
1.5762580271,1.14363417974,6.61,0.224
1.57634481777,-0.591873182495,5.54,1.58
1.57662717189,1.48670834182,6.17,1.564
1.57801207486,-0.272084388442,6.66,1.259
1.57818679741,0.390971229871,6.36,-0.071
1.57829082919,0.854503515454,5.98,1.437
1.57882642214,-0.184968779708,4.92,-0.128
1.58016846497,-0.0896567929984,6.56,1.572
1.58020117589,-1.04888755999,6.41,1.508
1.58076695613,0.0295667953783,6.58,-0.042
1.58119547796,0.16837673875,4.12,0.17
1.58198185475,-0.253023124157,6.2,0.947
1.58225953149,0.568827579117,6.79,0.432
1.58280502924,0.834433693354,6.49,0.567
1.58305710659,0.871018400073,6.04,-0.033
1.58341323294,0.757094750603,6.38,1.205
1.58353466105,0.569600361523,6.23,0.456
1.58419982694,0.995157314714,6.5,0.953
1.58461335367,0.133118786644,6.73,1.378
1.58502073443,-0.458751841955,5.03,1.335
1.5851905238,0.748948086313,6.08,0.979
1.58568745273,0.203873040621,6.09,-0.035
1.58587640415,0.343665120274,5.14,-0.097
1.5878994469,0.351482289796,4.64,0.236
1.5887743077,0.406021896334,4.16,0.835
1.5892314694,-0.117093116435,5.19,-0.066
1.58972350338,-0.56151483864,5.65,-0.186
1.59031924107,-0.786037013538,6.35,0.517
1.59036635257,0.900125541524,6.39,0.196
1.59042554013,0.772490477221,6.74,0.573
1.59116725215,-0.786775779138,5.93,0.493
1.59164657305,-0.845756954414,6.6,0.712
1.59248444738,0.251125569542,6.72,0.508
1.59248079333,0.0945963143642,5.67,1.047
1.59249368088,0.0725825020376,5.63,1.041
1.59254962271,-0.287707662475,4.92,0.196
1.59280072034,0.662601544535,6.32,0.825
1.59285976659,0.750171047863,5.9,0.358
1.59310172682,-0.981452700299,6.76,1.434
1.59321123111,1.03660707161,6.32,1.116
1.59329119536,1.31922315421,6.28,1.512
1.59457876809,-0.178767020776,5.88,0.374
1.59458930681,-0.619830075443,5.8,0.027
1.59507819289,0.586414043391,6.23,-0.079
1.59592535788,-0.422292372843,6.74,1.444
1.59642772255,0.842108839187,6.77,-0.102
1.59737900009,-0.51938596154,5.79,0.041
1.59738353869,-0.579784214422,6.7,0.5
1.59759814159,0.617632582021,6.12,0.6
1.59765433535,-0.260669361737,4.67,0.046
1.59765767711,-1.15260881905,5.72,-0.024
1.5986085256,0.515088788893,6.01,1.73
1.59931043124,-0.403360352398,5.46,0.064
1.59952851245,0.671648845403,5.35,0.251
1.5997659078,-0.288300320184,6.6,0.945
1.59979324796,-0.0731962472586,5.37,-0.122
1.59982552577,1.10747840076,6.42,1.011
1.59992004089,0.271260919315,6.76,0.814
1.59996133383,-0.73825339987,6.15,0.246
1.6005149963,0.412571454156,6.67,1.37
1.60065260111,-1.1743157626,6.7,1.363
1.60074995509,-0.195015971097,6.66,-0.152
1.60103668075,0.285653059463,6.57,1.129
1.60115875638,-0.380696440686,5.74,1.584
1.60123450912,-0.108257797448,6.58,0.228
1.60147574155,-0.786995308413,6.48,1.162
1.60158504651,-1.08480207506,5.04,1.256
1.60160648605,-0.598857732335,5.82,-0.137
1.60328549101,0.730495020485,6.15,1.202
1.60363997518,-0.650186116274,5,-0.095
1.60383575098,0.257758455519,4.42,-0.164
1.60394975972,0.182496987928,6.7,1.15
1.60436755957,-0.334507469991,5.28,1.661
1.60475675419,-0.780673892235,6.76,0.317
1.60518375597,-0.735726850856,5.5,0.007
1.60738538175,0.716557596908,6.34,1.044
1.60754963345,-0.194539424658,6.79,0.0
1.60822134882,-0.774161944899,6.26,-0.135
1.60892554476,-1.20154415915,5.06,-0.072
1.60902578378,-0.138515619213,6.69,0.069
1.60912313703,0.151310126275,6.55,-0.065
1.60917194288,-0.119055415661,6.46,0.876
1.60991097368,-0.391432180112,5.49,-0.01
1.60991376276,0.0436278608916,5.7,0.067
1.610560326,-0.14488972407,6.64,1.363
1.61059332901,0.131135769008,6.63,0.907
1.6115350579,-0.316365104844,6.36,-0.04
1.61176997294,-0.865034596107,6.48,0.502
1.61242515148,0.387293134167,5.93,1.626
1.61257692829,-0.254549614454,5.56,1.15
1.6127025902,-0.0996832396418,6.16,0.352
1.61326489446,0.403406085338,5.75,0.192
1.61349484369,-0.466021863707,6.27,1.01
1.61355380164,-0.397487268488,5.71,0.454
1.61364003206,0.0500816859803,6.57,1.02
1.61435719104,1.02862191025,5.35,1.096
1.61518642612,-0.704306537314,5.54,1.665
1.6154676176,-1.30468676208,5.08,0.714
1.61573205965,-0.95938383399,4.72,-0.229
1.6167505912,-0.607668360551,6.65,0.775
1.61695163697,-0.473932693644,5.72,1.072
1.61733321076,-0.790319778963,6.28,-0.012
1.61888115447,-0.117883397389,6.15,0.01
1.61892168251,0.316436302341,6.37,1.35
1.61978346631,1.05511239481,6.48,1.698
1.61978600679,-0.462199846077,6.08,-0.021
1.61988382916,-1.14475128688,5.01,1.599
1.62037471048,-0.27564089243,6.78,0.267
1.62082256614,0.238037793478,6.04,0.021
1.621142221,0.426213812401,5.83,1.11
1.62145355262,0.850167137776,5.78,0.1
1.62192743597,-0.317406920824,6.6,0.99
1.62197198596,-0.0814272843836,6.18,-0.079
1.62213172823,0.918866744738,6.28,0.141
1.62256090583,-0.114324077631,5.06,-0.201
1.62289409955,0.247989732819,4.45,-0.18
1.62325365615,0.345410132581,5.76,-0.071
1.62339468329,0.281528694597,4.95,-0.149
1.6245450774,0.399828997522,6.51,2.197
1.62461972636,0.570607117467,5.78,1.646
1.62549785285,-1.07292456903,6.59,-0.066
1.62639915817,-0.0437172961455,6.62,0.051
1.62652522463,-0.310026865618,6.52,-0.166
1.62686916971,1.14700284213,5.36,1.344
1.62747568174,0.179549267898,6.6,-0.071
1.62748845272,0.105003509282,6.45,1.621
1.62842869652,0.185478647662,6.43,0.663
1.62973707216,0.648549091889,6.77,0.001
1.62993778297,0.326033542656,6.58,-0.085
1.62995425213,-0.513052488338,6.52,-0.105
1.63046097654,-0.993412834132,6.77,1.161
1.63081371266,-0.416469382489,6.37,0.713
1.63081690319,0.893128069739,6.07,1.051
1.6314635116,-0.0652992879708,5.83,0.91
1.6316723771,-0.126502562024,6.78,-0.004
1.63191931112,0.580222048179,6.59,1.661
1.6339614854,0.312524809063,5.86,0.253
1.63455195426,-0.0797346233102,5.83,-0.155
1.6349329553,-1.2850250284,6.61,-0.038
1.63503110695,0.279900396944,6.66,0.942
1.6355829449,0.334343091735,5.2,0.43
1.63561587884,-0.109515502969,3.99,1.319
1.6357124064,0.392817743607,3.31,1.6
1.63668534299,-1.2514493798,6.62,0.562
1.63685721754,-0.353816388366,5.88,1.322
1.63686223602,0.241747272786,5.91,-0.231
1.63753496524,-0.322487323207,5.99,1.058
1.63789661234,0.5148385501,4.32,1.021
1.63796653897,-0.20777166544,6.6,0.119
1.6380735233,0.281751556948,5.34,-0.101
1.63814775237,-0.15770371078,6.09,-0.081
1.63840405711,-0.0857780347134,5.99,0.097
1.63873799675,-0.00893939081995,5.62,0.506
1.63916792149,0.10587456372,6.07,-0.124
1.6391931877,1.04717966895,5.37,1.339
1.63925325299,0.319351379445,6.61,1.586
1.63951036908,-0.239431490027,5,-0.078
1.63951607183,0.219057441671,5.44,0.015
1.63966508653,0.0747635471646,6.63,-0.164
1.64017118384,0.0204042679075,6.37,0.443
1.640403398,-0.519906091738,6.67,1.545
1.64089974961,1.03349749107,6.59,1.004
1.64116880415,-0.290038926821,5.97,-0.167
1.64197744799,-1.0334706,6.44,0.593
1.64199460037,0.418355888602,6.09,0.897
1.64214220863,0.0188556006479,6.63,-0.058
1.64233970555,0.299875617181,6.39,1.565
1.64254524493,0.214189651221,5.04,0.431
1.64301918154,-0.613317750752,4.37,0.978
1.64319769568,-0.68529295967,6,0.163
1.64363667464,-0.21026457689,6.76,0.399
1.64485968791,0.123090666313,6.56,-0.116
1.64487867315,0.414357033281,6.24,0.446
1.64506232327,-0.658642674437,5.54,1.129
1.64523409731,-0.396455538818,6.05,0.576
1.64545421535,0.173527448667,5.39,0.106
1.64566871326,-0.650196193992,5.88,0.139
1.64590370405,-0.420180700638,6.73,0.93
1.6461464127,0.0890137436605,5.7,0.61
1.64739532352,0.245370215735,6.59,-0.036
1.64742592963,0.613469206424,6.68,0.451
1.64749320538,0.810250832663,6.53,0.263
1.64752712657,-0.187186356948,6.76,0.364
1.6480070642,-0.293492964188,5.15,1.293
1.64818907711,-0.33490608773,6.72,-0.121
1.64824391642,0.688949102164,6.72,1.902
1.6487356397,-0.9203650217,6.4,1.456
1.64885125744,-0.0764922093767,6.65,1.191
1.64895990133,1.07364428746,5.01,1.843
1.64974398423,0.251028243835,6.12,0.035
1.64995193137,-0.117379998446,6.79,1.049
1.65033449226,-0.348489442719,5.51,-0.163
1.65056240781,0.809142380124,6.33,1.113
1.65084796752,0.474906642118,6.66,1.122
1.65227073927,0.157903126007,6.24,0.87
1.652884318,-0.262234909839,6.04,1.663
1.65301463511,-0.163886736113,5.36,1.239
1.65302888243,1.20985852189,4.76,0.025
1.65325316362,0.614494568572,6.62,0.97
1.65329411025,0.411954988082,6.58,0.906
1.65362495216,-0.365220808557,5.79,-0.155
1.65383344978,0.302382811378,6.27,-0.094
1.65415553818,0.222472456708,6.73,-0.12
1.65427624697,-0.149854172249,6.22,-0.043
1.65630422325,1.21420943394,6.77,0.264
1.6564184481,1.02993562435,4.44,0.032
1.65647540129,-0.38577219891,6.29,1.473
1.65662091448,0.27948391868,6.61,0.562
1.65667785723,-0.600333760945,5.76,-0.08
1.65681185116,-0.136535510305,5.27,-0.177
1.65718655013,-0.689169168989,6.61,1.254
1.657871315,-0.244224165593,6.67,-0.026
1.6580337069,-0.0513910924212,4.91,1.613
1.65836997544,0.255710404386,5.67,1.578
1.65850383653,-0.850692551489,6.61,0.657
1.65930888906,0.134718930803,6.76,-0.04
1.65942936537,-0.524704742375,3.02,-0.16
1.66061959761,-0.412560288224,6.49,1.132
1.66069819682,-0.595927740121,5.55,-0.182
1.66112189926,1.25918454314,6.57,1.297
1.66173327002,-0.0802061596058,6.75,0.281
1.66185272832,0.205184789102,6.54,-0.104
1.66282105011,-0.206251221006,6.32,1.676
1.66329276215,0.515584510048,6.41,0.048
1.66372720019,0.738977618613,6.79,0.015
1.66422345771,-0.205481765462,5.48,0.002
1.6643001945,0.0395931864151,6.3,0.251
1.66431142621,0.31003162028,6.32,1.1
1.66538887623,-0.983707861341,6.79,1.654
1.66569609877,0.224483158023,6.68,0.947
1.66578012745,0.932916515331,5.34,0.448
1.66606625254,-0.894266700317,6.74,0.227
1.66704795556,1.03623861445,6.05,0.153
1.66723371495,-0.27337849543,6.51,1.15
1.66728619883,-0.583575270264,3.85,0.858
1.66904001103,-1.05101375483,6.53,0.614
1.66943600338,0.219392031825,6,0.319
1.66957071125,-1.22145197686,5.56,1.51
1.66984269565,-0.313389883938,1.98,-0.24
1.67080188401,-0.79637443732,6.73,1.139
1.67085060997,-0.983841564121,5.6,0.242
1.67097998922,0.392936198998,2.87,1.621
1.67125965697,-0.0571940132512,6.56,-0.148
1.67125943687,-1.11148040317,6.3,1.612
1.6716159597,0.994424878827,6.47,1.075
1.67210122657,-0.610810100822,6.53,-0.073
1.67220566798,-0.554845622639,6.31,0.893
1.6724974513,0.0657027324534,6.41,-0.149
1.67281042835,-0.081812426437,6.66,0.063
1.67376478337,-0.172346504378,6.11,1.841
1.67426269269,-0.287406668939,6.57,0.307
1.67450418725,0.0801606150279,4.39,0.215
1.67450837197,-0.263043057914,6.27,1.534
1.67453438322,0.0802120577042,6.72,0.45
1.6745650217,-1.02178330384,6.47,0.12
1.67461824208,-0.34532025672,6.61,-0.126
1.67521907844,-0.446413846875,5.61,1.561
1.675305352,-0.91971277489,-0.62,0.164
1.67558963643,-0.640671339257,5.62,1.027
1.67568213255,0.155072754209,6.24,-0.06
1.67626662908,-0.201237995145,5.21,1.23
1.67646663402,-0.46155278621,6.68,0.948
1.67652410728,-1.05210759879,5.78,-0.001
1.67701260201,-0.226228521163,6.12,-0.076
1.67728805045,-0.74783025858,6.67,0.673
1.6774491717,-1.10704365386,6.45,0.66
1.67798388274,-0.0247526093726,6.72,-0.098
1.67834976068,0.615316385057,6.56,1.19
1.67869747593,0.437182527157,6.35,1.21
1.67870809271,-0.50230772039,6.37,0.626
1.67875200828,-0.703088073686,6.3,-0.049
1.67935228928,0.518485938684,6.7,-0.055
1.67935357084,0.280249786035,6.35,1.063
1.67943597679,0.860236012795,4.92,1.905
1.67957412635,-1.11401126561,6.26,-0.119
1.6808248559,0.123669024792,6.26,0.85
1.68108265497,-0.0165087655178,5.88,0.564
1.68122358589,0.0262063914048,6.66,-0.032
1.68192825919,0.256947238135,6.3,2.349
1.68196240092,-1.21632516894,5.37,0.971
1.68206145067,-0.611984922738,6.24,1.353
1.68224943914,0.409142582394,6.63,1.111
1.68227478475,0.407135896808,6.05,0.02
1.68240669805,-0.0522106229064,6.54,0.11
1.68298672645,0.377776919979,6.53,0.93
1.68305395438,-0.840845497302,5.76,-0.061
1.68326300176,0.0396482653554,6.51,-0.027
1.68330711642,-0.0678764204152,6.33,1.018
1.68361636613,0.0141850536013,6.6,0.963
1.68368462093,0.194183316029,6.39,0.077
1.68415751273,-0.137793448898,6.4,0.145
1.68493729431,-0.0613603823801,6.42,1.039
1.6849883653,0.327369738378,6.78,0.938
1.68607272616,-0.0135566701526,6.79,-0.018
1.68612251356,0.982360246025,5.53,0.238
1.68674758919,-0.0802397602951,6.16,-0.151
1.6870939746,0.2286585891,6.6,0.556
1.68712144012,-0.0263079741832,5.87,0.07
1.68734484402,-0.25487791748,6.32,1.242
1.68750444259,-0.13110801457,6.35,-0.061
1.68779708783,1.01957612891,5.21,1.538
1.68852051223,0.0146789550285,6.7,0.037
1.68866969832,-0.0760205877753,6.5,-0.155
1.688906443,-1.01232789693,5.82,1.279
1.68915764346,-0.661401366651,6.48,0.394
1.68943340492,-0.451280990767,6.05,0.545
1.68960680302,0.00522283202513,5.19,1.186
1.68973988672,-0.00481709916601,5.55,1.376
1.6897534473,0.259866082724,6.57,0.105
1.69009328177,0.0507591978998,5.55,1.035
1.69063730552,0.0903281606724,6.72,0.371
1.69118919795,0.568330618024,6.43,1.264
1.69199230552,0.362845381623,6.54,1.246
1.6921414983,-1.08472084838,6.61,0.088
1.69231187112,0.827372053777,6.55,-0.036
1.69272740566,0.357728266658,6.22,0.041
1.69279262256,-0.0831152732026,5.06,-0.175
1.69371181944,-0.56862950071,4.47,-0.169
1.69402277976,1.23107356799,6.03,0.103
1.69418868593,0.0333825518041,6.48,-0.064
1.69433752101,0.179836857497,6.16,1.15
1.69500964331,0.283413308027,6.24,0.894
1.69544838642,0.532203833803,5.75,0.779
1.69569057249,-0.304839362,5.76,1.118
1.69575038722,-0.0125855157083,6.8,0.495
1.69582322022,-0.56498540072,5.74,-0.16
1.69605413673,-0.716891845649,6.32,0.39
1.69639187788,-0.0099904050285,6.52,0.784
1.69653784405,-0.122750096833,3.76,-0.113
1.69677700985,0.00223328010562,6.56,-0.039
1.69706919366,0.47067090966,6.57,0.554
1.69717175832,0.35276826871,4.13,-0.115
1.69734487802,0.19232148995,6.59,0.293
1.69840981867,0.0461848046974,6.17,1.539
1.699191594,-0.394289038063,6.8,0.066
1.69940654263,-0.992267952098,5.2,1.087
1.70090243202,-0.876837441691,5.28,0.371
1.70186293645,0.138249512825,6.63,1.549
1.70191245432,0.814816626159,5.88,1.448
1.70191490824,-1.14438171433,6.28,0.329
1.70210315067,0.157598212645,6.57,0.121
1.7025160396,-0.175955567296,5.92,1.373
1.70255541392,-0.335363085842,6.44,1.683
1.70333666265,1.04975441718,6.8,0.058
1.70353268977,0.722595772133,6.7,-0.012
1.70386209592,-0.261002931789,6.75,-0.013
1.70409130673,0.10239845643,6.7,0.249
1.70411115769,-0.210854022922,6.58,1.081
1.70423293883,-0.229478900489,6.16,-0.137
1.70465430792,-0.705953223081,6.68,-0.112
1.70506223672,-0.484670511988,5.92,-0.156
1.70512295752,1.01512944958,5.86,0.934
1.7060517565,-0.71412334073,6.19,1.398
1.70628477536,0.69384902027,6.66,0.004
1.70638904707,-0.763006700032,6.68,0.977
1.70675478714,0.196373547674,6.17,-0.116
1.70683345073,-1.0800017924,6.15,-0.147
1.7070116968,-0.615382853299,5.82,0.813
1.70738863317,-0.904533515743,5.58,0.534
1.70773516493,-0.216280374067,5.16,1.262
1.70780446899,-0.573664390597,6.31,1.665
1.70782181235,-0.219207862758,6.8,-0.161
1.70820426748,-0.373597271708,6.58,0.256
1.70835591071,0.648878541328,6.64,0.94
1.70860083333,-0.64472509397,6.26,1.599
1.70878161096,0.277568458647,6.38,0.275
1.70892304561,0.205814029142,6.64,-0.119
1.70957172204,0.201487996581,5.22,0.185
1.7096999583,-0.142388061054,5.43,1.373
1.70979482961,-0.408728561383,4.34,-0.245
1.71009689252,0.0862691581496,6.75,0.087
1.71010669108,-0.315245922148,6.59,1.452
1.71029985358,-1.02544786561,5.69,-0.057
1.71094187665,0.105341923855,6.7,-0.04
1.7117712404,0.310395450254,6.26,0.541
1.7118193155,0.0847531726013,5.88,0.997
1.71197715947,-0.657931564249,5.25,0.982
1.71210466409,-0.102430229358,5.6,0.256
1.71211522657,0.203741352562,6.08,1.069
1.71239978441,0.566444827781,5.82,0.188
1.71325713452,-0.559036756251,5.73,-0.18
1.713347718,0.615991824191,6.79,1.142
1.71383142138,-0.19489012214,6.3,1.096
1.71436618398,0.127984384957,4.47,0.023
1.71507756971,1.37845278138,6.61,1.266
1.71553061343,-0.674136731489,6.44,0.999
1.71669809762,-0.913317424983,6.18,1.088
1.71672570087,-0.36519201228,6.39,0.817
1.71741595065,0.247054204507,5.57,1.105
1.71754375278,-0.0212956960068,5.09,-0.132
1.71788806188,0.576378216088,6.53,0.057
1.71838444853,-0.632368203844,5.42,1.419
1.71933312786,-1.35590623194,6.66,0.489
1.72055802419,0.664551616327,6.66,0.983
1.72072469952,-0.0536532152451,6.59,1.417
1.72153444211,0.966092830014,6.45,1.554
1.7217186409,-0.571006360463,5.62,-0.085
1.72174004006,0.0867066982507,6.68,1.488
1.72230257759,-0.593576034016,6.69,0.254
1.72251766602,0.132164736811,6.44,-0.01
1.7230530647,0.282844181334,6.61,0.895
1.72340957848,-0.924598763368,4.35,-0.021
1.72375898514,-0.400811249202,4.54,-0.035
1.72438977461,0.489081637432,5.26,-0.008
1.72466364046,0.0155372061586,5.78,0.004
1.72479229942,0.174329337357,5.93,1.508
1.72527391848,-0.641929993791,5.59,-0.13
1.72575379809,-0.385875777389,6.32,1.03
1.72744235209,-0.629865453444,6.36,0.486
1.72788365152,0.0785054618685,6.55,-0.053
1.72803077877,0.293163341153,6.73,0.444
1.72803911797,0.984122516934,6.56,0.398
1.72897184999,1.01415467096,6.61,0.496
1.72953771158,-0.325676756475,5.71,0.848
1.73026390634,0.671000557762,5.4,2.773
1.73044536984,-0.0909516048958,5.52,-0.082
1.73086012369,-0.336078491666,3.95,1.037
1.73086225451,-0.39470152966,6.35,-0.117
1.73126474037,-0.232495933714,5.95,1.562
1.7316047833,-0.725308943593,6.36,1.147
1.73237664852,-0.665782120865,6.03,1.03
1.73324546915,-0.645608648496,5.72,-0.112
1.73398764894,0.107082618846,6.05,0.018
1.73422377286,0.429191313174,6.44,0.101
1.73492237869,0.189425705675,6.39,1.351
1.73503133518,0.992351118304,5.87,0.006
1.73517189318,0.047196468696,6.17,1.08
1.73520581082,-0.226633023014,6.11,0.994
1.73525860848,1.07304994184,5.94,0.899
1.73534459346,0.286220944173,1.93,0.001
1.73556059876,-0.753911264261,3.17,-0.103
1.73570137821,-0.564434850529,5.25,1.177
1.73605474057,0.411975376458,6.65,0.875
1.73607203191,0.0865102095718,6.14,0.091
1.73612423199,-0.318304032308,4.42,1.137
1.73624943449,1.28623148442,6.26,0.396
1.73663134455,-1.0739602044,6.15,0.624
1.73797725315,0.426740324028,6.75,0.276
1.73805594827,0.998183703988,6.73,0.931
1.73809021401,-0.0443993731106,6.14,1.47
1.7382685764,-0.411554246309,6.48,0.664
1.73827581472,0.505872400623,5.76,-0.001
1.73827690744,-0.923838763749,6.74,1.561
1.73917889293,-0.294498947318,6.01,0.042
1.73933948029,-0.841600959788,5.05,0.997
1.73937967809,0.0281612077649,6.23,0.086
1.73947813061,0.687500097146,5.7,1.367
1.74017919693,0.69643102937,5.34,-0.075
1.74019547607,0.0820411046673,6.56,-0.069
1.74135131423,0.384511411407,6.09,1.027
1.74218177029,-0.246890151948,4.82,1.459
1.74240774585,0.74157079526,4.8,1.236
1.74325534115,0.429353826816,6.43,0.523
1.7433745129,0.493284745393,6.02,-0.087
1.74360024165,-0.413567326582,6.05,-0.031
1.74406834905,-0.531810386476,5.7,1.134
1.74443597468,0.226592051164,5.99,0.063
1.7451043843,-0.666000134865,6.59,1.175
1.74517512411,0.768191205503,6.35,1.222
1.7455405585,-1.41046326998,5.61,0.214
1.7462675417,0.773754240213,6.75,1.029
1.74653677549,1.38927362171,6.74,0.066
1.7474269565,1.36128320462,5.75,1.488
1.74761107369,1.0807519368,6.58,0.156
1.74765244804,0.111199302879,6.51,-0.139
1.74767427044,1.25225254591,5.88,1.223
1.74878006062,-0.831152373937,6.66,-0.143
1.74892667435,-0.832080411412,6.71,1.601
1.74951624878,-1.25271342791,6.5,1.11
1.749595173,0.172713490523,4.66,-0.233
1.75008823169,0.00864501919717,5.79,-0.094
1.75037724743,0.156813010908,6.53,0.645
1.75072306605,-0.704237685638,6.16,-0.146
1.75094485768,0.192042022735,6.19,1.675
1.7512123056,0.492124174371,6.45,1.09
1.75128820677,0.286192982134,6.28,-0.016
1.75243851048,0.627130445291,6.48,0.509
1.75337397367,0.248127921649,6.8,0.051
1.75379312532,-0.160003697496,5.21,1.525
1.75399996536,0.11074855269,6.36,-0.084
1.75524729683,-0.670185332737,6.28,0.346
1.75582497568,0.307968634871,5.2,0.063
1.75591500873,-1.18408545633,6.72,-0.039
1.75721156538,-0.570945289778,6.76,0.281
1.75733059136,0.568259436172,6.74,1.47
1.75740451129,-0.391801811701,6.26,0.321
1.75750749482,-0.0722719981546,6.57,0.501
1.75878152093,0.777098247486,5.04,1.479
1.75890021467,0.0529498106039,6.18,1.366
1.75941832471,0.648344010826,6.21,1.026
1.76011750413,-0.684048957833,6.3,0.258
1.7610910303,-1.27615347816,6.36,0.96
1.76122960055,0.068635557827,5.88,-0.046
1.76231222557,-0.445668970056,6.7,0.933
1.76248629644,0.438620860584,3.06,1.377
1.76273110486,0.230872454582,4.49,1.167
1.76316185288,1.098911433,6.61,1.4
1.7634953396,-0.955231378284,6.68,-0.076
1.76361862317,0.930189609188,6.28,1.089
1.76369323332,0.630225447182,6.37,0.065
1.76371322611,-0.954616684626,6.47,-0.119
1.76485273504,-0.542282920292,5.23,-0.127
1.76498651417,1.43318291138,6.61,0.182
1.76608845781,0.505638143739,5.42,1.445
1.766171163,0.776767556504,6.64,1.224
1.76656062784,-0.477202100834,6.43,0.55
1.7668305975,-1.22930098702,6.1,1.335
1.76688040275,0.398587502364,6.76,0.197
1.76733185533,-0.53383345765,6.53,-0.111
1.7677953696,-0.291751258518,-1.44,0.009
1.76840878277,0.225070523369,3.35,0.443
1.76881561847,-0.554904063559,5.92,0.491
1.7688450713,-0.409496685192,6.04,1.205
1.7690406079,-0.911078005039,6.56,1.075
1.7690756076,0.170444214795,6.65,0.333
1.76941398907,-0.540161609831,5.62,-0.138
1.76969813802,0.482989263245,6.7,1.339
1.77078587271,-0.012504568169,6.78,-0.025
1.7710524344,-0.91472167127,5.81,1.551
1.77108728252,0.221544438856,6.47,0.344
1.77146517352,-0.258241136886,5.3,0.075
1.77174345112,-0.690107665781,6.62,-0.125
1.772263387,0.407904821893,6.51,0.839
1.77239280327,-0.659303791574,6.19,-0.123
1.77253762975,1.03745285321,4.86,0.084
1.77255724103,1.38866791814,5.44,0.525
1.77338738382,-0.346934956596,6.75,0.965
1.77386653632,0.149874087233,5.92,-0.173
1.77390935301,-0.253486529423,6.69,0.077
1.77434656712,-0.176406711336,5.66,-0.048
1.7745396184,-0.95460832171,6.45,0.858
1.77473360012,0.760569580284,5.24,0.575
1.77510911765,0.997790354482,5.34,0.964
1.7752246988,-0.251780687607,5.28,-0.024
1.77534025231,-0.894754682242,5.39,1.33
1.77576505783,-1.51887215683,6.46,0.429
1.77598041147,-0.366787952292,6.07,-0.159
1.77723309752,-0.969355659076,5.6,1.549
1.77731463989,0.140276544733,4.77,1.396
1.77742883518,-0.661998115392,5.27,-0.078
1.77757836015,0.317535635495,6.35,0.066
1.77857930841,-0.157053496877,5.08,1.795
1.77875068029,0.851537002496,5.22,1.131
1.7796285508,0.042100117674,4.48,1.099
1.78107193481,-1.0810812248,3.24,0.225
1.78112784313,0.97222160838,5.54,
1.78162234602,-0.0230195393197,5.75,0.292
1.78443465624,-0.264325325224,5.39,-0.096
1.7848650647,0.0174893274333,6.16,-0.134
1.78522348738,0.404950045284,6.8,0.013
1.78534031078,0.474561535445,6.66,0.139
1.78579245385,-0.0396545496838,5.75,-0.098
1.78760369173,0.569095245821,5.72,1.298
1.78774409616,0.444786140381,6.8,1.561
1.787799075,-0.420206627504,6.31,0.054
1.78781970125,0.654720965675,6.49,1.553
1.78822338023,0.282793740123,5.87,-0.136
1.78826871957,-0.567379969618,3.5,-0.116
1.7883308737,-0.93588829566,4.41,0.899
1.78857099524,-0.813577552352,5.14,0.46
1.78868299508,-0.883390716436,2.94,1.207
1.78879524289,-0.793259215575,6.54,1.501
1.78903608162,-1.0515459749,6.11,0.457
1.78985898852,0.0990212657884,6.77,0.321
1.79017533343,-0.30180197999,6.62,0.03
1.79054557754,-0.298181733125,5.77,1.435
1.79066045688,-0.553375093592,5.74,0.094
1.79080093158,-1.22149039828,6.8,0.997
1.7908167991,0.23410409772,5.68,1.329
1.79165024283,-0.449917850079,6.32,-0.183
1.79203887933,-0.140341859585,6.31,0.011
1.79230399844,0.729220028026,4.99,1.256
1.79258635536,-0.00944017073333,5.78,0.396
1.79276961974,-0.599822861942,4.99,1.379
1.79311408445,1.17935273129,5.14,-0.152
1.79528794853,-1.23854517271,5.41,-0.11
1.79569467273,-0.842867566605,6.42,1.207
1.79572898881,0.379803677317,5.28,-0.02
1.79575460601,-0.121588566015,6.58,0.03
1.79618933374,0.0530927632115,6.37,0.052
1.79632322602,-0.0419351871901,6.64,1.38
1.79641112321,-0.63233749479,5.94,0.183
1.79676392109,1.51292716514,6.59,1.177
1.79755814874,0.447903779858,6.75,0.162
1.79768831227,0.411927687122,5.68,1.467
1.79900185948,-0.0902983279899,6.58,1.071
1.79935164004,-0.0927865411704,6.3,0.977
1.80057090289,-0.741842034067,6.52,0.416
1.80099304632,-1.03569922966,6.41,0.181
1.80110876468,-0.944054441087,6.56,1.082
1.80111709311,-0.767518901198,6.47,-0.101
1.80113167916,0.592735698782,3.6,0.102
1.80128655234,0.146265107882,5.75,0.27
1.80207432924,-0.470499437832,6.33,1.408
1.80215503777,0.678394769433,6.1,0.406
1.80230984428,0.624618346229,6.03,1.455
1.80242008415,1.03757281459,5.34,0.675
1.80260352177,0.782604600178,6.24,0.239
1.80302647284,0.670869892999,6.32,0.516
1.80342067388,-0.332184378686,5.65,0.279
1.80364078164,-0.330440460471,6.13,0.156
1.80365846907,-0.430824244593,6.52,0.091
1.80368148191,0.191927749942,6.3,0.962
1.80444555396,-0.352979816346,4.82,-0.212
1.80451919099,-0.498113378624,6.05,0.708
1.80512450117,1.20232781467,5.11,-0.114
1.80608511698,-0.428282084913,6.23,0.016
1.80620297191,0.672039351084,6.46,-0.044
1.80658136929,-0.883339058496,6.24,0.988
1.80699411722,-0.422094104046,3.89,1.74
1.80704055346,-0.102139947441,6.39,0.174
1.80724477376,-0.210113693835,4.08,1.418
1.80736437825,-0.417628254499,6.65,-0.056
1.80796628074,0.369334826444,6.51,1.4
1.80820947332,-0.0196697833505,5.44,0.167
1.8083562837,-0.739418711696,6.32,2.287
1.80922537354,0.229996472055,4.73,0.321
1.80930838107,0.276424295705,6.57,0.921
1.80947326842,-0.030656458939,6.2,0.487
1.81070035329,-0.0489318450895,6.03,1.102
1.81097824012,-0.356132270059,5.8,0.048
1.81184500457,0.766374616324,6.16,0.314
1.81188411958,0.799821705619,6.31,0.945
1.81213680644,0.442889470469,5.74,0.573
1.81310117935,0.661747752834,6.73,0.937
1.8131710418,-0.384626103801,6.78,-0.174
1.81329641719,0.145286187248,6.28,0.037
1.81350100233,-0.351448168757,4.66,0.374
1.81419179756,-0.400403650679,5.29,-0.163
1.81476233242,-0.554843299051,6.36,-0.155
1.81562571488,-0.245104085718,5,1.182
1.81574054964,-0.297652674976,4.36,-0.063
1.8163052486,-0.850344377662,4.94,1.668
1.81634428706,0.309571402616,6.75,1.064
1.81702107514,0.173775063058,5.9,-0.085
1.81747376271,0.807633627258,5.85,-0.079
1.81764983367,-1.3861438593,5.45,0.041
1.81846598146,-0.616822646835,6.27,1.278
1.81922031425,0.815162173384,5.88,1.093
1.81951266904,-0.142755627267,6.31,0.641
1.8195437271,0.587845019997,5.91,0.878
1.81963187273,-0.339274593949,6.64,0.473
1.82046072384,1.00466888419,6.03,1.495
1.82057959882,-0.387513088194,6.64,-0.187
1.82071310013,1.01966950971,4.35,0.85
1.82078489103,-0.619716731393,6.23,0.465
1.82085127988,0.652661030497,6.48,1.673
1.82136649573,0.207826018797,6.26,0.349
1.82197195611,-0.429889272118,5.45,0.39
1.82220462673,0.787040417101,4.9,0.027
1.82260598463,-0.480620131599,6.22,-0.147
1.82379661559,-0.188249994074,6.7,1.172
1.82441838595,-0.474107895286,6.36,-0.186
1.82448931163,-0.180043130138,6.58,1.386
1.82569410435,-0.595361625688,5.07,-0.154
1.82646970169,-0.416799340662,6.73,0.031
1.8264797519,-0.44356071444,5.59,-0.162
1.82651469437,-0.984275791866,6.46,0.389
1.82659964857,-0.505658251855,1.5,-0.211
1.82669896309,0.133034231095,6.25,0.105
1.8267613891,-0.972656671875,6.26,1.16
1.82690398337,-0.798795180503,6.23,-0.006
1.8270469154,-0.541017799747,6.41,-0.137
1.82731762383,0.455200704835,6.2,0.52
1.82801602071,0.0628729621626,5.96,1.056
1.82826301322,-0.571111059257,6.76,0.83
1.82843986783,0.664138222343,6.02,1.218
1.82969628771,0.738531809911,6.68,0.121
1.82969953627,0.127705168387,6.34,-0.106
1.83026368501,0.452287601293,6.4,-0.111
1.83108709171,-0.377041454409,6.26,-0.164
1.83125279053,-0.58426153877,6.62,0.203
1.83146414591,0.917562000751,6.66,1.39
1.83190937463,-1.18536553953,5.18,1.396
1.83287864838,1.34350921319,4.55,1.365
1.83319799744,-0.351830883865,6.32,-0.134
1.8333063067,-0.543525009983,6.62,0.438
1.83374647733,0.280631456888,5.73,1.641
1.83390736732,-0.0936746464568,6.29,0.572
1.83400385513,-0.3860504178,6.53,-0.173
1.83411697174,1.17514073865,6.53,0.909
1.83431348488,-0.857568513782,6.56,0.882
1.83432333042,-0.146726700308,5.95,-0.075
1.83433003803,0.266827295362,6.69,1.304
1.83441279825,0.0337113194903,6.76,-0.133
1.83514766484,-0.360241315313,6.71,0.289
1.83545648809,-0.160622066429,6.49,0.142
1.8356874075,-0.497236876631,6.28,0.449
1.83621338899,-0.584083688087,6.39,1.052
1.83634035501,-0.897144345486,5.14,1.652
1.83733316066,-1.0286959603,6.01,0.297
1.83739148071,-0.440095843741,5.64,-0.165
1.83767559812,0.205505613586,6.77,0.107
1.83795728537,-0.452890536397,6.71,0.882
1.83819631422,0.565740827237,6.55,0.27
1.83851552087,1.23583789775,5.69,1.337
1.8398390406,-0.410177313924,6.73,1.614
1.83997286624,0.0840916386398,6.64,0.053
1.84009686005,-0.487554765166,3.49,1.729
1.84024645737,1.21555933119,6.64,0.969
1.84039232855,-0.620428220386,6.58,-0.154
1.84055953489,-0.197238340891,6.54,0.016
1.84058925229,-0.189933079286,6.64,0.733
1.84080729402,-0.0234900898804,6.2,1.286
1.84097766846,0.0969906436794,6.59,-0.028
1.84105943232,-0.0998688798685,5.22,1.687
1.84109935101,1.11137201815,6.61,1.51
1.84181185628,-0.0655342079329,6.58,1.57
1.84244800678,-0.757540437151,6.44,-0.039
1.8425944972,0.267663834197,5.78,1.14
1.84312447296,0.422639254032,5.2,0.953
1.84317923712,0.309892302735,5.96,1.518
1.84374309034,0.291024003477,5.86,1.659
1.84491186078,-0.291458907244,6.77,1.147
1.84530583535,-0.0739885437964,4.99,-0.195
1.84579277482,-0.415969397437,3.02,-0.077
1.84678404064,-1.03285284234,5.5,-0.125
1.84698853871,0.159494377809,5.96,0.126
1.84747481557,-0.914994811122,6.53,-0.109
1.84789972225,0.512028653825,5.93,0.595
1.84845435188,0.191145258794,5.14,1.391
1.84899400364,-0.272852312117,4.11,-0.112
1.8494380742,0.219810996566,6.01,1.584
1.84958537441,-0.865402654454,4.92,0.14
1.84985559534,-0.761103852275,5.56,0.624
1.84986395723,-0.176693037881,6.44,-0.067
1.85025243148,-0.738924925733,5.2,0.198
1.85030631475,0.633790322456,6.7,0.84
1.85043065156,-0.0929209587478,5.63,1.29
1.85052402835,0.359019411276,4.01,0.899
1.8512922968,0.655614878486,6.62,0.928
1.85138166421,-0.9904695381,5.14,-0.032
1.85151616168,0.0259790643793,6.57,0.01
1.85347063868,-0.384525494104,6.09,1.225
1.85485535014,-0.374376203955,6.68,1.013
1.85506597088,0.833831810818,6.37,-0.048
1.85560340792,-0.878948537969,6.47,1.424
1.8557482147,0.395098183483,6,-0.027
1.85674122094,-0.606985371637,6.15,0.353
1.85679250364,-0.709308734216,6.73,0.909
1.85725033815,0.160322460106,5.78,1.513
1.8573071668,0.920810539978,6.17,0.102
1.85784839509,0.54791607876,6.64,1.638
1.85802226558,-0.18605349167,6.5,-0.062
1.85816721794,1.23450495535,6.49,1.568
1.8588111133,-0.535043088659,6.34,-0.131
1.85886461427,1.04373918283,6.4,1.19
1.85894030568,-0.669907172346,6.09,0.702
1.85961909983,0.601684238816,5.55,0.909
1.85981604762,-1.20144241615,6.47,1.039
1.86029783395,-0.761151201613,6.52,-0.008
1.86139112019,-0.216315213763,6.48,-0.124
1.86174029328,-0.197117728854,5.41,0.033
1.86259184331,-0.435644157496,6.09,1.341
1.86313814816,-0.465248123254,6.61,-0.175
1.86360957366,0.0857058230811,6.1,-0.129
1.86365382349,-0.71372216964,5.8,-0.158
1.86410574276,-0.907017650313,5.96,0.996
1.8643228472,-1.04224807533,6.46,-0.113
1.86436983183,0.421818803401,6.73,1.643
1.86476799496,0.593574045123,5.94,1.507
1.86478158983,-0.416099093228,5.75,-0.117
1.86494815599,0.49177609188,6.47,-0.081
1.86516207279,-0.911141285368,6.6,1.389
1.8667379028,0.130397282798,5.74,1.176
1.86775218114,-0.208100439372,6.65,2.55
1.86846756981,0.590486565419,6.31,1.356
1.86910504905,0.278042726558,5.47,1.02
1.86921013234,-0.460648233737,1.83,0.671
1.87013801917,0.653540208227,6.19,1.212
1.87058218337,-1.2304062878,5.68,0.436
1.87076303181,-1.23043847597,3.78,1.006
1.87109502537,-0.419643246804,6.65,-0.189
1.87121620864,-0.692121775627,4.83,-0.179
1.87131466937,0.592258512186,6.54,1.487
1.87333825385,-0.18058163089,6.23,-0.018
1.87373602003,0.638149047418,6.74,-0.016
1.8742919827,-0.283345634604,6,0.04
1.87461286303,1.06102206806,6.64,1.087
1.87499444944,-0.440364620436,5.69,-0.158
1.87557610615,0.162470629644,6.72,1.509
1.87565924451,-0.283349458393,6.62,0.312
1.8760780012,0.134820387573,6.65,1.546
1.87671517829,0.370829849835,6.43,0.88
1.87690989048,-0.326125890858,6.23,0.419
1.877223918,-0.0739514535422,4.91,1.02
1.87763401824,-0.479817540672,5.46,0.998
1.87968241766,-0.854026224297,5.12,1.251
1.88081420734,-0.068033201278,6.51,1.158
1.88120120494,0.527877675814,4.41,1.261
1.88143298375,0.0557042676814,6.73,0.966
1.88182387918,-1.22381512816,6.77,1.005
1.8822698204,0.46873587689,5.75,0.13
1.88230964493,-0.00526963388131,5.44,0.31
1.88242297169,-0.302485133078,6.66,-0.033
1.882773395,0.460869958232,6.7,1.064
1.88345156474,0.68627303866,4.91,1.451
1.88361789748,-0.364478207854,5.84,-0.038
1.88399915439,0.296293094918,6.5,1.423
1.88432896134,0.098693182834,6.07,-0.016
1.88436364867,-0.00860035962641,4.15,-0.005
1.8846254145,-0.980098301334,6.67,0.966
1.8847383851,0.868996564681,6.67,1.595
1.88509958143,-1.10287458099,6.03,-0.011
1.88525328544,-0.537934290646,6.1,0.273
1.88550045218,0.0955453714738,6.15,1.142
1.88584390202,-0.452783585329,5.91,-0.17
1.88610533236,-0.706837549326,5.3,0.072
1.88671375112,-0.479524994003,6.59,0.19
1.88683359097,-0.637819776689,5.94,-0.145
1.88687390329,0.421123402591,5.85,0.397
1.88740354669,-0.81610382584,4.49,0.324
1.88832534582,-1.00340245114,6.64,0.023
1.88852520808,0.475162793055,6.46,0.502
1.88984206034,-0.196372945934,5.77,1.508
1.89025785155,0.830895981339,6.75,0.296
1.89029023026,-0.788587563246,4.87,-0.003
1.89065629228,-0.00452946115057,6.68,0.338
1.89093883489,0.282027161794,5.07,1.653
1.89102047243,0.897600931141,5.46,1.64
1.89104647486,0.240209102576,6.6,1.19
1.89106598438,-0.395740158669,5.99,1.481
1.89166735316,-0.779110418536,4.42,1.331
1.8919695974,-0.477458552381,6.12,-0.234
1.89221898724,-0.93668011994,6.7,-0.088
1.8927537385,-0.542511740558,6.57,-0.172
1.89283759756,-0.399781247676,6.34,-0.184
1.89348866995,-0.529529247316,6.32,-0.183
1.89353286778,-0.880894912832,6.79,-0.048
1.89353719323,1.25343585049,6.36,1.119
1.89447133177,-0.0680988861875,5.8,1.585
1.89478852387,-0.459938006982,4.42,-0.17
1.89481087004,-0.173617195221,5.9,1.528
1.89514122899,0.0543044173122,5.36,1.193
1.89573686168,-0.180052437247,6.02,-0.173
1.89605451012,0.211461028991,5.71,1.007
1.89645599968,-0.842504057275,4.75,-0.091
1.89673485768,0.434324909303,5.84,1.554
1.89702888842,-0.817681028758,5.72,-0.109
1.89722052116,-0.467271193629,4.01,-0.15
1.89740301464,-0.471902045788,5.58,1.22
1.89783846981,-0.723026976453,5.95,-0.146
1.89945690042,-0.002814922891,6.42,0.901
1.8995780051,-0.535579530126,5.36,-0.155
1.89959039198,-0.916284343942,5.96,1.099
1.90079177621,0.792545045371,6.51,1.152
1.90091298484,0.139237871327,5.78,1.537
1.9011901287,-0.184718758845,5.95,1.173
1.90148507156,-0.414346057736,6.34,-0.018
1.90169114388,0.824492905567,5.54,0.576
1.90204242749,1.04087015406,5.2,1.081
1.90220287313,0.486901809555,5.75,1.605
1.90346731517,-0.272021588866,5.46,0.079
1.90353410557,-0.816369607552,5.64,1.441
1.90472524445,-0.668791463864,5.81,-0.133
1.90495372658,-0.486618367785,4.66,1.589
1.90508752671,-0.406933885312,4.83,1.601
1.90519833768,-0.406852651324,6.02,0.317
1.90564801684,0.281820411964,6.75,0.417
1.90600205224,-0.638661927564,5.03,-0.161
1.90603250665,-1.18607604742,3.97,0.76
1.90656978699,-0.539254589281,6.3,0.2
1.90701926234,0.465819384522,6.38,0.883
1.90727949154,-0.210031545719,6.72,0.436
1.90739455861,-0.647472992052,2.71,1.616
1.90806626545,0.116605016661,6.64,-0.109
1.90870730249,-0.679165326714,6.77,1.352
1.9089223549,-0.819942459327,6.7,0.975
1.90899315814,0.553235396581,6.75,-0.058
1.90907478232,-0.116587938128,6.29,1.624
1.90922438427,0.909858835903,5.93,1.259
1.90957345535,0.162177477135,6.72,0.565
1.90987354471,0.678518818786,6.48,0.995
1.91026376603,-0.467705577823,6.45,-0.153
1.91129669299,0.713549807418,5.87,0.181
1.91143305714,0.540281894189,6.19,-0.024
1.91144469242,-0.767714242862,5.86,-0.117
1.91154130981,0.288684144237,3.58,0.106
1.91202843931,-0.389894922848,6.7,1.207
1.91247319806,-0.641128584521,4.65,-0.099
1.91346105031,0.863322848867,5,0.087
1.91357273891,-0.684348574785,5.24,0.026
1.91391254842,-0.641281700715,5.11,-0.17
1.91407198252,-0.428630193311,4.88,-0.16
1.91422525479,-0.435536012345,4.37,-0.132
1.91486431839,-0.464010693778,5.29,0.956
1.91517267892,0.00138434860173,6.66,1.111
1.91563846222,-0.336504782191,6.06,0.612
1.91576836069,-0.300428104544,6.79,1.082
1.9164941988,-0.588650102035,6.31,1.302
1.91681599651,-1.01320218213,6.73,0.299
1.91683793956,-0.305866597987,6.7,-0.018
1.91712570452,0.0478341289721,5.9,1.069
1.91754800219,-0.286150992675,5.7,0.346
1.9178487619,-1.06718109103,6.75,1.234
1.91896371118,0.124667951514,5.91,0.537
1.91934107489,1.03415774451,6.75,1.47
1.92035572284,-0.0683213531901,6.7,1.198
1.92035967087,0.264293957904,6.45,0.009
1.92039874588,0.383663869812,3.5,0.374
1.92142112105,-0.913008330995,5.5,0.483
1.92153228596,-0.982526934278,6.57,0.111
1.92222837216,-0.466007028648,6.74,0.248
1.92268452442,-0.909070868486,5.38,-0.069
1.92349497951,-0.897180114355,6.79,0.115
1.92372298648,-0.398815198197,6.59,-0.137
1.92385578817,-0.470607749169,6,-0.172
1.92410083358,-0.250637819847,5.59,0.971
1.92445111881,0.74448612423,6.33,1.404
1.92454063534,-0.451894424859,5.87,1.604
1.92544760424,-0.154948590279,6.56,0.532
1.92549889588,0.789381001145,5.74,0.342
1.92674396234,-0.102925319494,6.6,-0.104
1.92836070376,0.356809147012,5.09,1.528
1.92873821834,-0.156719698346,6.42,-0.189
1.92878014527,0.64159322734,5.12,1.082
1.92884179345,0.0030913387334,5.99,-0.069
1.92956400303,0.680607614568,6.4,1.217
1.92957268258,-0.331902282768,4.94,-0.039
1.92978000659,-0.626856621567,6.68,0.559
1.92983858204,1.04548705729,6.36,0.282
1.92994081246,-0.0519964165262,6.23,0.686
1.93043520646,-0.104420057035,5.83,0.352
1.93064825358,0.0122318103033,6.43,0.995
1.93083191901,-0.00452648522101,6.78,-0.053
1.93237443261,0.964842297825,5.8,-0.078
1.93300290272,-0.557175089769,5.4,-0.161
1.93305313244,0.268064170404,6.66,0.911
1.93328721784,0.31893119831,6.78,0.455
1.93345333243,-1.23284144301,6.75,1.076
1.93437746989,-0.63425522354,6.74,-0.131
1.93499842902,0.400471889382,6.17,0.006
1.93502583217,0.437214249541,5.04,0.902
1.9350603785,-0.485800066624,5.37,1.539
1.93527169799,-0.562032102984,5.41,-0.169
1.93691068526,-0.52738632271,6.61,-0.198
1.93719446603,-0.625488016986,6.32,-0.136
1.9377301885,-0.511435637475,2.45,-0.083
1.9378968982,-0.503141455291,6.79,-0.15
1.93793133889,0.709867107489,5.23,1.249
1.93800141684,-1.02087708724,6.58,0.71
1.9385687825,-0.399903067645,6.2,-0.088
1.93932608622,0.27082614652,6.47,-0.19
1.93974819347,0.482371594407,5.77,0.368
1.94001476722,-1.24739827985,6.49,0.12
1.94023799574,-0.282769041787,5.18,-0.035
1.94050474546,-0.555170122663,5.35,1.071
1.94075933274,-0.650854101267,6.14,0.261
1.94101573904,-0.331826873527,6.24,0.291
1.9414667553,0.905603500319,5.8,1.61
1.94154640696,0.2036716085,5.37,0.105
1.94217284166,-0.259761240557,6.76,0.042
1.9422581624,-0.36955345471,6.8,0.117
1.94228376074,-0.240017289603,5.79,0.432
1.9431314397,-0.383668592585,6.04,0.227
1.94327642843,1.41821014831,6.3,-0.031
1.94351635763,-0.440133057755,5.79,-0.103
1.94445466545,-1.38045400059,5.54,1.281
1.94450745786,0.161898439057,4.99,0.991
1.94480441342,-0.553945173014,6.32,-0.176
1.94484985916,0.485168027378,3.78,1.024
1.94540217662,-0.10079208087,5.98,0.901
1.94545786892,0.847318360417,6.77,-0.047
1.94628851504,-0.0791921279793,6.78,-0.008
1.94763126868,-0.890440474655,5.09,1.038
1.94806283308,0.185145691908,6.38,0.078
1.94900072531,-0.413863179045,6.62,-0.002
1.94903926011,0.192140378244,6.39,-0.126
1.94913038139,-0.595867491201,5.9,-0.153
1.94915859128,0.858903171602,4.61,-0.001
1.94969758586,0.375867912628,6.54,0.464
1.95013856987,0.353561063516,5.94,0.336
1.95029848025,0.755001815276,6.66,1.37
1.9503678559,-0.402927119618,5.65,-0.134
1.95098646128,-0.311800649823,5.6,0.314
1.95106305906,0.144675846905,2.89,-0.097
1.95106830711,0.208654023771,6.58,0.903
1.95226470223,-0.89714463178,6.72,0.694
1.95228466628,1.15770431575,6.47,-0.064
1.95335340472,0.386441361652,6.78,1.68
1.9535279607,-0.398968278817,5.98,-0.088
1.95363178861,0.374290175014,5.2,0.455
1.95416235564,-0.201705384993,5.79,0.583
1.9547077797,-0.508866383583,5.55,-0.048
1.95490898345,-0.468428463937,6.26,1.513
1.95491963562,0.121160196409,5.22,0.221
1.95548106185,0.155779883452,4.33,1.425
1.95559903145,-1.01356281726,6.52,0.936
1.9564401364,-0.659911927433,6.54,0.061
1.9572661713,-0.175296519524,6.63,-0.101
1.95767049958,0.480889492866,6.36,1.223
1.95775575713,-0.508216821899,6.67,1.125
1.95793565206,0.836374927253,6.66,1.474
1.95820513314,0.263716151835,6.23,-0.04
1.95848870104,-0.555859455347,5.95,-0.156
1.95850700938,-1.12590848734,6.38,1.554
1.9585127211,0.840968219196,5.7,-0.092
1.95859663128,0.808342567927,6.42,1.202
1.95948952412,-0.549014541956,5.78,-0.185
1.95954650673,-0.677398322444,5.41,-0.148
1.95961951197,0.554745055076,4.16,0.32
1.95995582202,0.222704389542,6.58,0.227
1.96013880267,-0.755752567847,3.25,1.509
1.96048970076,-0.0332542627908,5.6,1.493
1.96050118654,0.114879518156,6.58,1.003
1.96061880537,0.490756481494,5.07,0.12
1.96072229657,-0.261775942174,6.05,0.479
1.96073972975,-0.18023428081,5.75,1.616
1.96099664815,-0.131792746899,5.86,0.487
1.96136767986,0.342663499314,6.73,1.28
1.96260694645,0.209554075968,4.55,1.276
1.96267853059,0.487228670733,5.01,1.117
1.96287091258,-0.401849619439,4.85,0.243
1.9631987713,0.866948021038,5.35,0.47
1.9634759021,-0.918936050769,5.87,1.01
1.96365270046,-0.340804354937,6.72,1.491
1.9648456021,-0.715396792491,6.55,0.96
1.96557509221,-0.883293188781,6.55,-0.021
1.96574353493,-0.949448028114,5.95,1.585
1.96658786657,-0.65169478474,6.66,0.641
1.96659359898,-0.540393747366,4.65,0.904
1.9672139652,-0.0912195228994,6.24,1.185
1.96732771382,1.19495050604,5.63,1.1
1.96762555001,0.90754890545,6.79,0.21
1.96776493912,-0.176409593295,6.6,1.622
1.96818438162,1.43835141916,4.92,1.633
1.96849752445,0.19552886274,6.38,1.278
1.96912121502,-0.0196502818843,6.57,1.072
1.96973269386,-0.630993345355,6.66,-0.119
1.97096420774,-0.626360509952,6.61,-0.076
1.97137817026,0.298207756866,5.45,1.126
1.97190506579,0.678864447495,6.56,0.077
1.97216751481,0.220981413605,6.51,1.0
1.97238398369,1.07787666309,6.68,0.989
1.97264117677,-0.155008374399,5.9,0.54
1.97265466807,0.0334139952441,5.24,0.23
1.97384180931,-0.627641137134,6.35,-0.096
1.97590380491,0.399464083715,6.54,0.998
1.97729634437,-0.431283622607,5.84,0.156
1.97743374971,0.0574279443241,5.59,0.321
1.97754247969,-0.699153105351,6.27,-0.129
1.9775543112,-0.751996032072,6.53,0.918
1.97800809635,-0.338812473241,5.64,1.121
1.97817130629,-1.20023720854,6.6,0.03
1.97819873053,-0.250250664242,6.21,-0.061
1.97837643484,0.272954329537,6.64,1.071
1.97839095367,0.649051245012,6.4,1.231
1.97857212343,-0.882861804168,6.69,-0.087
1.97858431504,0.192190635019,6.8,0.7
1.97923841191,0.276227355644,5.27,0.055
1.98007336708,-0.253489739435,4.82,1.362
1.98023960718,-0.752476555999,6.68,1.758
1.9802974336,-0.634224576649,5.42,-0.078
1.980332083,0.895600809978,6.44,1.348
1.98039369339,-0.498600605864,6.77,0.308
1.98082417649,-0.696487717976,6.76,1.129
1.98118012603,-0.389139776991,4.44,0.521
1.98130967894,0.184447727531,6.28,0.022
1.98188187981,-0.584047034859,6.11,0.297
1.98190562057,-0.282529844859,6.72,0.61
1.98210441068,0.058847707832,5.83,-0.018
1.98230293251,-0.409692667851,5.06,0.468
1.98304620839,-0.455825098213,6.64,-0.007
1.98305016302,-0.242080232773,6.71,0.488
1.98324602139,0.500675223394,6.66,0.93
1.98347929314,-0.471453135581,5.78,1.045
1.98355827023,0.556555413027,1.58,0.034
1.98382716623,-0.898399802147,6.29,0.073
1.98384468544,1.41191371896,6.54,0.965
1.98412901174,-0.780021848935,6.77,1.554
1.98430917613,0.0475688808075,6.55,0.233
1.98512379251,0.0571874207469,6.56,1.05
1.98595214968,0.540370067316,5.34,1.01
1.98688710001,-1.29634255649,6.33,0.016
1.98697722402,-0.495138099701,4.65,-0.111
1.98714665972,0.132295051724,6.66,0.046
1.98775382041,-0.464757629448,6.62,0.098
1.98820009435,-0.916888408813,4.93,1.373
1.98926598757,-0.411002507385,6.78,1.158
1.98933712797,0.469419229117,4.06,1.54
1.98938324353,0.751031917827,6.37,0.364
1.98979246635,-0.975424515092,6.39,1.182
1.98992870861,-1.00000167253,6.64,1.204
1.98995851517,-0.252946572669,5.66,-0.067
1.98998010944,-1.3549708055,6.72,1.728
1.99021434775,-0.386773774571,6.4,0.968
1.99088953034,-0.145059590525,6.27,1.541
1.99197639366,0.805998070494,5.66,1.56
1.99219928327,0.10231419337,5.89,0.602
1.99265942154,-0.343870670989,5.69,-0.165
1.99267531435,-0.252088666064,6.7,-0.05
1.99286939272,-0.852247197094,5.69,-0.037
1.99309621888,0.973109369573,5.93,1.123
1.99404605752,-0.373394740261,6.69,0.976
1.9944368045,0.351802446656,6.73,1.269
1.99525248739,-0.071750125448,5.14,0.442
1.9952698498,-0.414958992532,6.34,0.54
1.99533288114,0.698574717786,6.34,1.6
1.99564669795,-0.610315986778,4.53,-0.081
1.99686036144,-0.252038829157,6.53,-0.018
1.99729664566,-0.615702529605,6.59,1.134
1.99731281982,-0.663407069699,6.38,1.472
1.99769547999,0.25029096948,6.76,-0.066
1.99774037597,0.245078708527,6.79,-0.028
1.99795545022,0.851264134844,5.93,0.221
1.99822540086,-0.560796349045,6.7,0.392
1.99944693985,0.425169904182,6.37,0.337
1.99971433528,-0.442699349222,4.69,-0.1
1.99972620568,-0.848255071379,5.68,0.683
2.00014854004,-0.697991281975,6.61,-0.047
2.00076807501,-0.676864633317,6.2,1.015
2.00079146861,0.61171260025,5.58,0.921
2.00111932819,-0.981387058611,6.79,1.586
2.00159450784,-0.636989846681,5.78,-0.148
2.00202873784,-0.467815194919,3.8,-0.159
2.00253107147,-0.00454555358117,6.76,1.71
2.00278896224,-0.929795478392,6.06,-0.118
2.00328142953,-0.325999437742,6.72,-0.073
2.00348783611,0.603610706026,4.89,0.413
2.00363842913,0.422762868636,6.18,0.028
2.00367169666,0.940742868365,6.66,0.087
2.00408304124,0.091193331878,0.4,0.432
2.00452494651,-0.29404071262,6.4,1.47
2.00472752301,-0.468849584324,6.5,-0.094
2.00475364331,-0.668601098988,4.84,-0.189
2.00484461487,0.308478544844,5.04,1.616
2.00493607674,-0.469824992936,6.78,-0.121
2.00595172583,-0.665656132082,5.73,-0.125
2.00624698909,-0.66777435109,5.76,-0.071
2.00669876814,0.558675137182,6.16,0.374
2.00698253319,-0.655884647018,5.99,-0.04
2.00811250231,-0.343146765309,5.92,1.158
2.00819756909,0.669238448884,5.77,1.654
2.00854526515,-1.36811795505,6.64,0.186
2.00857996224,-0.688027166944,6.66,1.03
2.00865685306,-0.205120726897,6.43,1.245
2.0088165667,-0.26640566449,4.98,1.543
2.00938740531,1.51878710199,5.05,1.604
2.00971201572,-0.142862696911,6.01,0.153
2.01028430805,-0.487738460257,6.76,-0.14
2.01055998919,0.240353665721,6.23,1.393
2.0106932204,0.0710665882234,6.51,1.457
2.01073156122,0.996283933468,6.09,1.44
2.01093188803,-0.954817005439,6.69,0.365
2.01095361255,-0.552591584343,6.6,1.07
2.01138423214,0.401749076828,5.93,1.561
2.01239478583,0.840053726247,5.58,1.011
2.01257064889,-0.166698680152,3.94,1.022
2.01264213318,-0.672537006838,5.41,-0.13
2.01307175476,-0.778978276559,6.41,-0.003
2.01320293356,-0.389849327888,6.16,1.644
2.01404853067,0.0632643209097,5.95,-0.032
2.01507101002,-1.26721546738,3.93,1.033
2.01526242038,0.235278291591,5.79,1.669
2.0157122349,-0.672446652898,6.54,-0.087
2.01608934243,0.247985166427,5.55,1.642
2.01659854093,-1.02330256478,6.4,-0.094
2.01726166309,0.526528230875,6.69,1.356
2.01902292783,0.593415748796,6.05,0.469
2.01935706052,-0.459917396546,5.64,0.99
2.01973471022,-1.01630623203,6.2,1.049
2.02000885133,-0.788419640315,5.04,0.765
2.02014166078,-0.297781152425,6.53,0.813
2.02025032084,1.02468909243,4.93,0.104
2.02061262888,0.00330448619077,6.17,1.047
2.020725848,-0.872542359563,6.56,0.077
2.02109023822,-0.629192756892,5.6,-0.13
2.02158006333,0.504112340674,4.23,1.118
2.02175976189,0.086319824564,6.5,1.356
2.02178259346,-0.910435355379,6.69,0.55
2.0218317224,0.390944535314,6.25,0.93
2.02257390422,-0.495863481273,4.63,1.632
2.02306277898,-0.445125891641,6.56,0.065
2.02326596812,-0.714428637782,5.12,1.104
2.02333974876,-0.666748577654,6.42,-0.119
2.02370300475,-0.70353044464,6.58,-0.131
2.02374340314,-0.505357043406,3.94,0.16
2.02488607491,0.880235751539,5.31,-0.001
2.02508484456,0.450018468246,5.3,1.535
2.02513705848,0.0419825381777,6.46,0.211
2.02528711818,-0.629409440989,5.8,0.32
2.0254946042,-0.880636014164,6.64,0.527
2.02553235493,-1.21861668545,6.16,-0.032
2.02560422635,0.224450583753,6.4,1.392
2.02653491364,0.425825300232,3.57,0.932
2.02706685486,-0.430643920137,5.62,-0.191
2.02706802698,-0.662228832139,5.89,-0.115
2.02750713755,-0.820452597299,6.76,-0.073
2.02777211953,-1.15317277496,6.37,0.949
2.02866793446,0.690388844992,6.74,0.545
2.02929243779,-0.661268094379,6.53,-0.099
2.02962412244,0.35458188258,6.53,0.007
2.03005772612,-0.662676801745,3.62,1.706
2.03025752751,-0.763626327507,6.02,-0.069
2.03032688748,0.489149441746,1.16,0.991
2.03106386629,-0.256398240238,6.06,0.11
2.03149409413,-0.596420251944,5.36,0.589
2.03152824974,-0.989995606488,6.1,0.397
2.03271619387,-0.423348090892,6.73,-0.149
2.03308097116,-0.254186347595,5.03,0.342
2.03346783582,-0.118202611141,5.49,1.378
2.03385032808,0.323061203036,4.89,1.425
2.03407559751,-0.66206743825,5.87,-0.111
2.03448674946,0.187941448802,5.25,0.018
2.03530407126,1.09659948688,6.5,0.262
2.0357400328,-0.699170390566,6.56,-0.124
2.03573898615,-0.659255704268,6.31,1.348
2.03616487127,0.654802052749,5.15,1.588
2.03622149616,1.14241705213,5.93,1.183
2.03656025821,-0.221225941394,6.39,-0.004
2.03770294507,1.11791704099,6.78,0.125
2.03809085752,-0.686455370471,6.33,-0.142
2.03858485217,-0.393039598365,5.9,-0.18
2.03873357071,-0.629603096507,6.46,1.083
2.03948951033,-0.672146271045,5.07,-0.112
2.03987724706,0.583213934481,5.14,1.635
2.03989170061,-1.42412638755,6.79,0.16
2.03996320556,-0.813471609751,5.22,-0.151
2.0404736357,-0.279090163587,6.31,1.791
2.04095951996,-0.27950545724,6.38,1.697
2.04179676977,-0.212802840024,5.48,0.478
2.0422838444,0.0944190210794,6.61,1.58
2.04241111746,-0.452688989288,4.4,-0.07
2.04265685589,-0.709517843555,6.14,1.591
2.04313076212,-0.9549444118,6.62,1.111
2.04345349359,-0.985606193022,6.3,1.01
2.04350337531,-0.821661259973,4.69,1.039
2.04367933558,0.320037287456,6.7,0.927
2.04448156146,0.403886284461,6.18,0.571
2.04632440639,0.0756373034007,6.55,0.786
2.04652045083,-0.434800045984,5.32,0.751
2.04653208849,0.233383139569,6.07,1.367
2.04684418519,-0.195147129943,6.73,0.286
2.04688712487,-0.984546513304,5.57,1.116
2.04733407616,-0.817821446787,5.82,-0.142
2.04733842102,-1.05214884764,5.78,0.428
2.04743820101,-0.809365116512,4.1,-0.16
2.04743889415,-0.710367569774,6.53,-0.151
2.04746390553,-0.6151113853,5.94,-0.051
2.04768248814,-0.433885111119,3.34,1.218
2.04845590288,-0.78105503036,6.32,0.962
2.04849349204,-0.233052907088,6.23,-0.078
2.04874843184,0.223650858935,6.42,0.984
2.04897339117,-0.581001779066,5.61,1.617
2.04930565753,-0.245835898179,6.34,1.66
2.04936301806,-0.34043551026,6.49,1.234
2.04937977822,-1.1553377036,5.78,-0.04
2.04939467396,-0.300692439492,5.17,1.282
2.04969028059,-0.352689663182,6.54,0.579
2.05005538763,-0.629950842435,6.76,1.553
2.0503813868,-1.04809537343,6.72,1.239
2.05054515386,0.492161051587,6.77,0.089
2.05069545165,-0.415357857836,6.73,0.31
2.0511741666,-0.340750195533,6.11,1.265
2.05133196687,1.05316878725,6.78,0.092
2.05153101385,-0.160281287758,5.6,1.446
2.05249598175,-0.881556518901,5.89,1.088
2.05385333503,-0.778066823648,6.45,0.899
2.05420853001,0.0571988548778,6.17,1.106
2.05447787871,0.0778331947617,6.49,0.944
2.05464734486,0.00138851204394,6.38,1.237
2.05477894767,-0.194230737384,6.16,1.128
2.05513103368,-0.428104083426,6.43,-0.003
2.05529673775,0.580036672797,6.06,0.15
2.05554167443,0.944733465201,6.03,0.496
2.05558302727,-0.318475341719,6.59,0.958
2.05614152849,-0.824081856724,6.53,-0.118
2.05624099461,0.647204482146,6.49,1.51
2.0566043435,-0.752153691563,6.34,-0.173
2.05806018681,-0.748540338691,6.05,-0.181
2.05809877097,-0.223740831409,6.37,0.384
2.05817869038,0.0308376716479,5.12,-0.116
2.05825421381,-0.369550108647,5.62,0.956
2.05849249884,-0.242566359101,5.16,0.6
2.05870258106,-0.361643459911,6.78,0.42
2.05925395272,0.33728635451,6.03,1.125
2.05977022898,0.801681894894,6.5,0.213
2.06001136061,0.057200400877,6.3,1.464
2.06043661877,-0.708181061168,3.71,1.012
2.06062933942,-0.60572423724,5.01,0.47
2.06086141908,-0.259114635156,5.69,0.368
2.0615522009,-0.241951268806,6.61,1.084
2.06165150923,-0.948886030206,5.7,-0.151
2.06213847591,0.963586562825,6.36,-0.003
2.06229905842,-0.678284029467,4.49,-0.188
2.06296888888,-0.0947409557305,5.76,0.412
2.064106946,-0.634667503793,5.44,1.161
2.06411635997,-0.865910966529,4.63,-0.228
2.06484241987,-0.609792346471,6.64,0.819
2.06517246914,-0.839554575139,4.22,-0.13
2.06602016383,0.467151035731,4.97,0.098
2.06901575941,-0.626176788344,5.48,-0.175
2.07007117338,-0.490530804658,6.6,0.081
2.07034363587,0.827041403595,6.25,1.133
2.07111809426,-0.608189869358,6.14,1.54
2.07132114781,0.830158803783,5.47,1.462
2.07209504033,-1.00012264179,5.62,1.298
2.07260974592,-0.91775223458,6.36,-0.007
2.07358579402,-0.539614675175,6.45,1.474
2.07486439845,0.154685730879,5.86,0.369
2.07547977468,0.347040741061,5.38,-0.035
2.07554817172,0.618067934413,6.23,0.277
2.07596646913,-0.76524055661,6.02,-0.111
2.07622439476,-0.802503356835,6.74,-0.125
2.07683977288,-0.220054501192,6.57,0.964
2.07778204417,-0.896024411428,6.77,0.97
2.07808884296,-1.06638625625,6.73,0.001
2.07829819332,-1.05638558976,5.74,1.554
2.07829399924,1.40089798933,6.55,0.719
2.0785942291,-0.528565453562,6.28,1.476
2.07868039466,0.0782879084768,6.16,0.957
2.07869657029,-0.710980110846,6.78,-0.17
2.07888478549,0.986188587051,6.71,0.05
2.08033975809,-0.924716624021,3.46,-0.177
2.08068997291,-0.399333403068,4.2,0.718
2.08114536234,-0.759225397743,5.36,-0.166
2.08114694363,-0.740132618444,6.09,1.361
2.08126530733,0.275592396581,5.8,1.285
2.08223307312,-1.10473816869,6.14,-0.103
2.0824599235,0.150817738556,6.03,1.0
2.0824900758,0.0196703720215,6.35,0.507
2.082644949,-0.769862268445,5.08,-0.166
2.08276473312,-0.835850491695,6.21,-0.099
2.08422179396,-0.529438117113,4.76,0.151
2.08432835282,-1.15032416972,6.69,1.605
2.0846944833,-1.05248714982,5.59,0.573
2.08506656354,-0.795480380944,5.14,1.263
2.08529063226,-0.711821229859,6.46,0.979
2.08609722464,0.125899846759,6.42,-0.031
2.08671852569,-0.85948584987,4.47,-0.18
2.08687238079,0.767549973561,6.36,1.043
2.08717036886,0.0388295045764,5.3,0.933
2.08722817043,-0.897945224709,6.44,0.26
2.08729079847,-1.06216750804,6.73,0.0
2.08787425272,0.0512403049071,6.65,0.157
2.08795710933,0.288305348468,6.05,1.468
2.08934486241,-1.06158713082,5.77,-0.082
2.09016302176,-0.789165347024,5.98,-0.143
2.09044742598,-0.406843158342,5.09,1.111
2.0909267292,-0.872260597568,6.35,-0.151
2.09101784761,-0.872206853749,6.37,-0.089
2.09117884981,-1.27835194042,6.33,0.128
2.09209558872,-0.685861055958,5.22,0.4
2.09258105812,0.231119389473,6.05,1.325
2.09276206768,-1.05744369991,5.19,1.758
2.09294717492,-1.05081650694,6.3,-0.05
2.09324263762,-0.064220835055,4.93,1.205
2.0933717545,-0.825602235635,6.71,-0.085
2.09376803251,0.629751016813,6.5,1.561
2.09381702275,-0.321127101711,4.61,0.087
2.09524967139,1.29011106445,5.37,1.424
2.09546401404,-0.854888606437,6.01,0.042
2.09581555968,-0.793373464052,6.62,1.272
2.09584722125,-1.10946139885,4.81,-0.173
2.09650126275,-0.852973256978,6.13,-0.085
2.09704440328,0.220640941745,6.59,1.071
2.09760464662,-0.0502989481606,6.41,-0.087
2.09783540936,0.30209385619,5.6,1.317
2.09789319246,0.345858212358,6.3,1.109
2.09796703445,0.221280539737,6.79,-0.065
2.09802745756,-0.945118044875,5.87,-0.134
2.09845826825,0.443188593314,5.87,1.021
2.09881529427,0.411602619995,6.34,1.16
2.0990059215,-0.112036082132,6.45,0.838
2.09972815953,-0.0243055985572,4.69,1.475
2.09976857458,0.0851689879132,5.65,0.013
2.10026829326,1.03057150263,5.78,0.421
2.10043428371,-0.951475489713,6.12,-0.044
2.10096104629,0.287199315018,5.99,-0.024
2.10105463229,-0.967866323962,6.28,-0.146
2.10148742701,-0.650723669167,5.9,0.147
2.10184721934,1.05285858555,6.02,0.158
2.10194069974,0.437893775904,6.32,0.023
2.102447558,0.155578489593,6.22,0.57
2.10248595707,-0.778415213199,6.56,1.337
2.10277154477,0.618074645384,6.34,1.564
2.10310684817,-0.954038076762,6.67,0.34
2.10356780293,-0.646645239858,6.31,1.599
2.10366705939,0.0516724787049,6.79,1.552
2.10425102896,-0.96936623968,6.7,-0.029
2.10428071151,0.0407459450121,4.39,1.252
2.10501028598,-0.110603875238,6.34,0.615
2.10509192328,-0.779585424295,6.54,-0.049
2.10536275152,1.10113357301,6.09,0.58
2.10572524212,0.999613369756,6.48,0.649
2.10584973497,-0.635321284814,6.59,0.257
2.1060991508,-0.871799985057,6.61,0.374
2.10637862581,-0.720992516925,5.52,-0.152
2.10717354932,-0.843430315718,6.64,-0.152
2.1077877544,-0.566595791332,5.83,1.225
2.10902469925,-1.22123459467,6.76,-0.072
2.10957474732,0.212603806388,6.74,0.571
2.10963832009,-0.749589714689,6.28,1.008
2.10964515175,-0.863912771631,6.63,1.032
2.10974545172,0.485102610653,4.94,1.13
2.11003413258,-0.698186637597,2.21,-0.269
2.11228194093,0.23889229836,6.72,0.963
2.11245836827,0.576495242808,6.7,0.071
2.11302578574,-0.570283341689,5.25,1.882
2.11421271935,-0.308321895554,6.54,1.576
2.11422200669,-0.448545026163,6.35,1.461
2.11486039805,-0.344321136465,6.12,-0.154
2.11493198775,-0.882968975884,5.96,1.213
2.11497077244,-1.09670114167,6.25,-0.093
2.1151429705,0.328855283272,6.21,-0.042
2.11527832132,1.38718091586,5.39,-0.04
2.11645198873,-0.586279175363,6.62,0.448
2.11648137536,-0.926908080657,5.52,1.347
2.11653818277,0.228956047982,5.14,0.018
2.1176883245,-0.819927948232,6.18,-0.138
2.11862616045,0.235691830607,6.79,1.272
2.11890656353,0.480484530701,6.21,0.01
2.11947586975,-0.585897175134,6.15,1.098
2.11982116259,-0.0100063217609,6.4,1.058
2.12076004365,1.03408596079,6.69,0.11
2.12191277181,0.395063821937,5.96,1.652
2.12256853726,-0.161346216834,6.25,-0.006
2.12320566966,-1.10856180838,6.66,0.978
2.12350870302,-0.790041009367,5.04,1.488
2.12360091417,-0.846439111121,6.34,-0.172
2.12497421681,-0.513178055374,6.8,0.6
2.12566166819,0.755035800408,6.35,-0.02
2.12610240456,-0.303141773506,6.5,1.246
2.12625027352,-0.358740940005,5.33,0.1
2.12634719876,-0.844497168252,6.69,0.954
2.12731299374,-0.424190475505,2.83,0.458
2.12797732811,-0.855394022901,6.66,-0.08
2.12827300808,0.376673746023,5.3,0.642
2.12899794845,-1.19759365576,4.35,-0.113
2.13024055823,-1.06599909876,6.66,0.86
2.13034701447,-1.06599565691,6.77,0.649
2.13070948372,-0.412208183343,6.56,-0.077
2.13109400021,-1.1135343845,6.32,-0.058
2.13129924449,0.898960985794,4.78,0.048
2.13189407075,-0.0520768880185,4.36,0.97
2.13203920569,-0.657661366511,6.36,-0.054
2.1323884046,0.238078916131,6.25,0.48
2.13247081345,-0.355404410552,6.37,0.141
2.13343565917,-0.197914229539,6.31,0.011
2.13372085102,-1.06992923037,4.74,0.437
2.13378409906,-0.33588886162,4.4,-0.16
2.13414916459,-0.529233742611,6.64,1.398
2.13435648306,-0.849703293451,5.66,-0.101
2.13440597833,-0.618806743132,6.21,0.892
2.13534161534,0.74055382583,6.26,1.263
2.13574011342,-0.283597184587,5.66,-0.153
2.13585410408,-0.904826747281,6.53,0.598
2.13587290589,0.562364947816,6.68,0.486
2.13588651372,-1.03919657863,6.6,-0.11
2.13598861344,-0.82617931103,1.75,-0.145
2.13611084318,-0.978874621477,5.66,0.204
2.13622357418,0.507769965448,6.47,0.804
2.13627689579,-0.77008766325,5.2,-0.173
2.13680339232,-0.836661853757,5.23,-0.199
2.13713351409,-0.744222405238,6.27,-0.036
2.13830382791,1.01662361092,5.91,1.365
2.13886121845,0.618806257266,6.65,0.538
2.13898150359,0.45107128173,6.44,1.42
2.13916221573,-0.393280335288,6.8,0.315
2.13933136905,0.160014251774,6.8,0.844
2.13950391308,1.21693217461,6.54,0.567
2.13952399136,-0.859353821713,6.46,-0.14
2.14000535731,0.445186959878,5.73,0.825
2.14092487694,-0.240841600145,5.53,0.488
2.14227772055,-0.117772683953,6.71,1.081
2.14231057001,0.255332494172,6.22,0.01
2.14251413977,-0.650874683109,6.42,-0.045
2.14293188625,-0.711366209965,6.69,1.526
2.14309654264,0.92930208704,6.79,0.549
2.14317665766,-0.845821353467,5.83,-0.146
2.14357746835,-0.225618689237,4.72,0.939
2.14359878345,0.171412799685,6.08,-0.104
2.14370502222,0.951906727134,6.48,0.94
2.14395481703,-0.691474062494,4.44,1.59
2.14396740433,0.675988954141,6.61,0.593
2.1442746969,-0.750269530862,4.73,0.164
2.14479182074,-0.135656397164,5.36,0.892
2.14520554098,0.5664837786,6.78,0.679
2.14627185397,-0.624357147575,6.64,1.53
2.14637635377,-0.729349287023,6.7,1.463
2.14675273016,-0.814097508175,5.77,0.626
2.14719559205,-0.757480568347,6.48,1.704
2.1476803891,0.308011702945,4.67,0.531
2.14836788644,0.244417958441,6.53,0.155
2.1487453322,-0.645583874715,6.54,-0.095
2.14899433768,-0.807464106786,6,-0.113
2.15009328488,-0.522041402224,6.53,0.057
2.15030293746,1.19509800552,5.34,1.037
2.15050424256,-0.661906865602,6.4,0.108
2.15109868773,0.288229252673,6.03,0.89
2.15176323224,0.517604204214,5.62,-0.073
2.15257043531,-0.2755564459,4.99,1.066
2.15270187839,-0.0203485353498,6.48,0.918
2.15326492133,-0.626564783819,4.78,-0.11
2.15360824669,-0.876086722146,5.52,1.651
2.15362955526,-0.553886890343,6.7,0.618
2.15374772964,-0.820158629365,5.14,-0.139
2.15410501014,-0.585898794485,6.38,1.141
2.15415020072,0.403829555673,6.56,0.116
2.1544383156,-0.81295139674,6.49,-0.159
2.15476792749,0.985277567757,5.88,1.016
2.15535894263,-0.633943387297,5.09,-0.184
2.15538715814,-0.634266202781,6.11,-0.185
2.15569348217,-0.704203528891,4.42,1.17
2.15585540637,-0.777994381244,6.56,0.18
2.15628411963,-0.56096123096,6.07,-0.159
2.15629184775,0.308503618713,6.47,0.331
2.15644609184,-0.619417680552,5.77,1.024
2.15700841736,0.227735718571,6.39,1.034
2.15721772942,-0.799963325669,5.86,-0.176
2.15763804925,-0.71254590001,6.62,-0.148
2.1585858735,-1.28817825437,6.64,0.212
2.15920804671,-0.811331863176,6.45,-0.149
2.1596050581,-0.622885351987,6.8,1.27
2.16100401014,-1.09808512651,5.16,0.086
2.1615364942,-0.880505024374,6.44,1.52
2.16167873693,-0.908623633796,6.63,0.579
2.16351814017,1.05384030225,6.43,0.21
2.16366604824,-0.539759554629,6.22,0.777
2.16368834538,-0.808301814659,6.65,0.176
2.16412272596,-0.626628887444,6.15,1.549
2.16547615261,-1.51070975202,6.76,0.064
2.16645690369,0.160317998209,3.53,1.481
2.16805820105,-1.12027549208,6.67,-0.07
2.16813207236,1.46708261406,6.45,0.052
2.16815172815,-0.37211554278,6.6,0.018
2.16843209484,1.03304928483,6.58,1.318
2.16927001457,-0.0587080534216,6.72,-0.061
2.16991433165,0.073638386163,6.53,0.631
2.17025382743,-0.284228813795,6.32,0.057
2.17087337474,0.154746295262,6.28,0.98
2.17192775107,-0.629498215944,6.42,1.446
2.17223800198,1.03971240748,5.63,0.182
2.17262677866,-1.03265591201,6.47,0.397
2.17280974003,-0.523663298375,6.43,1.04
2.17386577357,-0.652309945587,6.67,0.244
2.17398374621,0.273631324196,6.42,1.018
2.17408370643,0.944985766484,6.26,1.558
2.1741998536,-0.618748936155,5.59,1.246
2.17430133712,-1.14516622707,5.06,1.129
2.17467611424,-0.220473017837,5.95,0.754
2.17503403726,0.95231872575,6.61,0.272
2.17521336354,-1.34250241733,4.05,0.413
2.17535861479,-0.639825280579,4.44,0.222
2.17770464141,-0.841211225665,6.45,-0.131
2.17839501711,-0.177425872658,6.31,0.329
2.17854700221,1.09095573876,5.73,0.891
2.17891712911,-0.351932721509,6.68,0.028
2.1794444843,-0.603711772165,6.44,-0.079
2.17964215636,1.32220746656,5.55,0.902
2.18086056154,-1.24817057672,5.33,-0.063
2.18092442377,0.0689061589158,6.04,0.964
2.181218277,-0.224396108553,6.77,1.39
2.18135728613,0.696119334929,6.76,0.989
2.18150033077,-0.906556278639,6.75,0.263
2.18170146887,-1.24800426244,5.63,-0.099
2.1819423833,0.4750385986,5.13,0.487
2.18260690173,-0.0158705157062,6.18,0.607
2.18289936392,-0.0930248205652,6.12,1.329
2.18318656632,0.362116044018,5.8,1.137
2.1835545514,1.0078103285,5.89,0.421
2.18365044372,-0.400111137637,6.12,1.039
2.18377933502,0.935044298841,6.5,0.3
2.18399864715,0.419268466206,5.92,-0.039
2.18448409385,-1.35235924606,4.34,1.161
2.1845935039,1.26374460874,6,1.537
2.18605892425,-0.911550019848,6.63,0.147
2.18658077945,-1.1188608113,6.11,0.93
2.18690483277,-1.01182356813,5.96,-0.092
2.18749993634,-0.027960773756,6.52,0.023
2.18755529593,-0.6367690069,5.18,-0.187
2.18756825555,-0.350445674943,5.58,0.771
2.18769951022,-0.576907521038,4.83,1.419
2.18778362395,-0.691511908535,6.15,0.172
2.18999612943,-0.306939435927,5.71,1.05
2.19016996621,-0.18759005199,6.78,0.393
2.19071573285,-1.2810714173,5.28,0.014
2.19108125564,1.30586169568,6.4,1.022
2.19122565492,0.0375491918457,6.79,1.469
2.19258183524,-0.107846645063,6.14,0.227
2.19263167605,-1.03863641419,1.86,1.196
2.19269313059,-0.846316800112,4.79,-0.146
2.19270680576,0.282088705474,6.66,1.168
2.19359262831,1.05821469507,6.42,0.969
2.19379505267,-0.227849121614,6.13,0.997
2.19401970435,-0.459863183989,5.88,0.379
2.19403268417,0.753775075636,4.25,1.55
2.19432214158,-0.131652288595,5.92,1.635
2.19440003192,-0.909730699635,5.89,0.018
2.19598302803,-0.668218131739,6.28,1.613
2.19633980065,0.319957243979,5.94,0.175
2.19827950002,0.928859204178,5.52,0.125
2.1983424751,-0.505626800153,6.64,0.016
2.19876656953,0.185564498219,6.11,1.507
2.20059063137,-1.41221922832,5.67,1.018
2.20152162085,1.43868815329,6.28,0.035
2.20166121013,-0.0654714927395,5.61,0.478
2.2017645235,-0.0823271753134,6.03,0.46
2.20222531164,0.733129774425,6.02,1.591
2.20312772902,-0.404109081787,5.67,0.066
2.20327517286,-0.746474418263,5.97,-0.159
2.20335844889,-0.266933168525,6.76,0.193
2.20355532155,0.164515716315,6.76,1.434
2.20375022063,-0.41968557879,5.32,1.476
2.2038336487,0.611064356428,6.08,1.261
2.20415456681,-0.968183513189,6.61,-0.047
2.20486010414,-0.367321221249,6.01,0.402
2.20567947881,-1.0146160611,6.65,-0.023
2.20575660626,-0.902813706901,5.18,-0.164
2.20606255734,0.0366904762924,5.74,1.528
2.20619618938,-0.156312733769,6.51,0.956
2.20634067276,-0.304375032695,6.44,1.234
2.20636032508,-0.068179953593,3.91,-0.012
2.20669433505,-1.15430648939,3.77,1.132
2.20699545001,0.0274769977621,6.56,1.16
2.20710563631,0.297513484616,6.11,0.448
2.20723122341,-1.12749347505,5.95,0.971
2.20725343032,-0.735709888253,5.45,-0.142
2.20746098571,0.132025529029,5.13,0.934
2.20752081006,-0.260571746148,5.96,0.167
2.20791876515,-0.183549004052,6.58,0.176
2.20913098702,-0.681707378812,6.07,-0.009
2.20967552812,-0.921664736882,6.05,0.062
2.2098201658,-0.0695946369875,5.6,0.218
2.20985647132,0.486834865229,5.58,1.421
2.21073545846,0.4282019774,6.51,0.349
2.21089242598,-0.218770079801,5.52,1.167
2.21103688614,0.220864647192,5.56,1.608
2.21126453203,0.470112963875,6.3,0.187
2.21153289052,-0.50990901114,6.73,-0.031
2.21204336625,-0.919874916317,6.49,0.419
2.21250779292,-0.561707340035,6.8,0.747
2.21339895416,-0.552793494108,6.33,0.897
2.21342486178,-1.22336204244,5.51,-0.024
2.21346064305,-0.111870624596,6.61,0.523
2.2141586402,-0.260668656426,6.68,-0.153
2.21420871866,-0.960126813335,6.52,-0.01
2.21462456954,-0.363795694408,6.57,0.043
2.21486727405,-0.926568763348,5.08,0.256
2.21488028385,0.796794931798,6.32,0.624
2.21610868595,-0.456106125652,6.6,0.11
2.21652608187,-0.612850748094,5.75,-0.151
2.21800720489,-0.153873114512,6.43,1.197
2.21868815836,-0.0439321352405,6.42,0.332
2.21918905785,-0.402664583854,6.5,0.06
2.21924297436,0.421408595479,6.05,0.246
2.21928356316,0.248025639131,5.94,0.201
2.22027720044,-0.17014485947,6.01,0.427
2.22035421791,-0.74329166109,6.61,-0.175
2.22045364124,-0.365653484737,6.69,-0.066
2.22127716239,-0.83651751393,5.33,-0.14
2.22133788615,-0.766528672487,6.78,1.39
2.22148186951,-0.770744609841,5.82,-0.16
2.22293020384,-0.78059522808,5.03,-0.168
2.22293562799,-0.477036078686,6.69,-0.098
2.22309905806,-0.946173717112,6.44,-0.108
2.22315107652,-0.0167560128538,6.7,1.025
2.22357786594,-0.963263545232,6.36,0.799
2.22425045902,-0.808640585741,5.98,-0.127
2.22429529711,1.17456191663,5.89,0.972
2.22645484141,1.05973196796,3.35,0.856
2.22737554252,-0.561285409851,5.61,1.509
2.22746171532,-0.640908128463,6.78,1.903
2.22778300962,0.944557308922,6.76,-0.021
2.22814782964,-0.780813526136,6.3,-0.007
2.22867048169,-0.724573608138,6.62,0.9
2.2291851093,-0.276367234519,6.75,1.561
2.23043119774,-0.835430112844,6.39,-0.147
2.2304324018,0.702056768106,6.71,0.113
2.23111022935,0.650395941727,6.18,-0.039
2.23145402987,-0.681797337483,6.31,-0.133
2.23180923156,-0.949354563354,6.34,1.298
2.23187783437,0.420294569503,5.71,0.327
2.23190701692,-0.34169116673,5.42,-0.061
2.23225660961,0.315807211202,5.33,1.567
2.23254131366,-0.824511473662,6.78,-0.137
2.23266133896,0.331398437944,6.5,1.496
2.23290422898,-1.30646658117,6.72,1.122
2.23362104209,0.171288350953,6.78,-0.037
2.23438239078,-0.928723197172,5.68,0.582
2.23644754221,-0.262325487825,6.38,0.275
2.2364535997,0.927028975317,6.23,1.008
2.2367564008,-0.251641046976,6.62,1.339
2.23692094686,0.17568498014,6.48,-0.007
2.23696708422,-0.821039664332,6.49,1.293
2.23706442423,-1.28031751486,6.11,0.946
2.23711203189,0.356765575348,5.33,1.252
2.23777449006,-0.549793597502,6.38,0.78
2.23789645529,1.20986051256,6.31,1.36
2.23793226407,-0.830872963925,6.57,0.13
2.23802076986,0.663510788979,5.88,1.106
2.23827590939,-0.604478005283,6.36,0.951
2.23839253562,0.420358890266,6.35,1.032
2.23852016615,-0.798538843664,6.36,-0.119
2.2387372572,-0.429472476066,6.19,0.27
2.23917356588,-0.0911523898052,6.8,0.075
2.23982918624,-0.669694625927,6.48,-0.153
2.2399665425,0.635935660295,6.2,0.402
2.2405864204,-0.819792694227,6.25,1.56
2.24082200518,-0.281165827196,6.56,1.036
2.24117980146,-0.678039724811,5.92,-0.114
2.24154659838,0.0830253162612,5.89,1.066
2.24166058219,0.231383735175,6.26,1.179
2.24286572698,-0.0375517107296,5.8,0.007
2.24306330601,-0.727433995257,6.74,1.201
2.24344553401,-0.926272536273,6.79,-0.111
2.24357615353,-0.64413469434,6.69,0.428
2.24371899962,0.147521146286,6.04,0.332
2.24485628292,-0.891743377536,6.58,-0.156
2.24487565158,-0.656438735154,6.28,1.562
2.24490836787,-0.472952132289,6.4,1.429
2.24491308512,0.822741746473,6.68,0.003
2.2450712234,-0.568955408655,6.41,0.752
2.24516309539,0.0960618392015,6.63,1.587
2.24537770266,1.1369977101,5.47,0.207
2.24591886819,-0.871690788842,5.01,1.304
2.24593970608,0.635642260671,5.76,0.051
2.24663807333,0.847073230172,6.75,0.202
2.24794271798,-0.593836037857,6.7,1.355
2.2480222095,-0.697615984857,6.44,0.578
2.24824350649,-1.01621332861,5.27,-0.133
2.24852561226,0.34191109316,6.55,0.681
2.24854254926,-1.0124520299,4.84,0.981
2.24892626037,0.0478822262005,6.35,1.023
2.24916205858,-0.139317269322,5.72,-0.004
2.24919879591,-0.468507236572,5.95,0.393
2.2508184249,0.115544630823,5.91,0.53
2.25089527125,-0.889588236274,5.79,-0.132
2.2520356371,0.267273294556,6.33,0.338
2.25305139355,-0.563075517336,6.69,1.086
2.25502130214,1.30417418945,6.31,0.308
2.25610989742,-0.461053097769,6.8,1.14
2.25625769426,0.168521661808,5.92,0.083
2.25720815006,-1.09699991645,5.45,1.013
2.25729599135,-0.700708952431,6.53,0.598
2.25744588113,0.493830420666,6.63,0.833
2.25781414555,-0.0861145271382,6.18,1.054
2.25799348006,-0.588973280025,6.51,0.32
2.25829244336,-0.219661995171,6.7,0.284
2.25864769467,-0.750300999271,4.11,0.109
2.25870085706,0.0995497694758,4.14,0.003
2.25923884593,0.336276431068,6.72,0.193
2.25949556724,-0.118802553465,6.74,0.655
2.25963085465,-0.458236190811,5.24,-0.03
2.25991597938,-1.30156073231,6.62,0.265
2.2603206494,-0.204966836328,6.58,-0.044
2.26057752569,0.167108476637,6.54,-0.01
2.26158191159,0.57250326104,5.96,1.111
2.26167597312,-0.116279414264,6.52,0.447
2.26181688941,0.932032689105,5.66,0.964
2.26222706388,-1.0968214738,6.72,1.593
2.26313151964,-0.344473955825,6.32,1.592
2.2634604935,-0.926601948308,6.45,-0.1
2.26350569872,0.0583190449587,4.45,1.216
2.26455743778,0.923716883541,6.34,1.319
2.26493845191,-1.22848044513,5.19,0.013
2.26514017909,-0.395524333019,5.05,0.72
2.26529834623,1.04613509412,6.47,0.035
2.26541744666,1.13482890182,5.63,0.618
2.26552607513,-1.05273528212,6.35,-0.002
2.26564974843,-0.222310870675,6.65,0.032
2.26584708576,0.919991373823,5.91,1.167
2.26617307302,-0.638907183683,6.12,0.426
2.26629932816,-0.932699892678,5.45,-0.132
2.26635046767,0.139933524815,6.46,1.08
2.26688184834,0.567504548053,6.71,1.453
2.26765363608,-0.515938239934,4.86,0.9
2.26766478343,1.28508030888,6.16,1.017
2.26766674238,0.345199169916,6.65,0.248
2.26825292798,0.341051609822,6.59,0.956
2.26845837957,-0.301993937505,6.59,1.334
2.26866312295,0.571198594407,6.7,1.122
2.26875403511,-0.925979713368,5.18,-0.147
2.26886858651,-1.03928968813,6.78,-0.088
2.26903512639,-0.217736318548,4.98,1.415
2.26937469664,-0.616247001481,3.97,0.936
2.26939488841,0.349201772703,6.39,0.98
2.26976098805,0.348561998076,6.61,0.006
2.26986351633,1.12273428262,4.59,1.179
2.26989788017,0.114591968084,6.6,0.899
2.27019876853,-0.925293244101,5.56,-0.125
2.27020755659,-0.92366117844,3.6,-0.168
2.2702403385,0.0335132806313,6.76,1.382
2.27025818973,0.557491291217,6.21,0.401
2.27032315838,-0.702737181054,5.2,-0.027
2.27039304023,0.337703560774,6.76,0.271
2.27053432793,0.343305187161,6.42,1.02
2.27089245071,0.341121243344,6.29,0.17
2.27129506845,0.190662188442,6.78,1.382
2.27137620622,0.58079761702,6.74,1.071
2.27149208754,-0.78873353247,5.67,1.664
2.27162100557,-1.04302626029,4.31,-0.117
2.27166030775,-0.814174182013,3.77,0.67
2.27209420983,-1.00435826178,6.34,0.208
2.27302232564,0.341741369881,6.77,0.169
2.27336871543,0.799954382537,5.35,0.993
2.27340924062,-0.157987192038,6.64,0.017
2.27363326564,-1.16616476462,6.71,-0.088
2.27367834317,-0.853861847435,5.9,-0.186
2.2742464733,-0.825839615566,4.74,0.137
2.27440479948,0.357389415996,6.72,0.112
2.27471556663,-1.37817060702,5.46,-0.101
2.27582989234,-0.785257021516,6.7,-0.106
2.27644283117,-0.27826454322,4.87,1.063
2.27742996371,-0.792566472046,5.2,0.171
2.2783683309,-0.208846244865,6.46,0.16
2.27883237629,-0.839487494102,5.48,-0.172
2.27903649698,-0.92677081577,5.49,-0.127
2.27917137426,-0.973449651551,6.26,1.178
2.27950151056,-0.927013901404,4.83,-0.173
2.27971321673,-0.829403475772,6.73,0.232
2.28179985388,-0.627328938668,6.42,0.019
2.28203008702,0.818574174582,6.21,0.981
2.28291181015,-1.38003326412,6.05,0.229
2.28291461364,0.221323036085,5.62,0.435
2.28299793606,0.0593178462767,4.3,-0.192
2.28326522848,0.374696021968,4.66,0.01
2.28333283337,-0.678625540553,6.58,0.917
2.28460247223,-0.579211693335,3.68,-0.18
2.28494679498,-0.869571935163,5.15,-0.197
2.28495403452,-0.126252411542,4.63,0.84
2.28596876906,-1.19051666342,6.33,1.501
2.28636517026,0.0756523027465,6.37,-0.04
2.28711844939,0.644346655184,6.54,0.469
2.2877413774,-0.65496748235,6.78,1.404
2.28812315898,-0.744370288484,4.05,0.874
2.28856377271,-1.14887046483,6.03,0.217
2.2893702006,0.316852459453,3.94,1.083
2.28939729914,-0.415186095059,6.72,1.263
2.28945121088,-0.954849056743,1.93,0.043
2.28949093359,-1.30529744961,6.66,1.22
2.28965647719,0.175958340295,5.63,-0.069
2.29007635153,-0.777414960259,6.56,0.567
2.29015763318,-0.648341810861,5.74,-0.139
2.29039186889,-0.369448265225,6.1,0.195
2.2908377639,0.0991449564963,6.13,0.2
2.29114804044,-1.02493271537,6.2,-0.083
2.29201199225,-0.121798254308,6.66,1.472
2.29225488293,-0.0453970952324,6.41,0.521
2.29230253528,0.535776839286,6.12,0.935
2.29244057478,0.0034516401281,6.55,1.008
2.29289656745,0.328427133178,6.77,0.39
2.29328007784,0.0814087263267,6.45,1.228
2.29393789833,-0.974849171779,6.77,0.299
2.29419818591,-0.772273482384,6.7,-0.088
2.29432867247,-0.443105721902,6.07,0.084
2.29476031038,-1.38761307385,5.79,1.595
2.29522777619,-0.80357624553,3.87,0.015
2.29528798558,-0.0357557696575,5.7,1.097
2.29560786076,-0.192104334711,6.22,1.608
2.29580291764,-0.189017304057,6.79,1.579
2.29674695034,-0.23645232086,4.32,0.9
2.29683592043,-0.71777345235,6.21,-0.05
2.29732949317,-0.801324370409,5.43,0.238
2.29801554826,0.502044980892,6.58,0.051
2.29814936031,0.501954916588,4.03,1.007
2.29820255524,-0.990819508481,4.5,-0.169
2.29842038264,-0.327386006129,6.6,1.032
2.29849037101,0.112029354941,3.38,0.685
2.29868896116,-0.60428438223,6.33,-0.127
2.29918177614,0.211358536974,5.89,0.12
2.29986160543,-0.786702788565,6.6,-0.12
2.30000131969,0.491516194442,6.6,0.676
2.30056107527,-0.0331094662763,5.28,0.058
2.30084182053,-0.805563958986,5.71,0.554
2.30103264713,-0.297628869332,6.48,0.679
2.30120660784,-0.603889733765,6.66,1.429
2.30240877937,-0.728444441458,6.35,0.578
2.30385125114,-0.922409148707,6.29,-0.097
2.30389406746,-0.865244252497,6.71,0.424
2.30418930078,-0.114473341841,6.09,1.282
2.30447300995,-0.741126951052,6.43,-0.178
2.30489832946,-0.499841352611,6.42,1.364
2.3057232462,0.101889048273,4.35,-0.044
2.30655817719,-0.0182358232686,6.42,1.142
2.30670976103,0.218985386033,6.66,1.642
2.30741749355,1.16427567923,6.2,-0.106
2.30977790782,-0.06009209354,5.3,-0.08
2.31104580997,-0.70371950824,5.47,0.066
2.31146621732,-0.367364585464,6.48,0.256
2.3116624904,-0.790771589286,4.94,0.043
2.31174373213,0.122430804868,6.67,1.065
2.3118437882,-1.26625801066,6.1,0.185
2.3119431121,-0.57212809355,5.19,0.876
2.31200581686,-0.683149850216,6.38,0.249
2.31272360217,-0.514226304653,5.86,0.948
2.31408969605,-0.734605435284,6,-0.114
2.31413485506,-0.499471674859,6.17,-0.055
2.31488352019,-0.483628019147,4.02,1.272
2.31490512555,0.58093375635,6.22,0.549
2.31499469692,-0.812087507103,5.09,-0.205
2.31508723863,-1.16575743276,5.34,0.423
2.31549988425,0.314219135589,6.7,0.881
2.31584275116,0.328683592375,6.41,0.009
2.31703102078,0.267919396264,6.36,0.669
2.31894744228,-0.741843527613,6.54,0.043
2.31942703627,-0.125266217529,5.55,0.15
2.31958063138,-1.00589568593,5.59,-0.102
2.32023771632,-0.97404825717,6.69,-0.043
2.32056345504,-0.770579119475,6.38,-0.15
2.32096760785,-0.715350841805,6.49,-0.106
2.32105766992,0.763173189679,5.15,0.971
2.32201741898,0.73308601531,5.98,1.251
2.32214392252,0.790857885526,5.96,1.233
2.32247980296,0.140724506929,6.57,0.64
2.32304650355,0.0932060061452,6.34,0.122
2.3230851384,-0.965894081726,6.79,0.014
2.32318868634,-0.567394712794,6.49,1.451
2.32336702915,0.493215366779,6.25,1.552
2.32352494688,-0.230958407821,6.12,1.142
2.32380568965,0.566780960806,5.67,0.224
2.32389496536,0.494466065471,5.96,0.869
2.32409564386,-0.844025468001,5.92,-0.148
2.32410200702,-0.637836545054,6.41,0.549
2.3242563052,-0.90982104059,6.39,0.003
2.32477992319,-0.675862805874,5.79,1.508
2.32592678025,-0.988720032747,6.02,-0.023
2.32603780292,-0.295876442452,6.43,1.082
2.32608307553,1.03072408394,6.35,0.414
2.32729212864,1.08144558399,5.72,0.305
2.32919010267,-1.05337442388,5.78,-0.088
2.32933076275,-0.829394034746,5.31,0.275
2.32934261335,-0.705942787526,6.42,0.96
2.32967537921,0.348492203413,6.68,0.701
2.32970072341,0.620260240509,6.14,0.059
2.33108555815,0.53370623929,5.4,1.05
2.33131980811,-0.0948492106988,6.01,0.661
2.33279583439,-0.198573843687,6.59,1.657
2.33394437939,-1.01647378632,6.36,-0.086
2.33408576854,0.457246425978,6.73,0.665
2.33458478157,-1.05844810413,3.84,-0.104
2.33523390587,-0.959333629813,5.7,0.481
2.33528177007,-0.318368812385,5.75,1.327
2.33577453143,-0.786125443086,6.26,-0.152
2.3360418181,0.300742497193,6.28,2.975
2.33609605006,0.103769655471,3.11,0.978
2.33627627531,0.0971433819571,6.68,1.275
2.33653109607,-0.139122867374,6.07,0.22
2.33667326896,-0.483139794147,4.87,0.142
2.33726348553,0.487426503405,5.23,1.0
2.3383403352,-0.269470743777,6.47,1.393
2.33841745753,0.202912383286,5.44,1.462
2.3384434779,-0.415707808714,6.39,0.157
2.33972384289,0.426693851607,6.74,0.403
2.34014242866,-0.920198234651,4.68,-0.115
2.34096143283,0.701648084844,5.9,0.378
2.34122296288,-0.291622667221,5.95,1.544
2.34143469054,0.0739422882176,6.13,1.001
2.34146591107,1.12754956755,5.57,0.877
2.34178209869,-1.49510405371,5.43,0.306
2.34235473366,-0.304270162841,6.56,0.413
2.3423761535,0.796422464651,5.72,1.125
2.34285749413,0.574395359018,5.44,0.181
2.34298977239,-1.03374695706,4.93,-0.182
2.34370669504,0.299214899222,6.17,1.001
2.34419161345,0.267432649095,5.22,0.149
2.34566423072,0.271944649427,5.68,0.209
2.34616057642,0.163847384078,6.19,0.984
2.34714519944,-0.847757208484,5.88,1.06
2.34735870059,-0.0848108342607,6.68,0.386
2.3473704804,0.527679802007,6.25,0.474
2.34806446101,0.0269057605094,6.59,0.064
2.34879795626,0.319539704425,6.56,0.021
2.34945951582,0.624874003744,6.65,0.012
2.34959286136,0.206955922453,4.26,0.141
2.35066232362,-0.281569203771,5.8,0.521
2.35127680165,-0.824400821988,5.17,0.268
2.35149393986,-0.278989182421,6.74,1.543
2.35261154958,0.316513130055,6.3,1.511
2.35274611016,0.838488049534,3.12,0.223
2.3529819991,-0.50275984941,6.24,0.997
2.35359972849,0.798286245505,6.64,0.011
2.35359679026,-1.03120530856,5.17,0.417
2.35378609678,0.228191164203,6.49,1.462
2.35420616947,0.565810596802,5.23,0.913
2.35473394597,-0.3352434754,6.19,0.461
2.35658837773,-0.720011238227,4.45,0.646
2.35781309588,-0.753528293365,6.04,-0.154
2.35843448546,0.656319769997,6.21,1.572
2.35895750188,-0.899814496802,6.7,-0.148
2.35899194145,0.729249366456,3.96,0.463
2.3595211155,-1.06401952681,5.8,1.211
2.36117572722,-1.19876047515,5.89,1.634
2.36138816628,-0.465369643686,6.2,1.137
2.36207511703,-0.730669076166,5.56,-0.135
2.36231254973,0.562908763543,5.89,0.088
2.36283472491,-0.0777720611328,6.65,1.406
2.36284032006,0.0984537717089,6.08,1.111
2.36352252219,0.69313165093,6.39,0.314
2.36379863968,-0.910864390041,5.23,-0.12
2.36410984698,0.486992125813,6.07,0.243
2.3647748302,-0.00842424075632,5.64,1.163
2.36538637282,-0.687697491874,6.25,1.0
2.36686991273,-1.15883014395,4,0.145
2.36730009134,1.18035952094,4.74,1.542
2.3681402134,0.426783881537,5.45,-0.041
2.36818035163,0.127378784662,5.85,1.1
2.36967283427,-0.934630308392,6.39,-0.074
2.36992614009,-0.445132397144,6.72,-0.033
2.37034685755,0.118961288836,6.53,1.04
2.37201422172,0.82303661829,3.57,0.007
2.37255704648,-0.305373274022,6.58,1.452
2.37271037408,0.676177671999,6.7,1.356
2.37367701746,0.947432553775,5.74,0.034
2.37406835612,-0.828009500351,6.46,-0.155
2.37432360084,-0.822010579971,3.75,1.174
2.37436539736,0.486917255341,6.67,0.022
2.3771370462,-1.00971788361,6.43,0.288
2.37765379312,0.565082333012,6.46,0.241
2.37849073714,-0.506462812365,6.63,1.412
2.37865290097,-1.26715625223,4.47,0.607
2.37937749564,0.887042438696,6.77,0.411
2.37976366267,0.847013767086,5.48,0.475
2.38080213804,-1.23112901445,4.66,-0.149
2.38225565127,0.0888776749426,4.99,1.189
2.38292862703,-1.12573472961,6.37,1.361
2.38468491351,0.67111776168,4.56,1.037
2.38484952145,-0.973935809355,6.1,-0.132
2.38551237908,1.03575726853,6.44,0.045
2.38609621364,0.66808475217,6.61,0.446
2.38635802407,-0.317677607763,6.65,1.036
2.38673332952,0.0255288210788,6.16,1.648
2.38780593508,-0.893814756746,6.72,1.618
2.38795270445,0.0450581622609,6.66,0.425
2.38809693494,-1.00293132517,6.61,0.974
2.38869496906,0.401091874446,6.39,0.453
2.38982975686,-0.778983029929,6.78,-0.01
2.3899966023,0.186195057485,5.23,-0.092
2.3910838764,-0.758041685225,2.23,1.665
2.39110494655,0.517564045808,5.42,0.888
2.39131037595,-0.451316587214,4.62,1.594
2.39140393867,0.567937098981,6.47,0.375
2.39281147189,1.16715812724,5.15,1.514
2.39376497392,-0.450982665681,6.77,0.573
2.39416846367,-0.149915474502,5.6,-0.057
2.3942670472,-0.467182719338,6.15,0.17
2.39433881895,-0.284092841553,6.48,1.1
2.39454372236,0.464765675492,5.95,0.654
2.39481667801,0.591356242594,5.95,0.585
2.39490481693,0.90067102116,4.46,0.288
2.39577067898,-0.319893516094,5.73,0.0
2.39630174224,-0.215682657123,5.76,0.937
2.39703036464,0.384765609305,5.16,0.97
2.39796663231,-0.520403176403,6.67,0.924
2.39805107818,-0.153373386069,5.47,1.002
2.39873663209,-0.862618219185,6.48,0.17
2.39884049353,0.20183645728,6.48,0.355
2.39956666579,-0.5299762287,5.59,0.179
2.39961670313,-0.909017400682,6.19,1.023
2.40134458947,0.38390987135,6.04,0.89
2.40150037983,-0.40450965641,6.53,0.001
2.40153913539,1.17170965303,4.8,0.489
2.40264932882,0.540408718979,6.04,1.373
2.40382663049,1.108522009,4.67,0.381
2.40405250342,-1.02916647916,3.43,-0.19
2.4045110175,-0.78309261274,4.99,0.222
2.40511574558,1.41073060083,6.37,0.385
2.4054088203,-1.08763642923,3.96,-0.18
2.40631883987,0.00508345103581,6.78,1.324
2.40657022249,-1.01173951702,6.59,-0.134
2.40661885284,-0.813042621478,5.78,-0.218
2.40694416578,-0.943123916342,6.73,-0.052
2.40716791788,-0.685196100669,6.05,-0.108
2.40823693217,0.0954455746975,6.34,0.328
2.40828219415,0.880342432125,6.69,0.033
2.40846261138,-0.344661121535,5.72,0.977
2.40944803588,-1.33802226068,6.13,1.09
2.40949110228,0.0674914996204,6.14,-0.01
2.40956108074,-0.80020592164,6.66,0.442
2.40983132935,0.261730220708,6.49,0.731
2.41014585846,-0.505231022261,6.76,-0.003
2.41044828364,-0.124089894399,6.1,0.232
2.41077442831,-0.76119501734,5.56,-0.107
2.41223557379,-1.06319818597,6.36,-0.044
2.41259974844,-1.03696867211,5.54,0.846
2.41380117287,-1.21679481891,1.67,0.07
2.41427521219,-0.737808090645,6.27,1.25
2.41448474501,-0.517740914612,6.38,1.6
2.41479549837,-0.673984569743,6.31,0.018
2.41518458182,-0.856861351502,6.61,1.52
2.41542373947,-0.826211070677,5.92,-0.051
2.41562746232,0.371462011457,6.48,0.046
2.41642385981,0.75429333308,5.3,-0.13
2.41750572281,-0.256473371738,6.46,0.958
2.41751600488,1.25063025978,6.52,0.962
2.41787847113,-0.770489943797,5.85,-0.113
2.41859039977,-0.96987299812,5.26,0.98
2.41877516321,1.07203912831,5.18,0.605
2.4188411221,-0.568225826154,6.61,1.4
2.41887063535,0.0403918101442,3.89,-0.06
2.41906198605,-0.754462074097,5.24,-0.137
2.42046012447,-0.758604127364,6.8,1.132
2.42143840508,-0.656285617084,5.85,0.827
2.42148980881,0.673859876454,6.75,0.367
2.4226517957,0.260778486947,5.36,1.319
2.42268181281,0.604468885157,5.98,0.839
2.42270873987,-0.795093436842,6.25,-0.07
2.42292774423,-1.01906941964,6.02,-0.101
2.42319015757,1.46923584794,6.3,0.339
2.42345863894,-0.262234114585,6.32,0.013
2.42416934199,-1.00492117106,6.32,1.037
2.42431470076,-0.673172484757,4.92,1.084
2.42492246353,-0.652982546978,4.63,0.473
2.42526545353,0.990324365422,5.28,1.568
2.42547679562,1.27315356641,5.93,0.179
2.42630077187,-0.78363055165,6.02,0.269
2.42682995958,0.942859278363,4.8,0.199
2.42688659196,-1.00428816856,4.34,1.602
2.42768287525,-0.772582813317,5.12,1.636
2.42891494685,0.0127241137481,6.73,0.443
2.42901598581,-0.152624844152,5.49,-0.081
2.42904281098,-0.110883288861,5.24,1.172
2.43015638333,-0.193785852668,6.45,1.172
2.43015872755,-0.687686582349,5.31,1.166
2.43022449545,-0.785607056129,6.75,-0.008
2.43076493672,-1.03454791386,2.21,0.189
2.43093254239,-0.25436548741,5.83,1.049
2.43136314718,-1.18117702875,6.79,1.308
2.43163174745,-1.19886040688,5.38,0.415
2.43220370426,-1.30715234788,5.28,0.021
2.43237935139,-1.3043646722,5.86,-0.024
2.43263800356,0.817114775236,5.96,0.063
2.43298144777,0.478607392711,6.77,0.409
2.43344679298,-0.951114185157,6.33,1.403
2.43410564123,0.20073286137,6.4,0.095
2.43412796729,-1.1702584174,6.14,1.254
2.43516177115,-0.891005576894,5.26,-0.062
2.43654702138,-0.99960338434,6.78,1.469
2.43661895357,0.617219624421,5.94,0.177
2.43781468256,-0.899903129526,5.83,0.474
2.43841755264,0.642326486104,3.82,0.066
2.43901263089,0.309016726196,6.61,0.487
2.44021487851,0.458181051534,6.61,1.426
2.44145966707,-0.963185622874,6.28,-0.099
2.44150713261,-0.276367003384,5.79,1.285
2.44156252483,-0.19748338201,6.62,0.086
2.4424706546,-0.209000604158,4.77,0.927
2.44258361143,-0.595215557334,6.4,-0.087
2.44281938816,0.0910371825325,6.62,0.259
2.4431527024,1.29183339556,6.42,1.05
2.44456902162,-0.788421424641,6.7,1.227
2.44557120771,-0.166778332888,4.8,0.913
2.44560267011,0.91544228534,6.54,0.085
2.44561882357,-0.655924191509,6.04,1.396
2.44612862212,0.00317133963509,6.66,1.57
2.44664428444,0.894761642921,6.14,0.436
2.446683462,-0.554320314887,6.8,0.008
2.44749677982,-0.27258248816,6.3,0.468
2.4475931598,-1.08916630252,4.79,0.926
2.4477791311,0.666510900152,6.12,0.38
2.44806635056,0.600263440985,3.14,1.55
2.44894042238,0.268280704957,6.57,-0.003
2.44895022414,0.692310707985,6.66,0.93
2.44917096739,0.228838013638,6.67,0.507
2.449540918,0.791857641516,6.4,1.305
2.44980093854,0.574250867494,6.16,1.097
2.44997623707,-0.453182397275,4.71,1.633
2.45069056505,0.563117266506,6.79,0.138
2.45097270846,0.989588062764,5.79,1.511
2.45146555017,-0.968914045384,5.61,0.19
2.45153127718,-0.736439238938,5.56,1.637
2.45268377524,-0.960117278186,2.47,-0.141
2.45393243489,-0.803679523193,5.74,0.903
2.45453200899,-0.265898086181,6.72,0.978
2.45484804278,-0.694209749105,6.53,1.125
2.45588597406,-0.171719424288,6.51,0.246
2.45744258451,-0.503246018972,4.71,0.892
2.45839589801,-0.84276612514,6.27,-0.144
2.45853822791,-1.0524739216,6.3,1.477
2.45886229352,0.43952347115,6.41,0.856
2.45942581719,-0.579457601455,6.73,0.114
2.45944237654,-0.818712143962,6.21,-0.093
2.45981431361,-0.658982218687,6.47,0.193
2.46017041467,-0.615185385975,6.57,0.052
2.4608659552,-0.902982398347,6.05,0.528
2.46131387021,-1.07597632586,5.99,1.06
2.46149469368,0.452360419709,6.79,1.264
2.46161590654,-1.40999697759,5.34,0.454
2.46209841078,-0.688104827375,6.05,0.193
2.46255028172,0.638565211702,6.68,0.215
2.46299217832,0.110830369008,6.73,0.513
2.46361461989,-1.2230530717,6.45,1.275
2.46376939643,0.456967760237,4.47,1.222
2.46421136901,0.345341832037,6.53,0.933
2.46496240408,0.900134293569,6.3,0.774
2.46584966412,-0.767536507791,6.31,1.526
2.46702547452,-0.0893153694661,5.6,1.523
2.46726362265,-1.08123977853,5.77,0.137
2.46764124571,0.289473111013,6.31,0.968
2.46797280937,-0.442215748608,6.72,-0.033
2.46849042261,1.11597991765,6.24,1.465
2.4699179488,-0.0215537672616,6.58,1.417
2.47094740512,-0.931637711822,5.09,-0.102
2.47126323388,-0.0255529848629,6.01,1.313
2.47142826738,-0.737421699881,6.67,0.435
2.47171033487,-0.706888129806,6.19,0.251
2.47285114147,-1.13323705983,6.05,0.147
2.47290627233,-0.502440077407,6.12,-0.089
2.47306269549,-1.03984579695,6.52,-0.08
2.4744724198,-1.24968881831,5.46,1.079
2.47506892817,-0.16098415017,6.53,0.053
2.47534211502,-0.389972572391,4.72,1.154
2.47656718032,-0.151121122495,1.99,1.44
2.47679722705,-0.610994557635,6.63,0.207
2.47740624007,-0.105962205286,5.38,0.642
2.47757799411,-1.25281656104,6.33,0.413
2.47775792114,1.31071331004,6.2,0.115
2.47817751056,-0.934053151167,6.74,0.443
2.47986000869,-0.174303834868,6.78,1.014
2.48036015282,0.158070589961,5.4,0.605
2.4804893536,0.142912766851,5.72,1.045
2.48059120774,-1.16416737526,5.9,0.012
2.4812757555,0.795896022603,5.4,0.993
2.48179624965,-1.08687122739,5.91,1.102
2.48289810174,-0.0219372692461,6.27,0.274
2.48337791057,-0.0483275366268,4.59,0.411
2.48365028006,-0.362140590597,5.66,1.587
2.4838015455,-0.627469172925,4.51,1.408
2.48390826375,-0.670268244312,6.15,0.216
2.48436758618,-0.753812076238,6.6,0.479
2.48450832897,-0.0384875082176,6.14,0.222
2.48508822621,-0.0741177865971,6.25,0.838
2.48514116215,-1.08840311669,6.54,0.109
2.48539861152,-1.01751174844,6.75,1.014
2.48567226574,-0.464156960058,6.52,0.923
2.48620637692,0.972937857098,6.5,0.394
2.48635781125,-0.407453090663,6.26,1.559
2.48669461892,-0.464076337729,5.49,1.345
2.48746629085,-0.899144134309,5.45,-0.078
2.48811961922,-0.423662380368,6.57,1.422
2.48872935955,-0.271876077074,5.86,1.193
2.48879853185,-1.01860625663,5.88,1.676
2.48950334304,-0.795356317617,6.62,1.174
2.49002159457,-0.502069836356,6.57,1.226
2.49015047815,-0.706278362209,3.6,0.371
2.49023731473,0.587402961571,5.87,1.032
2.49044636402,-0.556571915755,5.75,0.066
2.49242723392,-0.995437661079,3.16,1.538
2.49272200604,0.477997544224,6.64,0.08
2.49283709709,-0.836929167363,6.53,0.267
2.4937578754,1.10063710043,3.65,0.36
2.49379653403,-0.556268394818,5.91,0.258
2.49381496662,0.612667684539,5.39,1.543
2.49385914158,-0.623339985411,5.86,1.287
2.49386014339,-1.16446668596,6.27,1.348
2.49409793268,-1.27550254549,5.46,1.556
2.49429276502,-0.184167367583,6.13,0.261
2.49460120788,0.400866707876,4.32,1.541
2.49550884101,-0.180996603124,6.12,1.183
2.49558374049,0.197219177619,4.99,1.046
2.49564465088,0.169572117221,5.07,1.364
2.49574287555,-0.02067628317,4.54,0.109
2.4971584413,-0.499648834376,6.43,0.358
2.49722264364,-0.709464731377,5.35,0.897
2.49730507225,-0.338599171483,5.74,0.135
2.49883110173,0.0325355787159,6.11,0.614
2.49958584958,0.901939037207,3.17,0.475
2.49987685018,-0.235912727761,5.95,1.501
2.50032765095,-0.148446779773,6.12,0.974
2.50072121465,0.862867574691,6.76,0.12
2.50074319258,-0.682931165059,6.43,0.337
2.50100246596,0.794364928634,6.49,1.141
2.50109031852,-0.368538877864,5.02,1.023
2.50146949214,-0.373361497542,6.68,0.012
2.50151452722,0.495113946371,6.5,0.128
2.50163174483,-0.125492739354,6.25,1.17
2.50207891082,-0.39905004638,5.92,0.023
2.50239178742,0.636817401889,6.19,1.264
2.50342364477,-0.855299852542,5.12,-0.114
2.5040736858,-1.41269145168,5.07,-0.139
2.50448518916,0.40934810407,6.26,1.453
2.50518715842,-0.894573157929,5.01,-0.18
2.50552056331,0.635257220979,4.54,0.914
2.50597136005,0.818595651144,6.54,0.234
2.50648598561,-1.03375420962,4.08,-0.013
2.50665136329,1.21876939746,4.54,0.781
2.50692172672,-0.103235318156,5.56,1.159
2.50814408365,0.908469650689,4.47,0.027
2.50823710296,-0.211700510409,6.54,0.623
2.50843305617,1.26022683944,5.77,0.53
2.50918969764,0.691525512846,4.81,0.992
2.50977136126,-0.625242386388,6.48,0.417
2.51054685824,0.697490648746,6.76,0.346
2.51136898899,-0.341794707104,6.33,0.069
2.51179070241,0.625004734188,5.4,0.77
2.51275669182,0.250971154825,6.32,0.027
2.51365311138,-1.13359559637,6.55,0.092
2.51376727135,1.29710784909,6.46,-0.083
2.51512188921,-0.850868591643,6.18,0.277
2.51572258326,-0.431145603561,6.54,0.389
2.51639039157,0.543874863497,5.57,1.594
2.51664391626,-0.924041362265,6.18,1.051
2.51687973949,-0.861407701008,4.34,0.173
2.51765279443,-0.441511741201,5.68,1.116
2.51782511926,0.286896380312,5.73,1.223
2.5180259336,1.41941313438,4.28,1.488
2.51835651542,-0.561623328382,5.62,1.023
2.51855826032,-0.936692172306,5.44,0.137
2.51855864849,0.119307250906,5,1.051
2.51970305659,-0.629993942662,5.96,1.118
2.52036573128,1.05092700267,6.41,0.921
2.52097798648,-0.0553381405336,6.45,0.986
2.52126610915,0.430577566899,6.61,0.567
2.52138303534,-0.164487620508,6.4,-0.04
2.52172905892,1.27549349958,6.39,0.352
2.52209334107,0.250407099959,6.63,0.438
2.52210608111,-0.75382418633,5.51,0.985
2.52316853984,0.222290307601,6.74,0.912
2.52354615122,-1.42609746782,6.72,1.018
2.52358453941,0.702316883118,5.28,0.223
2.52359501535,-1.12403486014,6.69,-0.007
2.52398524641,0.0811454679096,4.68,1.31
2.52496201819,-0.691397154465,6.69,0.491
2.5250508663,1.31258210699,6.64,1.057
2.52532359702,0.188106670528,6.66,0.184
2.52597590257,0.354259123416,6.79,-0.071
2.5263710423,-0.307599771997,6.74,0.255
2.52714611536,0.753007876826,6.59,0.947
2.52789274792,-1.07037656997,4.51,-0.07
2.52839306381,1.17412191357,5.96,1.528
2.52964666145,-1.09856125394,6.4,-0.084
2.52981190067,-0.184486024079,6.31,-0.029
2.53009922716,-0.0199457991417,3.9,1.313
2.53206286347,-0.250145687608,5.07,-0.149
2.53218687397,-0.187957729998,6.37,0.083
2.53382370325,-1.0120039109,5.3,0.195
2.53524690119,-0.999367541419,5.8,1.083
2.53574770935,0.172653344326,3.52,0.516
2.53630847515,0.975054207954,6.5,1.15
2.53632765985,-0.411749594888,4.76,-0.117
2.53764432723,0.545900891605,5.9,1.579
2.53788950157,0.452265005796,6.26,1.251
2.53857650452,-0.963661932707,5.99,-0.119
2.5388938726,-0.528893771513,6.59,1.3
2.53947962303,0.693905405632,5.61,0.951
2.54039791289,-1.16788393003,6.33,0.075
2.54050406519,-0.417405420589,4.93,0.534
2.54053719687,1.20842299097,5.72,1.131
2.54115255213,-0.00487679536446,6.64,0.863
2.54231413195,-1.25996722391,6.54,0.01
2.54246146261,-0.619621718568,6.39,-0.053
2.54256234458,0.612494866677,6.12,0.386
2.54258854846,0.845280407497,6.36,0.01
2.54269494923,0.525543936706,6.73,0.3
2.54361542293,1.26104608084,5.15,1.029
2.54432489804,0.948825608224,6.5,0.121
2.54545149215,0.352437681781,6.71,1.208
2.54582403341,-0.894099641935,6.15,-0.098
2.54604343706,-0.355450943553,6.58,0.91
2.54623622435,0.523153250527,5.64,0.111
2.54689075218,-0.940580311978,5.56,-0.042
2.54701020874,0.244724691958,5.36,1.61
2.54906058813,-0.484668701176,4.78,0.516
2.55012249493,1.30179906495,6.78,0.31
2.55036265536,0.329230050471,6.49,1.158
2.55082764976,-0.397094924875,6.76,0.967
2.55084180953,1.13418672434,6.18,0.419
2.55089645067,-0.847337531421,6.7,-0.093
2.55193042422,-0.309035037133,6.78,1.441
2.55361514129,0.409708458413,6.55,1.092
2.55362176961,-1.09096871675,3.69,1.01
2.55414450058,-0.527137437227,6.45,-0.137
2.55479587209,1.36370792497,6.25,1.353
2.55549858315,-0.998084706236,6.47,-0.108
2.55625834381,0.414939020029,2.97,0.808
2.55632113727,0.326090077069,6.78,1.36
2.55657101317,1.11095988562,6.51,0.367
2.55659922028,-1.02614587476,6.22,0.461
2.55756112711,-0.801419513478,6.6,0.94
2.55763778295,0.117086386619,5.8,1.639
2.55839578059,-1.33999607689,5.43,0.901
2.55860381559,0.206124135038,5.67,1.489
2.55862439598,0.0311643562467,5.65,0.342
2.55911616443,-0.781123157241,5.58,-0.176
2.55921003709,0.99707291899,5.09,1.594
2.56171652204,-1.13572076817,2.92,0.273
2.56229361371,-0.300299572959,6.72,1.572
2.56258833245,1.38119563191,6.09,0.303
2.56288476472,0.412729984462,6.49,1.093
2.56315895418,0.201902576106,6.44,0.255
2.56392532782,-0.580211855362,6.63,1.004
2.56446683254,-0.871674991071,6.52,0.127
2.56719315558,-1.3225732507,6.8,0.483
2.56820212948,0.803218114949,5.08,0.619
2.56854469803,-0.984573220439,6.05,0.937
2.56875014259,-0.461019017381,6.63,0.7
2.57064661953,-0.758918525956,6.53,1.293
2.57204057145,-0.649031491085,5.95,1.245
2.57206601394,0.641362851329,6.61,1.57
2.57240830035,-0.205686175419,6.8,1.232
2.57364042232,0.369650655286,6.1,0.257
2.57373164845,-0.633004089013,6.36,1.008
2.57399188603,-1.19414433904,6.7,0.905
2.57415316398,-0.798186813819,5.09,-0.098
2.57536913893,0.691703789405,6.64,1.63
2.57607925636,1.14481776909,6.27,0.29
2.57654822158,0.0758110013369,6.24,0.479
2.57741113121,-0.819151478827,5.72,1.085
2.57840333316,-1.09510886912,5.56,1.316
2.57868905508,1.03042031958,3.78,0.291
2.57878202868,-1.39732907368,6.47,0.074
2.57886826697,0.228048890235,6.45,1.624
2.57960027176,-1.0371754193,5.79,1.354
2.57974440572,-0.0740604213988,6.01,0.171
2.58015899979,-0.806235150315,5.62,1.166
2.58029596287,-0.107894998709,6.42,0.577
2.58081060643,-0.259122107176,4.11,0.918
2.58154669574,-0.811792498358,6.71,-0.083
2.5816818715,-0.812409234272,4.58,1.172
2.58172125675,-0.197929181212,6.48,1.61
2.582580913,0.425779517956,5.29,0.229
2.58305341011,-0.288586268279,6.08,1.035
2.58354963241,0.943600605639,4.55,0.038
2.58395882802,0.0013196425016,6.34,0.934
2.58397182465,0.0428326598611,6.02,-0.04
2.58466066595,0.661732258157,6.71,0.258
2.5853005711,-0.141459464705,5.07,0.038
2.58642024872,0.453906931228,3.88,1.222
2.58730866997,-0.477036387745,6.28,0.622
2.58745772537,-0.966444800193,6.5,-0.145
2.59014210051,0.610582753889,6.76,1.297
2.59057222013,0.103996721964,5.9,1.662
2.59109421568,-0.892678546668,5.95,-0.152
2.59230145142,0.0863137502039,6.72,1.565
2.59271068862,-0.452604794657,4.87,1.199
2.59309809436,-0.790346456498,5.72,-0.114
2.59349033671,-0.813966657068,6.65,0.985
2.59412763162,-0.392480154996,6.23,0.052
2.5942781821,-1.01964358527,6.64,-0.173
2.59554042757,-0.876922510749,5.71,0.006
2.59561076781,-0.331775917281,4.94,1.559
2.59618564608,-0.282636287065,6.51,0.807
2.59642106646,1.06667757256,6.29,1.036
2.59659006227,-1.20757539964,6.73,-0.07
2.59661439926,-1.00152090955,6.74,-0.119
2.59807619837,-0.725828049102,6.69,3.761
2.59930457365,0.869520288001,5.27,0.086
2.59944966308,-0.154225949887,6.68,0.33
2.60017659664,0.133992568667,6.79,1.025
2.60092877613,-0.712522736524,6.39,1.612
2.6009791321,0.912265853951,6.63,0.984
2.60112259129,-0.133435901503,6.74,1.477
2.60124972041,-1.24597833665,6.3,-0.056
2.60154674215,-0.935831554301,6.8,-0.088
2.60213299617,-0.895984987419,6.39,-0.162
2.6024296795,0.155913007817,5.85,1.129
2.60244938613,0.946732325517,6.59,1.6
2.60279032428,-0.234988744304,6.78,1.376
2.60282018912,0.565218928422,6.55,0.429
2.60312149232,-0.583262789885,5.83,1.202
2.6039474286,-0.46337918609,6.27,0.219
2.60407525255,0.0740381814244,6.7,0.476
2.60430374401,-0.952387606948,3.52,-0.067
2.60447464498,-0.479531901527,6.32,0.173
2.60489133736,-1.20605399527,6.18,-0.1
2.60569979342,-0.918720071649,6.13,-0.115
2.60589239713,1.00213656538,5.97,0.895
2.60601726986,-1.12555149442,6.59,1.122
2.607789089,-0.288365623878,6.62,0.314
2.60789105527,0.716555981019,5.11,0.481
2.60800188379,-0.844985008055,6.06,-0.127
2.60809663512,-0.0338899344198,6.43,0.7
2.60903774677,0.792629019013,6.34,1.096
2.60982216519,0.145106305355,6.05,1.357
2.61023996959,0.217202739291,5.26,-0.035
2.61028475323,-0.438620731279,6.77,0.069
2.61093031491,1.27198739078,5.86,1.155
2.61116145369,0.484485937359,6.48,0.362
2.61175222276,1.02890400886,6.72,1.312
2.61249885085,0.874849018143,6.7,-0.059
2.61306970148,-0.626415643193,5.23,0.3
2.61403999836,-1.10558429136,6.68,0.908
2.61408910998,-0.418019800168,6.11,-0.101
2.61499180127,-0.35529301043,6.7,1.46
2.61553676482,-0.784620609501,6.72,-0.059
2.61567619225,0.372130391694,6.74,0.205
2.61626473074,0.517406914782,5.75,1.059
2.61676370479,0.059075757551,6.69,0.288
2.61739039216,0.99155309151,5.5,1.487
2.61892520982,0.140398178067,4.68,1.589
2.62050648128,-0.993897086465,6.5,0.979
2.62118555605,-1.43491668428,5.53,0.035
2.62240894485,0.557173185276,5.37,0.676
2.62322977154,-0.979069655579,6.42,-0.013
2.6253181255,-0.931379502062,6.2,-0.137
2.62557912759,-0.415508228481,6.8,1.004
2.62658001445,-1.00094264295,6.2,1.108
2.62672784223,-1.05454346956,5.93,0.263
2.63028033471,0.383086817016,5.68,-0.178
2.63030138178,-0.0186373676421,6.7,1.064
2.63030580993,-0.533678454291,6.54,1.189
2.63031428697,-1.08483848498,6.41,1.688
2.63107990972,-1.05031600986,6.18,0.175
2.63258105666,-0.813955086876,6.11,0.041
2.6327963332,-0.580117542844,6.62,1.254
2.63356578987,-1.08008024756,6.14,-0.032
2.6340644729,-0.167094188002,6.09,1.671
2.63411050018,-0.44186014432,6.71,0.02
2.6349751227,0.663581797955,6.75,0.533
2.63565170675,-0.315929134163,6.3,-0.06
2.63598096343,-1.42358639295,6.6,0.919
2.63606039353,0.0558689445886,6.43,0.398
2.63697056899,-0.423862537168,5.7,0.303
2.63714669384,-0.697710343365,6.42,1.311
2.63808930213,0.940587887103,5.71,0.507
2.63994469845,-0.895591624913,6.23,-0.054
2.64035376705,-0.228020737818,4.6,-0.087
2.64056586468,0.914051652288,6.31,0.135
2.64073730624,-0.736045471994,6.53,1.055
2.64092172375,-0.635027251114,6.27,1.112
2.64174041822,-0.608817448695,6.6,1.097
2.64278626642,0.275020362567,6.36,0.387
2.64310305357,-0.539161325069,6.62,1.0
2.64469968199,-0.910851362898,6.5,0.997
2.64498938215,-0.826762374837,5.06,0.88
2.64762264825,0.0979390309587,6.2,0.939
2.64808969698,-0.304458381647,6.72,0.23
2.64852905261,-1.24752698535,6.58,0.48
2.64909002382,-0.370982590674,6.66,0.417
2.64922789971,-0.29917967992,5.59,1.49
2.6499881097,0.292563684517,3.48,-0.031
2.65041008421,0.61513594115,4.49,0.19
2.65096121681,0.0160277178705,6.67,1.64
2.65113481481,-0.84231021586,6.4,-0.15
2.6518556088,-0.133182044957,6.63,1.61
2.65248387264,0.174489428559,4.39,1.448
2.65262995384,-0.00648628383737,4.48,-0.032
2.65265565744,-1.08596858069,6.45,-0.095
2.65302073381,-0.651591530779,6.34,0.98
2.65405642112,0.55159477631,6.23,0.469
2.65421846628,-1.01575688344,6.63,0.616
2.65452317215,0.208867165288,1.36,-0.087
2.65540186867,1.46465190098,6.31,1.549
2.65547664248,-0.272479740222,6.25,-0.007
2.65590123254,0.0202590329803,6.68,0.366
2.6560130474,-1.14869608742,5.26,0.973
2.65622057601,-0.189975613588,6.54,0.02
2.65699072165,-0.904277086365,4.85,-0.12
2.65767881732,-0.843107822493,6.76,0.314
2.65782087846,1.11618040579,6.53,1.64
2.65834523228,0.107702552675,6.6,1.352
2.65869042025,0.354866475145,6.68,0.553
2.65945911961,-1.19874062992,5.8,0.015
2.6595784222,-0.625818706231,6.14,0.615
2.66137162788,-0.2111028894,6.24,0.184
2.66205530689,-0.223680057546,5.3,0.368
2.66217550857,-0.14675025587,5.91,0.026
2.66419275576,-0.215619422998,3.61,1.007
2.66436961676,-0.728068404698,5.98,1.239
2.6646587202,-0.679123185453,6.76,0.317
2.66568944491,-0.146929874195,5.64,1.304
2.66591559951,0.70967893969,6.34,1.277
2.66661278114,0.361215881579,6.64,0.364
2.666919909,0.652786308361,5.86,1.282
2.66728234081,-0.127699213626,6.23,0.026
2.66737743159,-0.33086479818,6.74,1.54
2.66763167442,0.863139260295,6.6,1.326
2.66857014171,-1.02673813454,6.07,1.647
2.66876918822,0.233090710295,6.43,0.468
2.66936950767,-1.01334765175,5.7,-0.118
2.66954682172,-0.599241905622,6.66,0.44
2.66990434422,-0.61653292588,6.68,2.269
2.67056131636,-0.499268113423,6.28,0.019
2.67202217471,-0.910420321289,6.16,1.168
2.67311495791,-0.33428361483,6.45,0.494
2.67387093624,0.0805413566194,5.77,1.178
2.67480111553,-1.0457679177,6.07,-0.072
2.67613151208,-0.471743141049,6.23,0.316
2.67625807517,-1.07614958119,6.42,-0.111
2.6763388485,-0.987624181123,6.48,1.45
2.67637938888,-0.894184025352,5.27,0.257
2.67651851122,-0.576512309499,6.38,0.592
2.67675424422,-0.903308905173,5.78,0.136
2.67694691883,-1.15842408988,5.15,0.217
2.6779051505,0.881330616818,6.63,0.257
2.67793561129,-1.22239201272,3.29,-0.074
2.67805771353,-0.704171512692,5.91,1.204
2.67829867293,-1.18786814939,6.73,-0.017
2.67833187921,0.473609387162,6.05,0.844
2.67883046212,-0.703555739033,6.33,0.94
2.6797321375,-0.415631764882,6.36,1.639
2.68007723518,-0.682488663316,6.53,0.961
2.68124418798,0.369452300553,6.02,0.573
2.68229368197,-0.735166567728,3.85,0.051
2.68273309183,-0.728257382158,6.54,0.176
2.68298448292,-0.739723650563,6.75,-0.054
2.68350245525,-0.776109734803,6.59,1.319
2.6839049149,0.549221354163,6.47,0.858
2.6839878194,-0.969517699357,6.64,1.108
2.68400068523,1.04694516404,6.18,1.621
2.68465416474,-0.95948091598,6.16,-0.155
2.68496187218,-0.637354393144,6.17,1.058
2.68573893723,-0.752452787749,5.59,1.52
2.68803400834,1.04982626726,6.77,0.423
2.68804217048,-1.04551174776,6.22,0.194
2.68846141677,-0.195536542422,6.08,1.096
2.68885699349,0.51156475277,5.49,0.02
2.68897402232,0.309627420389,6.6,0.3
2.68984964589,0.500603699614,6.46,0.635
2.690155976,0.410206394654,5.95,0.655
2.69019242911,-0.336990921251,6.7,0.14
2.69072678155,-0.893689484248,6.2,1.435
2.69076958468,0.239604634501,5.42,1.65
2.69081889364,0.408709172325,3.43,0.307
2.69084424945,0.442802342899,5.84,1.206
2.69114338558,-0.360754038286,6.57,0.477
2.69253333329,-1.07045064535,3.39,1.541
2.69259416873,0.74899696316,3.45,0.029
2.69322916474,0.403279610811,5.81,0.5
2.69345325893,0.723743184546,6.55,1.565
2.69363846874,-0.81742393991,6.48,0.329
2.69446609533,-1.14196033321,6.79,0.149
2.694919486,-0.140829123069,5.25,0.336
2.69584969296,1.24024316623,6.66,0.342
2.6966176099,1.2753733989,6.53,0.336
2.69668629115,1.13635509433,5.74,0.163
2.69708576671,-0.50600585973,5.52,0.277
2.69729847935,0.478490374333,6.53,-0.024
2.69732839461,-1.44706608237,6.68,0.996
2.69858805803,-0.727252344222,5.97,-0.063
2.69892205859,0.751337101176,6.48,0.925
2.69928684025,-0.642360961486,6.31,1.282
2.69929850433,-0.979311107383,5.8,0.481
2.70031046769,0.768788262639,6.66,0.653
2.70080541367,0.816129528915,6.42,1.19
2.70094860893,0.431308172978,6.42,1.388
2.70126781662,-1.12881364595,5.66,0.042
2.70168160465,-0.604171638417,6.73,0.098
2.70212377987,-0.2186571469,6.01,0.258
2.70284738563,0.84468284567,6,1.022
2.70324918922,-0.0891190947239,6.38,0.894
2.70357002659,-0.960442551043,4.59,1.6
2.70395403939,-1.13685927364,6.35,1.556
2.70410958755,0.339831559866,4.78,0.452
2.70466219853,-0.837082044779,6.7,0.122
2.70513983724,0.346299305647,2.01,1.128
2.7052226805,-0.158109448872,6.31,0.338
2.70633867027,0.938627438545,6.45,0.58
2.70647608769,-0.832506174315,5.66,1.667
2.70752662992,0.9462623472,6.01,1.128
2.70774233937,-0.555253314083,6.57,0.506
2.70877417315,-0.830181730162,6.64,1.576
2.70924582606,-0.978138717792,4.5,-0.102
2.70976946382,0.0399632287284,6.66,-0.094
2.70987065153,1.19987286247,5.88,0.241
2.7098904794,0.730409729717,6.77,0.033
2.71014537649,-0.0945088849499,6.69,1.569
2.71020252031,-0.313896749154,6.5,0.402
2.71068133986,-0.240620309742,6.56,0.099
2.71118977165,-0.442842560769,6.71,1.039
2.71170837103,-0.413832127539,6.47,0.193
2.71223154836,-0.393196674972,6.52,0.068
2.71328185416,0.261376549913,6.16,0.018
2.71474674506,-1.01692607151,6.34,0.884
2.71475676024,0.719591045422,5.73,0.531
2.71492795129,-0.346737068149,6.12,0.035
2.7150176358,0.156457773572,6.63,1.557
2.71541161687,-0.726928938064,4.82,1.095
2.71542370037,0.724303197563,3.06,1.603
2.7182169291,-1.16765141967,4.97,-0.128
2.71838283981,0.114190670331,6.06,1.119
2.71881059559,0.591808766013,5.89,0.147
2.71930591245,-0.526430798176,6.25,0.304
2.71941297906,0.0993836379988,6.54,0.448
2.71962669001,-0.233475356688,6.61,0.511
2.72027588331,-0.0711053211341,5.93,-0.048
2.72041343244,-0.0157471315638,6.45,0.918
2.72048259424,-0.663396843655,5.34,0.251
2.72072515785,-0.0635798028045,6.39,1.601
2.7213062905,-0.732221275644,6.24,0.884
2.72138719887,0.516894189434,6.36,1.09
2.72195125247,0.446248888773,6.76,1.18
2.7220331614,-1.01148694512,6.34,1.517
2.72328476118,1.14434995837,4.94,-0.052
2.72333942011,0.588499379127,5.52,1.186
2.72367186687,0.0413297119463,6.33,0.991
2.72413361686,0.18479156564,6.8,1.11
2.72443940317,-1.2920953761,3.99,0.369
2.72455129398,0.0417701193024,6.61,1.004
2.72559656548,-0.94809656147,6.8,1.51
2.72595341126,-1.29105027761,6.18,0.071
2.72703750401,-1.02234934438,5.93,0.315
2.72755595804,-0.874528327195,6.78,0.436
2.72818196612,0.153324461421,5.61,1.63
2.72832884319,-0.741196024992,6.18,1.006
2.72880238871,-0.509528663529,6.62,1.491
2.72930021338,0.631888660249,6.64,0.982
2.73029648665,-0.123217260666,5.6,1.528
2.73034483551,0.61829039245,6.49,1.089
2.73106380753,0.589853571149,4.72,0.26
2.73183516145,-0.293848701241,3.83,1.456
2.73210946424,0.0686356639074,6.67,0.136
2.73215667784,-0.745927431335,6.13,1.129
2.73330215503,-0.686996424447,6.8,0.972
2.73412476772,-0.0172448181492,6.33,1.443
2.73463659964,-0.831820837184,6.56,0.295
2.73484896326,-0.076590968117,6.55,0.92
2.73499834541,-0.95778960647,5.58,1.556
2.73502539279,-1.27702165281,6.61,1.725
2.73583903433,0.337974941714,6.15,1.141
2.73646602149,-0.542235031484,4.28,1.429
2.7366931536,0.197520550043,6.64,0.855
2.73758342135,-1.00598691719,4.65,0.474
2.73764723255,-1.1467627174,6,0.091
2.73784349445,0.726075036131,6,0.166
2.73863906501,0.170385955019,6.01,-0.043
2.73963876392,-1.02519598425,3.81,0.317
2.73965918345,0.640661702788,4.2,0.908
2.74031889824,-0.862293891984,6.1,1.506
2.74040536552,0.85458243826,6.75,0.919
2.74044747545,0.851457149685,6.42,0.61
2.74149571411,-1.10242963071,6.42,-0.039
2.74282309722,0.789101950882,6.37,1.33
2.74284824098,-0.340772255133,6.7,1.01
2.74325147319,-0.765123381376,6.68,0.068
2.74336380527,-0.0653169366714,6.05,0.059
2.74365925105,-0.998904333606,6.69,1.058
2.7439912105,-1.12001753395,5.27,1.856
2.74464614714,0.518843025192,6.61,1.18
2.74479953771,-1.13754004775,6.42,1.675
2.74661753069,-0.0478059292945,5.19,-0.05
2.74663762303,-0.517731544572,5.58,1.42
2.74710324433,-0.534194058492,5.57,-0.041
2.74759426754,1.47047495712,5.52,0.244
2.74848863601,1.145393849,6.32,1.141
2.74936268384,0.679371710014,5.79,0.087
2.74953369357,-1.16910275971,6.19,-0.004
2.75000364873,0.88259771641,6.74,0.386
2.75016472206,-0.0111182004779,5.08,-0.138
2.75035465425,-1.25651127333,4.72,0.042
2.75052364744,-0.996188370725,6.62,-0.099
2.75082971388,1.12150824755,6.07,0.178
2.7516323576,0.977044674011,4.82,0.541
2.75174751038,-1.07087249525,6.41,1.65
2.75247706009,-1.50256590866,6.64,0.119
2.75263125173,-0.462228969102,6.51,0.534
2.75316701332,-0.133300389842,6.2,1.377
2.75324512907,-0.237163533361,5.59,-0.028
2.75340744096,-1.2779560879,4.94,1.677
2.75361863782,1.44091917667,5.25,0.399
2.7548560877,-0.937512048456,4.89,0.5
2.75589347459,0.0496505446471,6.57,1.12
2.75679734864,-0.492830422289,6.04,0.501
2.7569929054,0.565129832282,5.9,0.114
2.75737604527,-0.786613955116,6.04,-0.096
2.75743403071,-0.786562476186,5.76,-0.194
2.75772741523,-1.07661215155,3.3,-0.089
2.75847648028,0.246741901228,5.43,1.696
2.76006463271,-0.778739864989,5.91,0.92
2.76109725257,-1.02392785937,5.98,0.29
2.76115973271,0.162430559708,3.84,-0.148
2.76175567619,-0.820363261263,5.02,1.045
2.76289759925,-0.233948089232,6.52,1.416
2.76299541649,0.70555912137,4.72,0.222
2.76308477625,-0.96668357651,6.68,0.99
2.76383014824,-1.01560969219,6.09,0.325
2.76423172651,0.610667920343,5.57,0.029
2.76424689769,-0.702293209642,6.68,0.918
2.76516784342,0.933705603868,6.52,-0.007
2.76641122212,-0.414431303792,5.08,1.596
2.76727167009,-1.06443493233,6.25,1.399
2.76983861782,0.12136581304,5.07,0.921
2.76999881612,-0.0680624420834,6.67,0.506
2.77054325861,-0.404501827255,6.1,0.496
2.77086721171,0.150978406138,5.67,0.059
2.77111464844,1.32144022138,4.86,0.957
2.77115361952,0.0384764575057,6.65,1.267
2.77141272595,0.996279954251,5.16,0.349
2.7714681722,-0.762090814458,6.09,0.94
2.77164511731,-0.690497432434,5.5,3.015
2.77232649682,-0.22443970817,6.79,0.365
2.77251317205,-1.33184304657,6.29,1.205
2.77276066999,-1.37196467688,4.11,1.58
2.77327767844,-1.00457025479,4.45,1.604
2.77353642859,-0.324089802641,6.49,0.199
2.7737653103,-1.0156574028,6.68,0.042
2.77429696099,-1.01620545164,6.52,0.009
2.7752196843,1.40489630304,6.48,0.963
2.77540130993,-0.465574934061,6.29,0.475
2.77628502512,-0.285262296706,6.01,1.638
2.77633798663,-0.184715231207,6.58,0.296
2.77656729139,-1.03959476345,5.08,1.172
2.77663094219,0.634024476467,6.29,0.436
2.77742819467,-0.213455880195,5.71,0.528
2.77817056149,-0.482694403179,6.65,1.523
2.7802734228,-0.205052042841,6.52,0.291
2.78037087657,-0.554363608806,6.77,1.367
2.78043551025,-0.478440724096,4.87,1.626
2.78060892831,-0.939951605794,6.43,-0.15
2.78075891946,-0.841695854025,3.84,0.3
2.78093285665,0.984912705201,6.55,1.186
2.78140555454,-1.02509015307,5.47,0.5
2.78185642366,-0.233604341794,4.89,2.8
2.78323777697,0.59478417159,6.42,1.364
2.78399306108,-0.999311111457,5.89,-0.128
2.78507766348,-1.13519590822,6.73,-0.075
2.7852459671,1.04937116268,6.77,0.465
2.78634219254,-0.294551744233,4.91,0.922
2.78694266824,0.558090626584,4.68,0.823
2.7870729468,-1.03293815949,4.69,1.562
2.78710072007,-1.03432435264,6.5,-0.098
2.78745936648,-0.746188355387,6.1,0.661
2.78746631329,-0.217182099425,6.04,-0.007
2.78776595113,0.281476648248,6.61,0.407
2.78813876242,-1.02654775328,5.96,1.692
2.78829506161,-1.31174564928,6.75,0.169
2.78857738473,0.936688540454,5.55,1.27
2.78872103022,0.661654321079,5.84,0.595
2.78932172006,-1.30015481561,6.08,1.683
2.78934731448,-0.640136976622,6.69,0.908
2.78950167251,-0.970460110165,4.29,1.025
2.78982477911,-1.1189617923,6.33,-0.072
2.79335971075,-1.13621298946,5.51,-0.158
2.7962750926,-0.623810657411,6.36,0.917
2.79735757254,-1.12529024094,6.73,-0.049
2.79816422769,-1.04155866955,6.35,0.088
2.79864904239,-0.0303947463646,6.25,0.88
2.80040173154,1.1945644178,5.74,1.315
2.80064009763,-1.39248106311,5.97,-0.071
2.80101255465,1.14696545171,5.12,1.207
2.8020728581,0.553216970785,6.02,1.617
2.80222191477,-0.240640991446,6.79,0.622
2.80228127402,-1.12515139591,4.76,-0.139
2.80353496135,-0.243901289038,6.24,1.54
2.80397928171,0.0625370622566,6.57,0.507
2.80420378111,-1.03350996258,5.36,0.213
2.80439436706,-0.570996217091,5.63,0.006
2.80505911853,-0.411008142848,6.79,0.911
2.80542883251,-1.1238951714,2.74,-0.22
2.80575411655,0.459468001938,5.51,0.16
2.80591053588,1.20560736746,5.01,1.406
2.80630290005,-1.06759228695,6.62,-0.011
2.80692027614,-0.554311695187,6.55,1.073
2.80713809627,0.0828624637973,5.77,1.168
2.80743204114,0.404714005823,5.08,0.042
2.80776533831,1.40371783101,6.7,0.062
2.80796560335,-1.05708692465,4.58,1.7
2.80801375991,0.806409779656,5.18,0.324
2.80876760328,0.998314419521,5.79,-0.038
2.80918681743,0.319621908134,6.51,1.31
2.80934049941,-1.12135732119,5.74,0.012
2.80941735014,-1.04925325188,6.45,-0.017
2.81048384929,-1.11633129122,4.8,-0.134
2.81103828857,0.344856705123,6.27,0.196
2.81144007593,-1.23673543994,6.25,0.208
2.81164650181,-1.0470809698,6.32,-0.31
2.81195568879,-1.26437755507,6.26,0.51
2.81202388765,-0.418624682105,6.63,1.28
2.8123357536,-1.23665748936,6.43,0.227
2.81284499677,-0.64456115784,6.69,0.519
2.8146361358,1.17655060339,5.95,2.382
2.81503111303,0.043423273406,6.27,1.212
2.81553350787,-1.40445941236,5.46,0.957
2.81732820002,-0.82832993419,6.64,1.571
2.81776963942,-1.40569145541,4.45,-0.188
2.81811744417,0.535507390596,5.36,-0.05
2.81911984881,0.111233029233,6.38,1.121
2.81991168547,-1.12599147546,5.33,-0.096
2.8199496811,-1.05771965451,6.26,0.038
2.82034348304,1.00122408581,6.34,1.568
2.82049148114,0.329719276003,5.5,1.134
2.82054513135,0.247743288016,5.49,0.908
2.82085938669,-1.12160515242,5.23,-0.077
2.8214077746,-0.75385435256,6.29,0.202
2.82181444541,-0.45462603109,6.7,1.038
2.82206348545,-0.862546171504,2.69,0.901
2.82220356315,-1.20793864295,6.34,0.18
2.82243252754,-1.12370360921,4.87,-0.149
2.82249232199,-0.301887396764,5.44,0.112
2.82288697555,-0.990599876604,5.14,-0.08
2.82529614533,-1.21191706227,6.35,-0.085
2.82582864964,-0.266371346967,6.67,-0.019
2.82586276449,-1.00299553107,6.29,1.673
2.82597337075,-1.12656078146,6.54,-0.002
2.8262935472,-1.04502037709,6.47,-0.121
2.82696369117,-1.12159817964,6.46,0.008
2.82710394337,-0.911866394894,6.74,-0.008
2.82748901479,0.693634462307,6.78,1.279
2.82782691645,-1.04578667204,5.98,0.274
2.82845983673,-0.553057316702,5.87,0.028
2.83038269281,-0.0341891785999,5.92,1.608
2.83045066808,-0.833392886244,6.51,0.946
2.83105970492,1.13677642449,6.4,-0.022
2.83159562682,0.513407050418,6.15,1.144
2.83291881262,0.184048496347,5.32,0.035
2.83305283794,-0.0702308341455,6.61,0.211
2.83357451775,-1.03539550698,5.85,0.008
2.83366490978,-0.739451124853,6.77,1.195
2.83389181713,1.11369509524,6.42,1.287
2.83452277941,-0.282632480333,3.11,1.232
2.83495928288,-0.171961966584,5.85,1.074
2.83570387688,0.48823749639,6.05,0.399
2.83594351106,-0.594427427476,5.61,0.038
2.8374731179,-0.15529525444,5.8,0.156
2.83881937992,0.408516777914,6.59,0.333
2.84042365286,-1.04645252088,6.79,-0.044
2.84091667371,-0.0539772242395,5.95,1.475
2.84095924137,-0.319957480384,6.56,0.092
2.841326393,0.98754655962,5.66,1.132
2.84224979282,1.03533139203,5.57,1.16
2.84272642204,-1.32440408722,6.68,0.087
2.84393404819,-0.999590461242,6.29,0.226
2.84440179939,-0.857961300485,6.56,0.513
2.84478578041,-0.96234544227,6.53,1.482
2.84562255304,0.877297738538,6.63,1.431
2.84588244072,0.0178891485268,6.37,0.087
2.84697099406,-1.38857412334,6.36,1.46
2.84713005881,-0.999033540011,5.26,0.13
2.84713304959,0.917438418684,6.76,1.071
2.84721959785,0.916360775613,6.44,1.114
2.84751136029,-0.00351957013522,6.31,1.503
2.84826523521,-1.1904949973,6.7,1.678
2.84934471864,-0.61940075794,6.79,-0.065
2.85060945069,0.597162152992,3.79,1.04
2.85078986077,-1.02788466828,6.26,-0.104
2.85106531522,-0.0393608189624,6.12,0.913
2.85139737918,-0.351487166484,5.23,0.48
2.85140349909,-1.02718160442,3.78,0.945
2.85151514715,1.21918021742,5.91,1.01
2.85164271216,-0.269580496068,6.34,1.176
2.85167984833,-0.984723503834,6.45,1.392
2.85175744214,0.952690211,5.12,1.355
2.8523124857,-1.23430272064,5.99,-0.02
2.85242884719,-0.037161637682,5.45,0.966
2.8533491957,-0.636292556598,6.73,0.466
2.85352111862,0.75380693465,4.66,-0.039
2.85490611463,-0.240123019726,5.65,0.832
2.85576591571,-1.07907812232,5.95,1.736
2.85618515721,0.517142374995,6.53,0.556
2.85631407612,-0.97073468043,6.76,1.256
2.85668013723,0.444897032183,6.19,0.291
2.85784475615,0.594019279562,5.73,1.032
2.85805035647,-0.737420772901,6.08,-0.061
2.85881823097,-0.360671644527,6.45,1.098
2.85923051502,-1.05622095989,5.93,1.065
2.85995617134,-0.750849860147,6.4,0.068
2.86065298175,0.431964072348,4.3,0.016
2.86105985038,0.0128617213437,5.91,0.425
2.86120531582,0.584806226599,5.02,1.101
2.86244686464,0.107955085532,5.91,1.256
2.86310577439,0.00755612524211,6.66,1.348
2.86339557587,0.733180616236,6.03,1.123
2.86356565938,0.390110452854,6.17,1.549
2.86428944284,1.00361596367,6.8,0.995
2.86484374031,0.445063211873,6.36,1.036
2.86546992889,-0.648176283439,4.6,1.006
2.86727488608,-0.886016701918,5.9,0.173
2.86785224743,-1.31073810386,6.16,1.531
2.86817265532,-1.20494137068,6.48,0.0
2.8702078128,-1.04252338934,6.36,0.84
2.87379487327,0.342469304992,6.8,1.336
2.87642923083,-0.588832113702,5.7,0.374
2.87643394064,-1.42342358233,6.7,0.534
2.87645016251,-1.0702488007,6.16,-0.064
2.87645730153,-1.47644195722,6.19,0.1
2.87673029057,0.905517982678,6.22,1.352
2.8774684463,0.705641098529,5.03,0.624
2.87767914795,-0.285425932701,5.88,1.6
2.87781362883,0.629943429398,5.99,1.595
2.87841821973,0.204305931014,6.53,0.443
2.87880998986,-0.319374018999,4.08,1.079
2.87957347664,1.35734559864,6.18,0.966
2.87974906777,-0.764578312515,5.81,-0.064
2.88039696604,-0.904391212796,6.15,0.188
2.88046661169,-0.736980262105,4.37,0.116
2.88064365612,-0.245801146367,5.86,1.501
2.88086240779,0.794583420536,5.47,1.466
2.88129856203,0.748950868099,6.03,0.584
2.88165242533,0.898881239958,6.41,1.007
2.88224025532,0.0631371810798,4.84,1.144
2.8824317805,-0.926976324835,6.44,1.28
2.88275967778,-0.555701811889,6.06,0.527
2.88285141013,0.745803969096,6.69,1.114
2.88305139525,0.106490379553,4.98,0.166
2.88346085243,0.684380113838,5.06,0.255
2.88351508691,-0.706825389264,6.77,0.532
2.8839665681,-0.275634294948,6.35,1.172
2.88457082409,1.1069071827,6.38,0.169
2.8877690154,-0.0433641848294,4.73,1.593
2.88782456911,0.984058986291,2.34,0.033
2.8895269648,-0.717577202993,6.48,1.474
2.88980338501,1.02392190901,6.63,1.574
2.88995802776,0.352204683607,4.42,0.053
2.89029786055,-0.468298112199,6.21,0.307
2.89250524036,-1.26086465206,6.78,0.017
2.89325009441,-0.446368603204,6.72,0.275
2.89333112266,-1.06309281337,6.67,2.033
2.89394065433,-0.0131308886248,6.12,0.269
2.89396537376,-0.197282759734,5.51,0.938
2.89405119746,-0.557822049253,6.44,1.616
2.89487384576,1.22226699304,6.44,1.28
2.8955401899,-0.234483590897,6.34,0.86
2.89554429397,-1.453739269e-05,5.95,1.218
2.89598790454,-0.896272936392,6.74,0.328
2.8960653502,1.07775884465,1.81,1.061
2.89682572881,-0.342956429797,6.64,0.206
2.89726384572,-1.01151134743,6.16,-0.167
2.89745824104,-0.945929435966,6.54,1.11
2.89951821643,0.667437724693,6.01,0.165
2.89951794262,-0.83215733913,5.67,0.256
2.90118785988,-0.624909520226,5.43,0.021
2.90143312908,-1.04473485767,6.57,0.186
2.90168470772,0.128037481235,4.62,0.332
2.90190966057,-0.862058242094,6.11,-0.019
2.90305859958,-0.476363399434,4.92,0.369
2.90408203847,-0.193537825601,6.09,0.301
2.90579629999,-0.476262886402,5.69,-0.067
2.90639068552,-0.893834074325,6.28,0.943
2.90639700679,-1.0463227242,6.7,-0.137
2.90773968318,-1.13167099849,6.39,0.114
2.90797547911,-0.889362630689,6.31,1.156
2.90810348624,-1.02407231341,6.07,1.21
2.90833323663,-1.08950630803,4.62,0.988
2.90879861711,-0.50139116069,6.76,0.035
2.90899293237,-0.22694216978,6.51,0.311
2.90917500783,0.309575398714,6.4,1.555
2.90960319355,-1.23705324901,5.58,-0.07
2.9097794833,-0.533284877904,6.68,1.086
2.90991527414,0.0341303567761,5.52,0.955
2.9109445055,-0.568750892773,6.58,0.363
2.91155157337,-0.744185375822,5.15,0.029
2.91281897535,-0.848927834374,6.44,1.486
2.91322402763,0.407076443,6.48,0.164
2.91429789836,-0.526645545993,6.51,0.606
2.91584708149,-0.523118572082,6.47,0.029
2.91593200026,-0.0332155997287,6.66,0.997
2.91717255911,-1.08118215988,5.11,0.195
2.91727367562,-1.02930856834,3.93,1.225
2.91766656212,0.300209602338,6.8,1.025
2.91789998143,-0.490100155447,5.43,0.069
2.91826977182,0.430371393921,5.7,0.081
2.92045116162,0.633718211372,5.71,1.4
2.92186407763,0.754117254232,5.89,1.564
2.92195918404,0.776645105508,3,1.144
2.92196236827,1.17303942608,6.07,0.225
2.92205554976,-1.02691201052,6.79,0.831
2.92294591707,-0.564919943667,5.79,0.027
2.9299396026,-1.24679670035,6.34,1.373
2.93006703266,0.945085140068,6.68,0.225
2.93066153965,-0.398386187244,4.46,0.025
2.93072737776,-1.0526223647,6.68,-0.025
2.93097192858,0.251330081192,6.3,0.209
2.93199620648,-0.467854942776,6.43,0.924
2.93241253639,-1.01967991324,6.24,1.495
2.9328959824,-0.80750731329,6.27,0.155
2.93294666307,1.19156891271,6.4,0.127
2.93322862324,-0.566076475222,6.35,1.683
2.93436191642,-0.322883510437,6.11,-0.004
2.93450821221,0.6250736184,6.41,0.6
2.93455934642,-0.856974047406,5.37,0.175
2.93468383496,-0.379597579772,6.39,1.381
2.93477234272,-1.05274115216,4.59,0.541
2.93538562351,0.95808604434,6.63,0.098
2.93544331605,-1.1199737615,5.22,-0.082
2.93627827005,-0.868058524201,6.12,1.055
2.93688803924,-0.821268162971,6.65,0.634
2.93706680202,1.17500686911,6.6,0.931
2.93758450393,-0.774441266551,5.77,1.661
2.93795110987,0.58370337671,6.62,1.007
2.93875533799,-1.04055339718,5.74,-0.106
2.93938171772,-0.929070395659,5.75,1.309
2.93943223756,0.717135482769,6.33,1.15
2.93982909784,-0.00121303719014,5.4,-0.02
2.94037172165,0.039592490855,6.75,0.398
2.94101314013,0.140685676113,5.79,1.128
2.94135216538,0.358206432003,2.56,0.128
2.94192745273,0.26929680103,3.33,-0.003
2.9436230312,-0.0221800553368,6.63,1.112
2.94481580705,-0.763297110824,6.22,1.606
2.94613250855,0.403092555847,4.56,1.657
2.94813520531,-0.21978182466,6.51,1.517
2.94835238549,-1.0010489925,6.42,0.098
2.94901736608,0.232261052685,5.31,1.189
2.94914730124,-0.836376746092,6.54,-0.022
2.94944671895,0.224184101499,6.66,0.29
2.94989523376,0.921065408403,6.51,0.437
2.95104689788,-0.605068857974,6.8,0.16
2.95163239082,-0.800757273512,6.3,0.403
2.95225751647,-0.0692333936077,6.76,0.182
2.95249356815,-0.063732460982,4.45,0.21
2.95265176956,0.863523467518,5.88,1.102
2.95383721569,-0.124523813205,6.11,0.211
2.95397305307,-0.956039807877,6.77,0.423
2.95484384837,-0.66347586418,6.24,0.105
2.95501226119,-0.731892054306,6.46,0.015
2.95523514241,0.0350908184352,5.18,1.511
2.95535364853,-1.18374365268,6.06,1.753
2.95592928625,1.05194106603,6.65,1.037
2.95597324477,-1.03158373539,6.7,-0.01
2.9567962053,-0.606281094949,6.44,0.408
2.95708829487,-0.637642544241,6.67,0.976
2.95986330409,0.209169202289,6.66,0.059
2.96042309517,0.577604597007,3.49,1.4
2.9608230647,-1.39048027097,6.35,0.266
2.9609895558,-0.424870440448,6.69,1.18
2.96151546203,-1.01554448205,6.61,1.324
2.96185202028,0.619406165997,6.67,1.118
2.96232982293,0.028804821534,5.9,1.04
2.96268927621,0.249033998544,6.6,0.586
2.96327163863,0.666463691116,4.76,0.113
2.96390851534,-1.12717710071,5.99,0.471
2.96418356983,-0.257934205356,3.56,1.112
2.9643426607,-0.0288832023841,6.61,0.57
2.96500498622,0.572906649864,6.57,1.035
2.96535561944,-1.3114831936,6.26,-0.016
2.96639145213,-1.27336239262,6.46,0.004
2.96736143944,-1.25653822772,6.41,0.019
2.96843490031,-0.494490766898,6.68,1.124
2.96933174166,-0.179673511872,6.54,1.084
2.96938691914,0.785368279414,6.73,0.34
2.9709673842,1.17112873515,6.2,1.018
2.97145370868,-0.951047698327,3.9,-0.157
2.97201897643,0.105231514736,4.05,-0.058
2.97337147294,0.115801836577,6.69,0.523
2.97500950642,0.996144177467,6.43,0.161
2.9750737963,0.160018197728,6.69,0.298
2.97557274781,-1.35452155964,6.43,0.202
2.97691777049,-1.01902868655,6.64,0.948
2.97746776753,-0.7792183796,6.1,0.926
2.97809002639,-0.93147956385,6.77,0.037
2.97882258265,0.701194268447,6.58,0.483
2.97939282193,0.758916333466,4.99,0.998
2.97951322595,1.12277925659,6.02,0.085
2.98074214922,-0.990986683351,5.82,-0.004
2.98107230599,-0.631194296725,5,1.464
2.98145512342,0.00230470490306,6.05,1.464
2.98170727071,-1.13367362805,5.09,-0.061
2.98174186593,-0.32777236876,5.08,0.439
2.98418219578,0.183774593631,4,0.423
2.98426212539,-1.01020420249,6.5,1.504
2.98468224932,0.0245701416948,5.39,0.938
2.9853247292,-1.26111571193,5.55,0.017
2.98611696169,-0.744716317271,6.13,-0.175
2.98702260229,0.848330834989,6.78,1.598
2.98717401095,-0.189530945378,4.81,1.556
2.98836194772,-0.308644192404,4.06,0.216
2.98874428613,-0.0386131960015,6.75,0.277
2.98879833358,0.19949622578,5.8,1.376
2.99101932493,-0.629419174993,5.21,0.979
2.99128370846,-0.658819475723,5.87,1.503
2.99152175525,0.28722078256,5.58,0.39
2.99174525947,0.0576157101327,6.73,0.207
2.99203107862,-1.11653031744,5.18,0.495
2.9925164075,0.067371624136,6.35,0.345
2.99280332029,-0.240005753542,6.52,1.72
2.99303184507,0.974774400579,5.73,0.988
2.99338416051,-0.359228647371,6.72,0.203
2.99455115221,0.151137740806,6.73,1.407
2.99509863805,0.583823239098,6.33,0.454
2.99581594131,-1.06666088449,5.22,-0.077
2.99653557633,0.05258855084,6.49,0.778
2.99667803028,-0.927815546021,5.8,0.517
2.99757854572,-1.07109671761,6.72,1.983
2.99766261233,-0.982274283724,6.68,1.197
2.998295148,-0.215665957527,5.93,0.49
3.00034066488,-0.451357020682,6.75,1.032
3.0012668093,0.78863074502,6.68,1.53
3.00150890005,-0.0296696509185,6.23,1.037
3.00169287274,0.0498512353953,4.95,1.0
3.00186962243,-0.616604741091,6.44,1.614
3.00211640573,0.208969909922,6.55,1.599
3.00330787041,-1.26490951835,6.09,0.101
3.0045179068,-0.744805343019,5.14,-0.028
3.0047488937,-0.957899214738,6.79,0.167
3.00663005347,0.686559720808,5.3,0.019
3.00666684995,1.07823592427,5.83,0.382
3.00743066944,-1.10922546128,6.45,0.32
3.00905907057,-0.489226044843,6.67,1.35
3.00913807409,-0.426977542029,5.77,0.067
3.00923817744,0.132634079198,6.73,0.521
3.00937276766,0.269012299812,5.74,1.371
3.00939460119,-0.671198875573,6.74,0.944
3.00950082703,0.990257458588,6.29,0.157
3.01162875031,0.948799996941,6.52,0.937
3.01206691709,-0.0524209730993,4.77,1.529
3.01219621328,-0.450270633002,6.59,1.055
3.01249839262,0.81432757137,6.3,1.265
3.01276605197,0.760588115693,6.67,0.912
3.0128043191,0.321311650133,5.54,1.056
3.01295766688,0.753515222478,5.94,0.524
3.01454818398,0.836517420381,6.4,0.879
3.01468454732,0.496573573176,6.74,1.523
3.01580272608,0.851538720925,6.54,0.937
3.01615066708,-1.06951093816,6.28,0.473
3.01682083979,1.21005554691,3.82,1.613
3.01832522794,0.250707907696,6.27,0.57
3.01840663892,-1.03745967864,5.07,1.026
3.01851467106,-0.362617838847,6.24,0.537
3.01860537144,-1.03874400658,5.12,0.432
3.01876472601,1.41593774738,6.12,0.264
3.01917290434,-0.112932019951,6.74,1.05
3.02033081234,0.632633913427,6.59,0.956
3.020612652,-0.510701184379,4.93,0.54
3.02087377976,-1.16870429147,5.89,1.136
3.02092848919,1.06609109547,5.46,0.515
3.02111322898,-0.466819813727,6.15,1.67
3.02177752126,-1.04227285763,6.78,0.164
3.02287657014,-0.136616053335,5.94,1.38
3.02291719765,-0.705744717239,5.64,1.578
3.02315933938,-0.631969775241,6.68,0.593
3.02335628487,-0.542574442467,5.13,1.581
3.02379289215,-0.556020449722,3.54,0.947
3.024860855,-0.284146246047,6.05,0.59
3.02563624091,-1.22513017812,6.69,0.009
3.02642612629,0.0436163638061,6.49,1.601
3.02648927789,-0.708370453234,5.39,0.117
3.02787733357,0.642553683244,6.38,1.057
3.02886972219,0.192402724069,6.54,0.188
3.02969902924,-0.0964661654044,6.76,0.343
3.02974250046,0.0534099630399,5.76,0.48
3.03029601623,-0.573014973721,5.96,0.811
3.03123633154,0.293161469668,5.95,-0.156
3.0314681555,-0.947087056111,4.62,-0.077
3.03228441446,-0.8575935343,5.5,1.041
3.03242992356,-0.0761188961635,6.43,1.167
3.03278273012,0.356772269519,6.45,1.01
3.03286614621,0.95618593943,5.63,1.032
3.0334772749,-0.826807490643,5.64,1.682
3.03351523125,-1.06281046573,6.57,0.363
3.03483012898,0.195278037726,6.61,1.039
3.03558861805,-1.06967512667,6.23,0.131
3.03566694975,0.190437772362,6.57,0.139
3.03580270311,-1.27133168455,6.53,1.161
3.03592085447,-1.09990372743,3.11,-0.044
3.0365511412,-0.831503524877,5.26,0.257
3.03706775667,1.20991376696,5.19,0.974
3.03817842955,0.484876042121,5.8,0.248
3.03849993107,-1.06556597188,5.84,-0.102
3.03941391006,-0.5859080282,5.71,1.02
3.03983465793,-0.649911508766,6.3,0.062
3.03984823657,-0.171081480372,4.7,-0.073
3.04101300315,-0.0143771266474,4.3,0.983
3.0412269086,-0.40051962503,6.51,1.259
3.04128483506,-1.06959784161,5.14,1.105
3.04132480564,-0.575752423249,6.32,0.439
3.04230493574,-1.21604447491,6.62,0.518
3.04239014018,-1.32464457933,5.64,0.362
3.04370950775,-0.833347756237,5.46,1.23
3.04371589148,-1.06296188269,6.56,1.276
3.04431335478,1.35430042921,6.49,1.61
3.0447601921,-1.18019825373,5.94,1.013
3.0450919662,0.883454436687,6.14,1.068
3.04613300819,-1.07907709305,5.15,-0.04
3.04631450887,0.155051415103,6.18,1.081
3.04708064129,-1.10606309279,6.46,0.043
3.04709779029,0.761407365107,5.56,0.348
3.04734983027,-0.0425144971368,6.22,1.119
3.04760722504,0.141970290405,5.24,1.499
3.04795022147,0.586881432678,6.29,1.325
3.04803736302,0.817411151356,6.09,0.401
3.048509524,-0.230417370718,5.48,0.52
3.04887532632,0.787290370834,6.29,0.566
3.04917222999,1.12306641054,6.49,0.154
3.04999487245,-0.431464465844,6.4,0.821
3.05211662415,-1.14140633737,5.01,0.804
3.05215646195,-0.230110636988,6.8,0.987
3.05362331178,-0.290077725822,6.17,1.579
3.05368057329,-0.252523476887,6.21,-0.007
3.05386453765,-0.881146591608,6.67,0.008
3.05421761283,-0.665116418454,6.65,0.966
3.05525664477,-0.606408709055,4.7,-0.07
3.05632127666,1.0117744239,6.35,-0.092
3.05701742093,-1.09201938412,6.32,0.029
3.05741584858,-0.941929879563,5.95,1.67
3.05774920749,0.372675434777,5.26,0.984
3.05822728168,-1.08367670019,4.93,1.111
3.05880312227,-1.45036750461,6.32,1.08
3.05890891322,0.596931147431,5.31,0.723
3.05930221599,-0.509571108081,6.44,0.651
3.059454849,-1.06711290634,6.78,1.311
3.06012997849,-0.752161279134,5.54,0.044
3.0611835351,0.554073234361,5.73,0.44
3.06185333758,0.962933246826,6.28,1.491
3.06188557999,-0.567221596716,5.2,1.475
3.06330946351,-0.354200041351,6.21,0.949
3.06343049015,0.387656062715,6.65,0.364
3.06413241017,-1.31296436862,6.48,0.528
3.06511826089,1.16491836906,5.32,1.267
3.06702395028,-1.38415760936,6.38,0.894
3.06939347388,-0.649090658206,5.98,1.449
3.06968482184,-1.09064570264,5,0.784
3.06968574802,0.554352168706,6.79,1.085
3.070109742,-1.40470168359,6.61,0.084
3.0701184376,0.728194181511,6.71,0.974
3.07125821341,-1.09743301235,6.1,0.063
3.07142461734,-0.116538461933,6.05,0.96
3.07273678322,0.440142845607,6.02,1.533
3.07510831574,-0.320279686865,4.71,0.958
3.07697352891,0.248942153868,6.51,1.165
3.07706222059,-0.856430321882,6.26,1.174
3.07738195585,0.144131371797,4.84,0.174
3.07879779306,-1.16463661319,3.63,0.16
3.07934106676,-0.797443268378,5.28,-0.118
3.07989228442,0.113959115336,4.04,1.501
3.08072817375,0.833907947489,3.69,1.181
3.0827486001,-1.0677644835,4.11,0.895
3.08278621588,-0.706864524865,4.89,0.664
3.08455066714,0.970895072915,5.27,1.276
3.08538172954,-0.626692964427,6.16,0.952
3.0854382746,1.07166461197,6.59,0.242
3.08602082908,-0.528599320398,6.48,0.681
3.08626237684,-1.006993864,5.42,1.664
3.08787975497,-1.18145324619,6.75,1.064
3.0888619395,0.143918013993,5.31,0.038
3.08917033999,0.352886922618,4.5,0.547
3.0902877783,-1.16614017334,4.75,1.522
3.0909408846,-0.179997630456,6.24,0.585
3.09204787201,0.249306492318,5.9,0.303
3.09251145035,-0.466871685637,5.1,1.594
3.09368931642,-0.00556183507109,6.15,0.518
3.09385696597,0.254330430316,2.14,0.09
3.09411297346,0.090466808799,6.55,1.152
3.09467147479,0.28349176568,6.05,0.278
3.09658334039,-1.11331896865,4.3,-0.149
3.09663079439,0.609674189522,5.73,0.467
3.09771380717,-1.22567126315,4.98,1.36
3.09898385243,0.94688649288,6.74,1.074
3.09938504716,-0.276873213352,6.13,0.947
3.0999433719,-1.09343797325,5.68,0.233
3.10066381289,-0.476089797295,6.48,0.98
3.10099326241,0.0308001382198,3.59,0.518
3.10198408472,0.214309628857,6.37,0.294
3.10248500833,-0.0930842015178,5.62,1.058
3.10295610386,-0.788425792671,4.47,1.283
3.10301440168,0.582503869028,6.25,0.345
3.10326760633,-1.07941899661,6.51,0.255
3.10327859373,-0.766776494789,6.62,-0.027
3.10391540576,-0.212717433684,6.34,0.41
3.10534875627,-0.538168933561,5.85,0.554
3.10604995098,-1.13805782586,4.89,-0.123
3.10743739517,-0.994623719743,5.56,0.069
3.10801166087,-0.895611644226,6.59,1.322
3.11065140972,-0.591808411189,4.29,-0.1
3.11091498332,0.658315144582,6.42,0.754
3.11227236879,-0.638395297914,6.62,0.333
3.11299978418,-0.61202841597,6.17,0.089
3.11418756448,1.28728616275,6.77,0.574
3.11467124531,0.937150353421,2.41,0.044
3.11470565152,0.00963621271832,6.31,0.207
3.11471883972,0.714064813548,6.73,1.06
3.11624944079,-1.00199698063,6.05,0.05
3.11729368946,-0.658843200932,6.46,0.528
3.11850603894,-0.448791998648,5.26,0.883
3.11865803353,-1.15848320562,6.38,0.406
3.11977731442,-1.10443004063,5.89,0.21
3.11986650315,-0.979059654762,6.7,0.646
3.12000392643,0.147374607801,5.58,0.937
3.12019392179,0.811173991718,6.54,0.117
3.12079886395,0.641519814352,6.47,1.581
3.12198368734,-0.433847736656,6.8,1.1
3.12269446705,-0.49701920416,5.93,1.499
3.12272370861,0.273088487323,5.53,0.116
3.12375832657,-0.692712748706,6.13,1.01
3.12402388664,0.987831218246,5.83,1.101
3.12415613838,0.616808448022,6.74,0.525
3.12420879839,-0.299338428126,5.17,-0.022
3.12538918599,0.618687209574,6.62,0.4
3.12564064649,0.465647489258,6.79,0.382
3.12608942257,0.247596402958,6.74,1.46
3.12687652009,1.13870356693,6.51,1.006
3.12733550272,-0.82156800807,6.26,0.407
3.12801219273,1.07423642392,6.22,0.955
3.12822825154,-0.240062347471,6.54,0.592
3.12852421789,-0.0834751541697,6.73,0.486
3.12877549715,-0.581464491318,6.2,-0.044
3.12887290265,-0.909321484838,6.52,1.072
3.1295652687,0.704131102763,6.6,0.513
3.12998983007,-0.861496515398,6.68,0.349
3.13141331547,-1.08993627117,5.59,-0.152
3.13158584804,0.304871260052,6.8,0.392
3.13179718606,-0.149203194975,6.58,0.568
3.13338854027,0.563285939766,6.42,0.331
3.13387892441,0.0607725010506,6.7,1.618
3.1339738934,-0.982922486914,5.44,-0.062
3.13400375685,-0.837358360526,6.76,0.527
3.13434205428,-0.714664539639,6.77,0.963
3.13435705029,1.07275893938,6.74,1.054
3.13543529431,-1.35830974612,6.73,0.214
3.13633231732,-1.1229371669,5.59,0.174
3.13682034202,-0.45219486678,6.42,0.038
3.13747203053,0.00926211278849,6.18,1.257
3.13791077536,-0.182838874912,6.49,1.45
3.13800658224,-0.799923149459,6.36,-0.081
3.13801969417,-0.902278689014,6.04,1.277
3.13850469864,0.578873418537,5.95,1.153
3.13895682755,-0.997769522429,6.77,0.173
3.13909262926,-1.0966069074,6.34,0.317
3.13979514216,-0.813901927918,6.65,0.558
3.13996856355,-1.36522863473,4.88,-0.054
3.14136810973,0.0637952193588,5.36,-0.001
3.14140222431,0.594018405569,6.49,0.243
3.14196886506,-1.36472415571,6.58,0.241
3.14296016847,1.41115430508,6.21,1.61
3.14466320745,-0.381136286611,6.28,1.22
3.14482514796,-0.182317336861,5.54,0.76
3.1453131222,-0.343113966202,5.28,-0.192
3.14540256639,0.115441703666,4.65,0.122
3.14542478625,1.22588180787,6.75,0.101
3.14608238148,-0.0308603179265,6.32,1.204
3.14808107209,-1.00363024686,6.16,-0.004
3.1488273614,0.629053061331,5.59,1.019
3.14917581206,0.385618287489,6.57,0.661
3.15081827836,0.751287455709,5.22,0.283
3.15182050875,-1.49455610325,6.05,1.29
3.1523954294,-1.24771810437,6.41,1.163
3.152427573,0.751959063679,6.64,0.86
3.15306338245,-1.20763323728,5.89,-0.08
3.15407616807,-0.134104515928,6.24,1.492
3.1544177346,-1.08516347906,6.78,0.043
3.15476075682,-0.999377825453,6.69,1.386
3.15479971249,-1.10501908823,4.32,0.28
3.15516933028,-0.84116045308,6.61,0.24
3.15733004931,-0.680836759016,6.51,0.5
3.15755539577,-0.74061400039,5.15,0.417
3.15791459082,0.097001036647,6.39,0.476
3.15792084074,-1.29528033417,6.44,1.198
3.159071157,-0.179701221975,6.59,0.315
3.1596983419,-1.21338732121,6.74,1.139
3.16025287823,0.374532866074,5.89,0.248
3.16026158389,-0.898364908873,6.48,-0.046
3.16044421978,-1.10244962942,4.72,-0.081
3.16111837905,1.49377725106,6.27,0.56
3.16187657645,-1.1925644915,5.34,-0.012
3.16233817899,-1.03416494598,6.3,-0.034
3.16243613421,-1.33550955099,5.04,1.491
3.16320793462,-1.06409673613,5.95,1.691
3.16403525685,-1.0677850327,6.64,0.896
3.16432127676,0.152419349067,4.12,0.967
3.16448734025,1.34225826398,5.78,1.029
3.16507926012,-1.09913421938,6.69,0.312
3.16595755687,-0.102029886591,6.62,1.491
3.16629883,1.09839015364,6.14,1.178
3.16730893632,-1.14400884824,6.3,0.152
3.1675304738,-0.622976523493,6.23,-0.073
3.16775910048,-0.0546565693639,6.37,0.997
3.16815102524,-0.575282009166,6.49,0.623
3.16857857015,-1.28380808332,6.55,1.838
3.16922196647,-1.19819304772,6.23,1.237
3.16944910191,-1.14684630512,5.95,0.613
3.17052588411,-0.660783434454,6.63,1.017
3.17121413899,-0.213643092541,6.77,0.323
3.17161760777,-1.12772233037,4.14,0.353
3.17470348527,-0.548217713364,6.72,0.532
3.17497451751,-0.418457964715,6.72,0.613
3.17577450983,-1.315402626,5.17,1.278
3.17688003671,-0.884206108849,4.46,-0.163
3.17756957809,-0.849844224373,5.34,-0.01
3.17791262231,-0.605191793293,6.75,1.069
3.17806391372,-0.885273329344,2.58,-0.128
3.17829800419,-1.06198271924,6.22,1.733
3.17830354776,-0.431600297426,4.02,0.334
3.18041248993,-0.773634450689,5.75,0.24
3.18046920582,-0.719627254823,5.51,-0.097
3.18386669378,0.0331244165192,5.95,1.12
3.18425273785,-0.903799128669,6.74,0.921
3.18428648029,1.30308669521,6.34,0.511
3.18541167974,-0.605712006569,6.16,0.03
3.18547447421,0.101351408581,5.72,0.352
3.18564707887,-0.306085148382,6.63,0.48
3.18577014204,-0.394789399456,3.02,1.326
3.1872030088,-0.135681467826,6.55,0.218
3.18752601216,0.293377119401,6.4,0.07
3.18768455262,-0.660962277081,6.07,0.19
3.18857812812,0.476152088757,6.01,0.123
3.18959463253,1.42610560746,6,1.618
3.18967785366,-1.19137861223,6.48,1.352
3.18980121076,-0.792778563543,6.61,1.086
3.18986866699,-0.411939984574,5.45,0.055
3.18996586863,-1.0694928177,6.08,0.398
3.19119150507,-0.0471083466008,6.74,1.074
3.19166802687,-0.772881550823,6.59,0.467
3.19188390909,-0.896389467351,6.23,0.816
3.19235901836,-0.949766920793,6.8,0.558
3.1924345841,-0.914002055126,3.97,-0.156
3.19285447682,0.995787274955,6.34,1.505
3.19293949236,0.40705439652,6.73,1.04
3.19310431087,1.35159670619,6.76,0.042
3.19331103033,0.451521569458,5.66,1.401
3.19400807978,-1.12591897097,6.54,0.266
3.19402606855,0.498052613401,6.47,0.428
3.19462818119,0.358526647659,5.6,0.961
3.1948193257,1.35465896506,5.14,0.358
3.19555120768,-1.09869825639,5.91,0.253
3.19737244948,-1.22437966245,6.05,1.78
3.19925736893,-0.59559836011,6.34,1.449
3.20013692097,-0.679442500904,5.77,-0.144
3.20020221305,0.179111639751,5.85,0.262
3.20099232839,-0.589797695135,6.34,0.071
3.20242266916,-1.37137386315,6.34,1.234
3.2028759852,-0.798032938923,5.31,1.4
3.2030904965,1.15382483837,6.74,1.313
3.20380319475,-0.0997734708625,6.56,0.277
3.2039103589,-1.12414071606,6.2,0.075
3.20583662079,0.932610162419,6.18,1.061
3.20701217684,-0.363800264562,5.82,1.052
3.20750808975,-0.510286389102,6.5,1.086
3.20766204423,1.2252212719,5.72,1.179
3.20767776199,-1.02536222076,2.79,-0.193
3.20781025221,-0.179985339917,6.11,0.47
3.20854457326,1.53065576678,6.27,0.346
3.20889759914,0.99540694431,3.32,0.077
3.20926174633,-0.73152470557,6.24,1.002
3.21006068172,1.2662572538,6.29,1.145
3.21043890264,-0.407602484454,6.53,0.46
3.21056040743,-0.306164425583,2.58,-0.107
3.21108473673,-0.943469301487,6.61,1.645
3.2114194847,0.260037836305,5.09,0.068
3.21195460355,0.709654023976,5.69,1.586
3.21289949599,0.417926226291,4.93,0.957
3.21314068489,-1.26736210074,6.21,-0.006
3.21359786635,0.577032495341,4.99,1.14
3.21500366135,1.50858962624,6.33,0.437
3.21601158588,-0.291360652188,6.05,0.113
3.21623036524,-1.14655841521,6.06,0.021
3.21792060322,0.928363853957,5.8,1.33
3.21799283501,0.505049219226,5.71,0.16
3.21827815567,-1.18613859865,4.06,1.603
3.21898778423,0.264324871277,6.36,1.384
3.21920677997,-0.629958780735,6.15,0.008
3.21979040178,-1.00967557503,6.75,1.584
3.22082847253,-0.0689191960368,6.57,0.363
3.22165393403,-1.38425971995,4.24,-0.123
3.22204311704,-1.11706431433,4.06,-0.168
3.22224700089,0.571576089998,6.68,0.237
3.22243144946,0.527945471876,6.23,0.31
3.22306444353,-0.0137389539508,5.9,0.168
3.22353070504,-1.54313148615,6.63,-0.068
3.22377178156,1.31179925153,5.47,0.054
3.22448032985,-0.962426944178,5.01,1.6
3.22464311613,0.453931327088,6.44,0.18
3.22589156471,0.402030886998,6.26,0.177
3.22596710163,0.25379947439,6.52,1.119
3.22664420998,0.49143089808,6.38,0.523
3.22803841986,0.854934671313,5.28,1.623
3.22817736301,0.496796666665,6.64,0.183
3.22844873421,-0.0116379122023,3.89,0.026
3.22851572559,-0.466647477796,6.6,1.6
3.22964254496,-0.387038983241,5.94,0.824
3.2298415247,0.661517038815,6.73,1.0
3.23015078528,0.453818333124,6.16,0.306
3.23029036651,0.4645976147,5.52,1.091
3.2303849038,0.0578153248278,4.97,1.172
3.23091403252,-1.14917114088,6.2,-0.041
3.23130596624,-0.387740621491,5.2,-0.09
3.23186802918,0.472190892761,6.32,0.394
3.23198828167,0.310544132276,4.72,1.01
3.23240188237,0.271241401885,6.47,1.025
3.23255761361,1.00991937803,5.54,1.452
3.23291066208,-0.236766549334,5.14,1.048
3.23475952155,-1.08701956818,6.56,0.79
3.23480133943,-1.05419887989,3.59,1.389
3.23661354569,-0.871773853014,6.58,1.467
3.23731412675,0.823484776436,6.33,1.115
3.23739902912,-0.983918638664,5.91,1.533
3.23773668405,0.292250674236,6.67,0.061
3.23790151068,1.07497264199,6.74,1.104
3.23812160306,-1.17848305389,5.15,0.195
3.23837345732,0.432385529377,6.21,-0.012
3.23846081607,-1.19218756116,5.73,1.038
3.23867995201,-1.28288168242,6.77,0.161
3.2389309256,-0.271493043418,6.54,1.238
3.23979017197,0.451100594572,4.78,0.515
3.2399157159,0.0925974723134,6.46,0.567
3.24084209002,-0.683779524127,6.7,0.639
3.24097467264,-0.912685863258,6.52,1.01
3.24118188645,-1.00663839917,5.38,-0.098
3.24301097517,-1.18039316106,6.36,0.887
3.24306650003,-0.0868214480947,6.47,1.189
3.24332118467,-0.206160336998,6.48,1.64
3.24351895319,-0.433551457031,5.66,1.153
3.24452528755,-0.618067816735,5.32,-0.066
3.24462135134,-0.685955589136,6.39,0.285
3.24520362651,-0.679131710568,5.79,-0.064
3.24536911179,0.742510946865,6.03,0.366
3.24542716812,-0.52945287266,6.39,1.572
3.24642075784,0.899931149208,4.76,0.877
3.24656416004,0.451189116967,6.71,0.244
3.24765950645,0.455506599343,5.17,0.082
3.24786906202,-0.826813727387,6.61,-0.049
3.24826165054,0.446497181214,6.41,0.276
3.24956537175,-0.722292108514,6.24,1.169
3.25009206431,-1.26717705724,6.61,-0.001
3.2509095475,0.990960038432,5.82,1.622
3.25113925735,1.11356860351,6.31,0.919
3.25129723177,-0.742014726993,6.1,0.652
3.25153140757,-0.202643025812,5.95,0.043
3.25177426637,0.417590998913,6.03,1.094
3.25195456044,-1.14790048303,6.29,0.965
3.25201458624,-0.484311450178,6.09,1.272
3.25225671882,-0.614118822889,5.71,-0.066
3.25345915971,-1.50361184328,6.32,1.065
3.2543810289,0.681003317679,5.01,0.955
3.25527745661,0.276878013121,6.74,1.095
3.25678911417,0.47592052382,4.92,0.277
3.25681242137,1.25541231159,6.33,1.028
3.25734943525,-0.897982988,4.82,-0.141
3.25765128156,-1.10128690286,0.77,-0.243
3.25855423017,-0.853696225031,6.25,0.674
3.25879811832,-0.572993700454,5.56,0.007
3.25913176865,0.493377053307,4.35,1.128
3.25935127176,0.468196773452,4.98,0.088
3.26120860916,-1.11332783539,6.02,0.052
3.26149945576,-1.01781397938,6.35,1.612
3.2615016768,-1.02960037847,5.38,1.543
3.26181253195,0.721781916456,6.51,0.559
3.2619559067,0.972370475126,5.68,1.582
3.26219240939,0.452251557301,6.69,0.18
3.26246264402,0.150278852458,6.36,0.935
3.26299825579,-0.290280431557,6.3,0.868
3.26315107496,-0.0805517767039,6.23,0.43
3.26343790974,-0.151459567343,6.75,0.584
3.26393969374,-0.876689964447,3.91,-0.192
3.26510499923,0.0767344332964,6.72,0.15
3.26516849005,-1.12296210815,6.05,0.022
3.26539969794,-0.681396994897,5.45,-0.073
3.26563451933,-1.07852345093,6.21,1.253
3.26621669647,-0.984502115917,6.15,0.92
3.26654040642,0.457746793896,6.52,0.215
3.26700674121,0.452028464442,6.63,0.212
3.26774402867,0.452264577682,5.29,-0.056
3.26817264708,-1.46263251157,6.61,0.003
3.2700956556,0.420780124055,5.47,0.445
3.27127338286,0.364705900641,5.68,0.093
3.27190043482,-0.288248674273,2.94,-0.012
3.27207037462,-0.98654631537,5.78,1.572
3.27230035811,1.01937250388,5.37,0.205
3.27233861871,-0.728428881557,6,1.515
3.27252525035,-0.749263033939,6.7,1.685
3.2727056182,0.899466448529,6.21,0.536
3.27280085612,1.02569113908,6.07,0.988
3.27283988046,-0.233755157532,6.37,0.591
3.27298135937,1.20778745105,5.01,1.621
3.2737611282,-0.413580525305,5.63,1.67
3.27391316232,-1.0644744413,6.68,0.452
3.27613779852,0.9263615659,6.2,0.568
3.2768964721,0.428777962754,5.47,0.056
3.27717419919,0.690837044987,6.79,1.044
3.27757892925,-0.996813589195,1.59,1.6
3.27841307343,0.13272022921,6.05,1.523
3.27965658951,-0.540736039686,6.73,1.061
3.27967164619,-0.0881843648513,6.19,1.041
3.27978906946,-1.0371431002,5.49,0.622
3.2809379926,-1.10838596335,5.96,0.263
3.2815382958,-0.567821243327,6.46,0.172
3.28152712572,-0.282673655822,4.3,0.388
3.28185986731,-0.979645259358,6.54,1.68
3.28194030839,-1.27410878141,5.88,1.078
3.28326112891,-1.25895814589,3.84,-0.157
3.28360517379,-0.370221257952,6.41,1.11
3.28383705666,-0.241887014078,5.74,0.376
3.28486032255,-0.52437953,6.79,0.864
3.28579171527,0.179693360139,6.29,0.953
3.28646946731,-0.909017111809,6.55,-0.024
3.28720041536,-0.345445142043,6.26,0.304
3.28767835981,-0.722811888258,6.7,0.237
3.28769187663,1.21803452445,3.85,-0.116
3.28775155739,0.664430086644,6.53,1.044
3.28807090046,0.42381802345,6.28,0.114
3.28807370226,-0.223929281794,5.58,0.861
3.28841243375,0.580279801702,5.42,1.011
3.28883162351,0.721824191441,4.24,0.588
3.28898201598,-0.164969871334,5.48,-0.035
3.28903031538,0.582672383609,6.24,1.051
3.28988458887,-0.871090515277,6.38,0.428
3.29163530048,-0.408350480587,2.65,0.893
3.29218363843,0.134996233858,6.76,1.086
3.29302994393,-0.779691246523,5.76,0.683
3.2931488604,1.22211043031,4.95,1.312
3.29366059017,0.394955075277,4.8,0.012
3.29390583761,-1.18258089581,6.11,1.514
3.29477154989,0.320740285143,6.57,0.265
3.29487326871,0.320740164414,5.03,1.152
3.29490285384,0.381902193241,5.86,1.242
3.29646355425,-1.0793391142,6.22,0.731
3.29648025813,-1.07758032376,6.6,0.475
3.29672301701,-0.209807600451,6.7,0.938
3.29741905206,-0.293670964976,6.68,0.377
3.29762159233,-0.715967999912,5.12,0.224
3.29814542876,-0.210646135464,6.61,0.36
3.2985844602,-0.358272048907,6.2,0.34
3.29874801781,-0.695854135109,5.78,0.003
3.2995641903,-0.91486177024,6.56,1.63
3.30143709253,-0.686373256747,6.72,0.998
3.30206246166,-0.878518360274,6.4,0.026
3.30211601299,-0.101785828516,5.88,0.072
3.30249344072,1.22495451875,6.54,1.408
3.30291439668,0.298268669356,5.7,1.436
3.30358960165,0.153534314898,6.61,0.25
3.30383994267,-1.20664321672,2.69,-0.176
3.30610977833,-0.47366294438,5.41,0.334
3.30610585378,-0.847205573617,3.85,0.049
3.30772008639,0.0572894564584,6.33,0.0
3.30902831309,0.0323699599017,5.68,1.592
3.31055002242,-0.0763328545718,6.67,1.595
3.31064343077,-0.318524333899,6,0.31
3.31076464629,0.713397437738,6.35,0.204
3.31120690371,-1.17273992812,6.22,0.007
3.31137960138,-1.32760146182,6.77,1.68
3.31192101022,0.395482822333,6.39,1.096
3.31201401784,-0.53097081965,5.86,1.207
3.31229403018,0.367611009148,5.49,0.978
3.31282550066,-1.31546502064,6.46,0.098
3.31283616384,-0.139548922107,4.66,1.24
3.31298821015,0.627480055432,6.39,0.095
3.31401465246,-0.106474968139,6.71,1.417
3.31558284489,-0.697910085985,4.63,-0.082
3.31582611907,-1.16083834671,6.26,-0.05
3.32119326021,-0.769710888724,6.72,1.249
3.32148709021,-0.487089788416,6.64,1.603
3.32164914769,-0.227135422569,5.17,0.432
3.32216176422,-0.805392331577,5.84,1.475
3.32275024236,-0.854511252905,2.2,-0.023
3.32295648025,1.09454900999,6.02,0.051
3.32299004196,0.181972739119,6.22,0.192
3.32337177354,-0.0252963627302,2.74,0.368
3.32408137131,-0.344861211598,6.02,0.397
3.32434721984,0.178645362879,4.88,0.076
3.3246036832,-1.04171406544,4.91,-0.044
3.32464262567,0.118797878004,5.57,0.002
3.32521811498,-1.21139033506,6.31,0.75
3.32532479292,-0.955757299313,6.58,1.26
3.32614377725,0.587976641052,6.64,1.074
3.32743306974,-0.851949463908,4.66,1.075
3.32847199953,-0.976459375798,6.06,-0.023
3.32850831995,-1.1005806162,5.27,0.195
3.32951810525,1.06736344406,6.39,1.268
3.32988414916,-0.980460071177,5.99,-0.074
3.33016712378,-0.436166755876,6.8,1.651
3.33055954266,0.455995030223,6.68,0.369
3.33112509417,-0.701235757678,6.43,0.242
3.331277866,-1.02804678842,6.41,1.092
3.33198262646,-0.0275237697729,5.91,0.85
3.33268390727,-0.209687756058,6.61,1.309
3.33348200364,-0.634412392493,6.38,-0.06
3.33361763188,-0.494346302819,5.46,1.346
3.33439165655,-0.0496120439128,6.76,0.185
3.33546374515,1.40710231743,6.33,0.16
3.33555014979,0.769742624446,6.34,0.469
3.3361224064,-0.999845450144,6.64,0.077
3.33790338297,0.685546414121,5.95,0.557
3.33809214893,-1.20132322663,6.16,0.688
3.33851142167,0.793082081597,5.42,2.994
3.33913345467,-0.502062095011,6.78,0.186
3.33965181199,-0.840733356348,6.64,1.15
3.34063716106,0.133924799168,5.22,0.322
3.34070430781,-1.06432478344,4.69,1.049
3.34270426958,-0.953162811183,6.65,1.14
3.34353059218,-1.18871092479,3.04,-0.178
3.34394483006,0.166498887658,5.65,0.989
3.34395849843,-0.985915814198,4.62,-0.15
3.34512426439,0.289335296705,5.12,1.346
3.34566726209,-0.581464863671,5.87,1.326
3.34683654451,0.103853606927,6.31,-0.013
3.34743836988,0.272126052045,6.66,0.904
3.34766087138,0.208708003874,6.11,0.122
3.34804598027,1.09573785543,5.88,0.215
3.34909944256,-0.109986313023,6.27,0.538
3.34916627757,1.1657107162,5.43,1.567
3.3498170266,-1.04176544984,1.25,-0.238
3.35040763218,0.0623556574913,6.42,1.596
3.35057025252,-0.433743266626,6.43,-0.058
3.35207470084,0.236544788376,6.47,0.015
3.35294252719,-0.481665216534,5.65,0.947
3.35389737258,1.05277950191,5.83,0.467
3.35407354347,0.845905903179,6.25,0.195
3.35445506099,0.433543727808,6.29,0.703
3.35497464152,0.246485585819,5.71,0.024
3.35588841961,1.45591582338,5.92,0.015
3.35639788684,1.45582975649,5.38,0.033
3.35666507607,0.480879727813,5.76,0.051
3.35816195968,0.850674000265,6.5,1.135
3.35866475127,-1.25639724601,5.55,1.154
3.35871719771,-0.277211525439,6.63,1.488
3.36054085591,0.654794084055,5.87,0.17
3.36061775838,-1.05418808823,6.73,0.348
3.36077949239,-1.09329686015,6.61,1.4
3.36101622723,0.399041747081,6.43,1.002
3.36117684351,-0.845778583354,6.26,0.046
3.36275277012,-0.593399771199,4.9,-0.031
3.36396851914,-0.921314357903,5.7,0.127
3.36542957286,-1.05295344924,5.71,0.344
3.36578943069,-0.180435965656,6.48,1.03
3.36680478981,0.0533510118176,6.02,1.288
3.367170801,0.480676109845,4.93,0.681
3.36826250766,-0.69255416273,5.99,-0.098
3.36833296261,-0.466670927006,6.14,0.232
3.36888144656,-0.839403642496,6.31,0.04
3.36937681875,0.297996526015,6.32,1.622
3.37027422045,-0.939509523419,6.26,1.106
3.37048516628,0.281390628948,6.29,0.173
3.37315476884,-0.959101579469,5.91,1.309
3.37335276709,-0.854221986953,4.33,1.344
3.37366014671,-0.0620132613531,6.11,0.493
3.37413930295,0.370794200522,4.89,0.904
3.37444119622,-1.05293075715,5.75,0.295
3.37475311721,-0.701253598055,4.25,0.224
3.37518408567,0.340008662236,6.42,0.805
3.37562114605,-0.0737342540817,6.45,1.094
3.37640646046,-1.05376425481,5.89,0.2
3.37646391638,0.216742238743,6.25,0.282
3.37719767344,-1.05305174193,6.78,0.226
3.37733559014,0.976683126633,1.76,-0.022
3.37816443552,0.585287081632,6.25,0.207
3.37856917485,-0.203305899032,6,0.068
3.37875114939,-0.166486858546,4.77,1.59
3.37881218282,-1.01980658545,6.74,0.55
3.37940883721,-0.350776765144,6.73,1.61
3.37980390027,-0.997943032807,4.03,-0.18
3.37989571667,-0.997781526664,5.08,-0.089
3.38006284425,-1.03230467671,4.62,-0.153
3.38132278266,0.823738192262,5.75,1.451
3.38145812916,-1.48568305107,5.45,0.991
3.38147127045,-0.770597208448,5.89,0.633
3.38194831892,0.342341660597,6.66,1.175
3.38298909975,-0.749020827204,5.46,1.668
3.38365181059,1.14211682024,5.23,0.303
3.38420856095,0.0592970417366,3.39,1.571
3.38436885046,0.000965009466796,6.78,0.96
3.38441475006,0.959254584675,6.78,0.037
3.3854473956,-0.267507044694,6.18,-0.001
3.3857305218,-0.991971949089,5.34,0.01
3.38597400374,0.668721373489,5.61,0.337
3.38606271762,0.668781890317,2.89,-0.115
3.3872183989,0.94421420875,5.84,0.204
3.3878223006,1.151819413,6.63,3.269
3.38787029299,-0.0166607894,6.62,0.476
3.38812984878,-0.461819196299,6.73,0.728
3.38824481869,-1.25986961645,5.93,1.115
3.38881723693,-0.832282064099,6.75,0.448
3.39015903779,1.17360936048,6.55,1.408
3.39017381313,-0.952728946014,6.48,-0.042
3.39061937488,-0.893586794682,5.17,-0.066
3.39086912424,0.805937008346,6.11,1.012
3.39122370732,-0.210607963122,6.33,1.491
3.39220926681,-1.18613800035,6.77,0.083
3.39271146875,-0.397123481476,6.31,1.069
3.39473662936,-0.679233234774,6.72,0.107
3.39603724315,1.1331643276,6.44,1.15
3.39757248039,-0.0506781349508,6.67,1.406
3.39810592111,1.31724376614,6,1.03
3.398697342,0.303852145621,4.76,1.568
3.39886399043,-0.376061812009,6.62,1.289
3.4019024923,-0.0665306562927,5.79,0.203
3.40237577649,0.166260057238,6.74,1.05
3.40304256264,1.16234166695,5.37,1.282
3.40458997613,0.537299980353,4.88,1.165
3.40525723139,0.554651832705,6.65,0.916
3.40576755677,-0.584777225266,6.01,0.386
3.40583110554,-0.576854459061,6.58,0.298
3.40600618945,-0.0587912015445,5.99,1.119
3.40620777199,0.320669507304,6.2,0.466
3.40656627776,0.983778181265,4.93,0.368
3.40845457521,0.298855286888,5.97,0.971
3.41112190912,-0.691432216475,6.65,1.041
3.41117707664,1.11020786501,6.01,0.427
3.41288954305,0.191273256727,2.85,0.934
3.41327723638,-1.24876309757,3.61,1.19
3.41376638635,-0.493689158995,6.68,1.52
3.41505948685,1.04224615239,6.5,0.055
3.41687135373,-1.24748680539,5.93,0.002
3.41890515902,-0.864413817814,4.83,0.029
3.41983519632,-0.359249795955,5.58,0.554
3.42036550557,0.750624162166,6.8,1.669
3.42043951027,-0.0639339070005,6.62,0.296
3.42435332408,-0.719011453829,6.24,1.649
3.4244647733,1.27452626294,6.43,0.218
3.42535912251,-1.12471785582,6.64,0.006
3.42569381214,-0.822345208018,6.44,0.414
3.42744825379,-0.909589858785,6.43,1.69
3.42844049102,0.624808648578,5.2,-0.059
3.42900989662,0.790085238834,5.64,1.135
3.43031768553,0.506655621818,6.51,0.09
3.43078738024,-0.845843962743,4.71,-0.148
3.43111679339,0.369196422717,6,0.393
3.43121560585,0.394726923191,5.53,1.461
3.43123527771,1.08283487862,6.15,0.997
3.43212256956,-0.725855254925,5.59,1.05
3.43232487141,-0.551731367561,6.75,1.019
3.43351710626,-0.625910554495,5.63,0.05
3.43354606887,-0.871028309295,4.27,-0.182
3.43471540735,0.48214268345,4.8,1.482
3.43570267628,-1.04476298491,5.98,0.435
3.43672047793,-0.933048901392,5.7,-0.061
3.43783588242,0.480942186976,6.2,1.363
3.43784863401,-0.187455482911,5.15,1.138
3.43881900605,-1.1398051176,5.44,-0.033
3.43978933394,-1.36914151398,6.43,0.008
3.44032278345,-1.18327672585,6.34,1.71
3.44065968093,-0.156807101017,5.57,1.178
3.44116126695,-0.40328457893,6.69,1.12
3.44200911844,0.0908835014948,6.78,0.667
3.44289984285,-0.403486432606,4.94,1.048
3.44356629235,0.174925070636,5.79,1.025
3.44369744935,-0.166471216214,6.32,1.017
3.44547349178,0.653157112588,6.01,1.169
3.44571869886,0.672543175315,6.25,-0.098
3.44574441352,-0.288244554632,6.75,0.168
3.44595476953,-0.180280758099,5.95,1.49
3.44614164002,0.294063744138,5.91,1.45
3.44631225666,1.08610307412,6.52,-0.009
3.44680648786,-0.0966739544153,4.38,-0.008
3.44697358227,0.305946293605,4.32,0.455
3.44725995543,0.671933981015,5.91,0.294
3.45065089478,-0.923411133444,6.67,1.107
3.45127553377,-0.917465428491,6.05,-0.079
3.45203554857,-0.737103004193,5.78,0.521
3.45307870377,-0.756924042001,5.24,1.049
3.45360048352,-0.613132544638,6.63,1.139
3.45401206764,-0.993249000278,6.79,1.684
3.45423948346,-0.463414967247,6.49,0.193
3.45512664459,-1.22071847455,5.92,0.415
3.45520321575,0.486566084191,4.23,0.572
3.45524809647,-1.10484563105,6.32,0.426
3.45542889699,-1.06669868933,6.74,0.469
3.45590065235,0.559993613045,6.71,0.48
3.45598780144,-0.65978719678,4.85,0.693
3.45600940065,-0.28271892964,5.04,0.46
3.45636354416,0.423382448218,6.31,1.006
3.4570327403,-1.04581139067,4.58,-0.073
3.45760280005,1.40448929709,6.25,0.955
3.45814606409,0.201691924184,5.76,1.499
3.45836341823,0.327280234719,6.51,0.859
3.45897193183,-0.556294882939,6.68,0.591
3.45929937268,-1.15587478599,5.91,0.048
3.45935357654,0.743975741025,6.79,0.947
3.45944935611,-0.745250711323,6.19,1.057
3.45980339213,-1.04399669782,6.18,0.592
3.46101781175,0.326847945483,6.1,1.201
3.4618142425,-0.884878943007,5.9,-0.011
3.46206682028,-0.328582775302,6.26,0.088
3.46216398908,1.17439642739,6.52,1.146
3.46243927898,1.2705839401,6.57,0.088
3.46272911954,0.643809755605,6.5,1.616
3.46323872304,0.700800051529,4.94,1.061
3.46336004539,0.567763242145,6.68,0.797
3.46430152365,0.0254197981977,6.55,1.383
3.464312197,-0.75291944631,6.16,1.366
3.4652711967,-0.347860640607,5.31,0.862
3.46535976611,-1.02422791006,5.91,1.084
3.46558993282,-1.03154605132,4.9,0.489
3.46574040324,-1.36916635981,5.84,1.04
3.46594026609,-0.747911756395,6.72,1.083
3.46648096466,-0.423840182204,6.66,0.4
3.4667535137,0.197774711737,5.64,1.514
3.46762740797,-0.854461233576,5.84,1.061
3.46946718358,0.618646006342,6.8,0.182
3.46953013989,-0.634800849693,6.17,0.968
3.46958590086,0.330197173306,6.55,1.47
3.46993098681,-1.18498412294,4.79,-0.078
3.47071138815,-1.2161329178,6.37,1.21
3.47116716643,0.713057744451,5.77,0.198
3.47225469747,0.138805793612,6.75,1.163
3.47311503044,-0.34807280883,5.21,1.011
3.47424440181,0.332515488099,6.46,0.972
3.47505840783,-0.0242695039055,6.69,0.314
3.47528850686,1.19394484377,6.2,-0.052
3.47555152731,0.345318440122,6.43,0.274
3.4758747117,0.329924434796,6.72,1.003
3.47647684257,-1.13687708232,6.06,0.431
3.47658810769,0.164482559722,5.19,0.585
3.47691660668,0.297005861855,6.49,0.926
3.47706902777,-0.549886862092,5.1,0.959
3.47851581223,-1.16559087795,4.86,1.48
3.47858086704,-0.767586720256,5.82,0.187
3.47870503419,0.238686885566,5.33,1.304
3.47916679041,-0.20042535354,6.61,0.264
3.47973951642,-0.0117995532435,6.36,0.26
3.4798780635,-0.27136503506,6.68,1.051
3.47993663693,0.708125587671,4.72,0.306
3.48020708226,0.095467229212,4.78,1.638
3.48081539454,-0.830600959569,6.63,-0.005
3.48160020901,-1.19547494209,6.68,0.058
3.48230353888,-0.768911424883,6.8,-0.018
3.48298784968,0.86711556682,5.14,-0.049
3.48337692347,-1.10739649785,6.78,0.748
3.48363482668,-0.4944957418,6.8,0.981
3.48370248056,-0.319590662821,4.74,0.709
3.48394803497,0.595127667016,5.81,1.366
3.48446808657,-0.89510564354,6.18,-0.001
3.48544624475,-1.39584481645,6.34,-0.027
3.48564969498,0.0643613528021,6.62,0.056
3.48595289403,-0.404419182087,2.99,0.92
3.48660463064,0.613098876068,6.01,0.277
3.48767618374,-1.25725844445,6.04,1.341
3.49053920809,-0.718912708523,6.73,0.519
3.49203744484,0.700759256434,5.6,1.204
3.49211189405,-0.197294321559,6.73,1.0
3.49320708522,-1.04323182197,6.2,0.41
3.49326680455,-0.640750421217,2.75,0.068
3.49341004825,-0.920623217253,5.47,-0.125
3.49368148458,0.05135264061,6.26,0.102
3.49417394598,-0.973905733467,6,0.236
3.49437039442,0.767773577401,6.51,0.424
3.49485599532,-0.818210485942,5.76,1.106
3.49690629921,-0.761562635677,6.67,-0.024
3.49718691739,-0.340152343476,6.21,0.098
3.49805018485,0.0364292661293,5.69,0.045
3.49967136034,0.766258512155,6.34,0.255
3.50008978109,0.0899676089264,5.89,0.109
3.50048165873,0.528694058042,6.8,1.357
3.50056958338,-0.910764400721,5.81,0.072
3.50163577488,-0.108247968836,6.63,0.692
3.50214560305,-1.06444826138,4.52,-0.141
3.50320366522,-0.836767058695,6.18,0.181
3.50321108687,-1.25919766083,6.06,0.049
3.50382963255,-0.309538919216,5.36,0.987
3.50393773669,-0.84758060172,6.37,-0.077
3.5041479768,0.82033954883,6.64,1.552
3.50437630166,-0.579272654617,6.17,1.653
3.50512246679,-0.0859474709813,5.88,1.431
3.50754023297,-0.869572090147,6.48,0.959
3.50758006355,-0.835847614632,6.77,1.034
3.50767018862,0.646363845428,6.1,1.637
3.50778385472,0.958628404309,2.23,0.057
3.50789969287,-0.365202932182,6.44,1.101
3.50814526746,-1.12635988815,4.52,0.822
3.51000135651,-0.905392415303,6.68,1.333
3.51033207498,0.216976405951,6.44,1.062
3.5105282311,-0.0901289803442,5.76,0.415
3.51296082691,0.416338144085,5.75,0.09
3.51300578463,-1.30703899799,5.04,1.11
3.5133172181,-0.194801818025,0.98,-0.235
3.51345583039,0.959720908385,3.99,0.169
3.51349654941,-1.12547808409,5.32,0.411
3.51613786362,-1.23267801946,5.65,-0.018
3.51684849017,1.1041175313,6.5,0.739
3.51729360851,-0.294236126287,6.56,1.16
3.51740109991,-0.693857516882,5.11,1.181
3.51742286357,1.26346960315,5.82,1.652
3.5176684868,-0.0208125454098,5.97,0.183
3.51804522485,0.803341109424,5.88,0.985
3.51805291018,-0.851486597337,6.7,0.032
3.51997781433,-0.221790579178,5.27,1.477
3.52091947009,-0.724269090337,5.69,1.477
3.52099361418,1.37259445251,5.74,0.769
3.52154088512,1.12984807853,6.64,0.383
3.52166653589,-0.857719527286,6.31,0.003
3.52226815499,-0.700970733396,6.4,0.974
3.5225510745,-1.30361705096,6.62,-0.056
3.52270407734,-0.861866123749,6.27,-0.123
3.5231773891,-0.278791532278,4.76,1.096
3.52554096207,0.920584182432,6.34,0.259
3.52570188328,-0.460805933745,6.49,1.608
3.52744229008,0.24048520433,4.97,0.714
3.52747327172,0.710866420236,6.49,0.927
3.52753822145,1.04625135026,5.4,-0.01
3.52889701501,0.88520601647,6.42,0.404
3.5289693757,-1.21522305304,6.17,-0.014
3.52955938183,-1.08388920509,6.64,1.076
3.53050644676,-1.12880555777,6.09,0.117
3.5308738693,0.188815124199,5.65,1.052
3.53101313689,-0.0238137544264,6.42,1.122
3.53109698723,-0.79478406805,6.61,-0.042
3.53176497337,-0.893000048461,5.04,0.059
3.53303970676,-0.406335880943,6.4,1.317
3.53335247484,0.0191174182475,6.59,0.284
3.5341201212,0.104955950031,6.51,0.956
3.53429760708,0.12529462544,6.18,1.471
3.53613065353,-1.02388615891,6.75,1.003
3.53616243202,-0.112927420371,6.1,0.341
3.53884844411,-0.687787258238,3.9,1.186
3.5398030602,0.734891011643,6.07,1.075
3.54029188157,-0.741149726974,6.56,0.962
3.54106754684,-0.490659881067,6.48,0.09
3.54108504701,-1.0748149673,6.66,0.777
3.54285779761,-1.14008131981,6.62,0.29
3.54286460268,-0.10918458808,4.68,1.606
3.54322272766,-0.32688061637,6.01,0.196
3.54341168095,-0.670186260917,6.14,1.031
3.5438083452,-1.39034282328,6.69,1.385
3.54552538442,-0.516011182024,6.45,0.438
3.54562955384,-0.500783277902,5.69,0.037
3.54652438701,0.424930819798,6.11,0.969
3.54672668483,0.609244468401,6.78,0.236
3.54677399181,-0.268135135546,5.52,1.228
3.54724158082,-0.177412716309,5.21,0.964
3.54805041735,0.102155474865,6.64,0.935
3.54843192703,-1.35384122326,6.52,0.455
3.54902436666,0.587437008713,6.68,1.186
3.54952230069,-0.7578702722,6.65,0.469
3.5499924458,-1.14550653798,6.36,-0.014
3.55085533497,-0.697183461998,6.69,0.156
3.5522769213,0.966012401323,5.6,-0.014
3.55232177387,0.0638610146186,4.92,0.029
3.55333490551,0.677000390688,6.37,0.241
3.55373023421,0.855490106917,4.68,0.132
3.55385178493,-0.842508164313,6.32,-0.052
3.55468666663,-0.230633456523,5.92,0.02
3.55476968115,-0.0103990230267,3.38,0.114
3.55485751402,1.33599212675,6.46,1.573
3.5549144231,-0.581384078782,6.46,1.25
3.55522082308,0.648955561848,4.91,0.404
3.55623271058,0.218409771445,6.56,1.047
3.55691892417,-1.09311241683,6.7,0.944
3.55699881784,-0.562212284336,6.77,0.368
3.55838426423,-0.0941813031302,5.7,0.95
3.55853899694,0.178110179493,6.48,1.043
3.56337299572,0.863704946894,6.48,1.175
3.5639854414,-0.462476896777,6.72,0.24
3.56399543156,-0.462428440441,5.73,0.22
3.56414939572,-0.601577270046,6.48,1.026
3.56476841617,0.429583080128,5.72,1.593
3.56503566743,1.17000446058,6.7,0.989
3.5652729364,-0.77044424235,5.96,0.936
3.56563734596,1.24341185962,5.5,1.219
3.56572862057,-1.07672600522,5.63,0.493
3.56576098794,0.917921956136,6.73,1.497
3.56654257515,-0.810319354467,5.91,-0.11
3.56684514732,0.633465473413,4.82,0.239
3.56795710776,0.885140906989,6.51,1.555
3.56803453644,0.0415792277686,6.66,1.185
3.56824988041,-0.0564791169521,6.68,1.231
3.56975295006,-1.01952790962,6.41,1.113
3.56977191369,0.24961569453,6.49,0.274
3.56985496191,-0.878771830899,6.64,-0.076
3.57225812802,-0.515934464644,5.81,0.431
3.5725284615,-1.22949421293,6.11,1.415
3.57275857743,-1.00570613635,6,1.138
3.57372783851,0.318790019819,6.46,1.217
3.57443640587,-1.3209312914,6.32,-0.003
3.57457281802,0.183428317263,6.64,1.463
3.57464627747,0.904154084559,6.49,1.378
3.5757796776,0.923649328707,5.46,0.113
3.57607913774,0.187557771404,5.57,0.348
3.57653201744,-0.693726258279,6.29,1.597
3.57709288439,-0.699034183317,5.61,1.301
3.57743511865,-0.933164608567,2.29,-0.171
3.57781726407,-0.287046220396,6.71,1.488
3.57791328733,-0.871791185451,5.74,1.496
3.57796709962,-1.23547995764,6.59,1.291
3.57856082227,-0.481323218691,6.8,1.433
3.57870755748,-1.12707347049,5.79,0.401
3.57905836674,0.541262138781,6.21,0.963
3.57948184694,0.998461085859,6.28,0.111
3.5796175458,0.88173008949,6.31,0.537
3.58066347415,-0.773708539848,6.57,0.053
3.58076711915,0.489829526546,6.22,1.311
3.58086809911,0.348293008444,5.73,0.017
3.58090003286,1.34117705485,6.69,0.219
3.58114519206,0.954374549671,4.63,1.63
3.58200642478,-1.49724890712,5.56,0.183
3.5824590618,0.392625213171,5.63,1.009
3.58327387133,-0.803345508594,6.7,1.024
3.58445896901,1.13136450325,5.85,0.073
3.58453229315,-0.409276395578,6.6,0.057
3.5849628001,-0.151895729274,5.03,1.623
3.58554545531,-0.952241605713,4.99,-0.055
3.58560200675,-0.586384869041,6.58,1.584
3.58673188725,-1.02602807033,5.38,-0.029
3.58711549492,1.13923024503,6.6,0.135
3.58757973473,0.146405096568,6.16,0.418
3.58816212187,-0.593070908465,6.66,0.424
3.5883215149,1.44430197567,5.92,0.993
3.58874769808,0.727353431053,6.3,0.879
3.58951296544,1.36248145304,5.91,1.0
3.5898098269,0.610673621633,5.98,0.857
3.59062486357,-0.886456849679,6.43,1.671
3.59065368725,-0.722584517945,5.96,1.019
3.59073230323,-0.990788005925,6,-0.096
3.59128491684,0.0617480473432,5.35,1.091
3.59289511314,0.794478600884,6.69,1.16
3.59393021574,-0.734216756835,5.96,-0.075
3.5942991957,0.396197122719,6.12,1.447
3.59495913683,-0.0959745072905,6.51,0.053
3.59499894024,0.908695435381,6.02,0.017
3.59518641218,-1.03386303812,6.51,-0.027
3.59654261842,-0.890335284909,6.44,-0.106
3.59754730436,-0.282378082831,5.55,0.805
3.59869936484,-0.445075246478,6.21,1.374
3.60069894141,0.975278623608,6.47,0.486
3.60071865426,0.180210573955,6.42,1.226
3.60173157407,-0.851575143963,6.76,0.54
3.60229188316,-0.275194211079,6.18,0.046
3.60242472137,-0.455810351969,5.81,0.023
3.60274479477,-0.576721733706,4.23,0.39
3.60383724636,-0.21688382363,5.5,0.898
3.60509152477,0.717133903432,5.88,0.211
3.60510542633,0.539254573145,6.51,0.491
3.60516104197,-0.954404818082,6.42,0.116
3.60541403359,-1.08998596657,6.58,0.118
3.60549170745,0.67201503919,5.92,0.948
3.60669846994,0.95002947368,5.68,-0.039
3.60676602204,-1.09797991324,6.6,0.194
3.60696829121,-0.897671103945,4.64,0.955
3.607255529,0.448588645636,5.97,0.523
3.60820304865,-0.632715583844,5.15,-0.007
3.60825907947,0.110834953093,6.33,0.63
3.60845342792,0.672696966884,5.51,1.036
3.60925852211,-1.09239659326,6.4,
3.60942750355,-0.336076799601,6.73,0.323
3.6094429837,-0.169461962596,6.04,1.418
3.60961406383,0.30468048738,4.5,0.508
3.61031463878,-0.311712993754,5.41,1.623
3.61047674788,-0.877015566796,5.92,0.279
3.61082990128,0.860678838926,1.85,-0.099
3.61127437843,-0.878261588405,5.46,1.351
3.6132027699,0.733866769597,6.59,1.094
3.61413953757,-0.119334817184,6.57,0.931
3.61564853253,0.544371793824,5.61,1.032
3.61565803116,-0.0495756400644,6.71,1.446
3.61587498226,-0.647995655679,6.73,0.434
3.61684129239,-0.623155490991,6.56,0.561
3.61913846928,-0.601279467757,4.19,1.52
3.61927786368,0.275725455088,4.05,1.52
3.61932650977,0.11072066583,6.76,0.083
3.61939705562,-0.727587782544,3.41,-0.225
3.61981758963,0.227072585438,6.66,0.491
3.61988514425,-0.741306463335,3.47,-0.17
3.62030971766,0.37112865316,4.92,1.432
3.62040591232,0.146758406361,6.6,0.131
3.62046284649,0.63936337729,6.43,0.256
3.62050117554,1.07319096572,5.97,0.974
3.62099725188,-0.316500934703,4.96,1.059
3.62100545766,0.230242920667,6.65,0.218
3.62166882598,1.37873488012,6.59,1.136
3.62203180667,-0.507564805626,6.19,-0.009
3.62296873522,-0.696401300124,6.43,0.992
3.62335289003,0.095944650119,6,0.899
3.62357658443,1.02170627869,6.45,0.094
3.62407404948,-0.347283779026,6.54,0.51
3.62587024184,1.19232691906,6.39,1.179
3.62595376938,1.4096660825,6.67,1.119
3.62625083627,0.606894892328,6.66,0.116
3.62659160821,0.605007899588,5.89,1.635
3.62740222725,-0.425692219679,6.43,0.703
3.62780781151,1.12963419298,4.58,1.572
3.62857672594,-0.635880677229,6.34,0.484
3.62935553541,-0.818536141106,5.77,-0.153
3.62937042414,-1.21128046077,5.73,1.704
3.62937418379,0.601165402158,4.76,1.611
3.62952884687,-0.575855494575,4.32,-0.146
3.62968825779,0.176905270674,6.57,1.512
3.63035601701,-0.551859273396,6.11,0.478
3.63063950118,-0.921735079371,5.26,-0.084
3.63162333028,0.21232166409,6.1,0.042
3.63266058936,0.291976287152,6.65,1.52
3.63526179633,0.704030511092,6.48,1.55
3.63539662252,0.500004216853,5.91,0.202
3.63556012604,-0.557241956604,4.75,-0.111
3.63558857819,0.312987594711,5.71,0.845
3.63611700995,0.913208477333,6.76,1.48
3.63703141792,-0.622458557144,5.53,0.444
3.63778256353,-0.931540215401,5.87,0.009
3.63835884775,0.93774231414,5.7,-0.032
3.63843699602,-0.616351879151,6.17,1.009
3.6388109403,-0.822541631411,5.83,-0.053
3.64018067198,-0.501663243676,6.77,1.188
3.64022253606,-0.498633411616,6.05,1.129
3.64056585309,-0.299849701676,6.59,1.387
3.64076709007,-0.949670580658,6.77,0.931
3.64131700182,-0.388249100617,6.61,1.05
3.64199895243,0.321100735969,2.68,0.58
3.64207648865,-0.0262344752968,5.16,1.093
3.64258411148,-1.18075188693,5.74,1.49
3.64324412571,-0.140653500799,6.19,0.53
3.6442585577,-0.910378080722,5.66,-0.072
3.64573111405,-0.825337842349,2.55,-0.176
3.64620910492,-1.44279719714,5.95,1.411
3.64658288005,-0.732949906711,6.64,1.551
3.64660664502,-0.546025853837,6.53,0.894
3.64686231194,-0.166851916735,6.69,1.55
3.64701082073,0.245332258275,6.16,0.518
3.64776610409,-0.0639130635675,6.78,1.375
3.64843073072,0.452366840774,6.78,0.402
3.64849966003,0.559074310792,6.31,0.401
3.64917893642,-0.813200355058,5.82,1.14
3.6491908816,-0.94478895579,6.14,0.071
3.64967080799,-0.90819246956,6.73,0.291
3.64976540339,0.0183361050493,5.9,0.217
3.65013516558,-0.954776514797,6,0.78
3.65022369885,0.479827353964,5.02,1.441
3.65256063608,0.365714751053,6.68,1.569
3.65365799977,-1.09063785932,6.65,0.79
3.65411783156,-0.40182069327,6.14,1.426
3.65443423995,1.07325289734,6.49,1.04
3.65493130406,-1.11154252969,4.71,1.075
3.65638286228,-0.453752078226,6.42,1.274
3.65764802647,-0.734796763788,3.83,-0.224
3.65872999333,-0.435847960517,5.2,-0.086
3.65873847388,-1.14843824991,6.2,1.043
3.65929535315,0.378670451916,5.76,-0.002
3.65936700183,0.255678078845,6.01,1.43
3.65942856748,-0.781970058116,3.87,-0.208
3.66209879473,-0.879116175858,5.92,0.957
3.66441180694,-0.0619554873134,6.36,0.486
3.66520108535,-0.436513876417,5.77,0.48
3.66553140171,-0.142447489646,6.56,1.05
3.66645911695,-1.07304636907,6.49,0.333
3.66656423529,-0.805072350525,6.57,0.24
3.66689543759,0.681200909973,6.63,1.297
3.66758002504,-1.37165393006,6.09,0.007
3.66781681931,-0.458435418066,6.73,0.473
3.6690127319,-1.15661067459,5.96,0.352
3.67017941079,-0.771395684764,6.7,0.166
3.6703173487,0.477986231579,6.23,0.193
3.67094111409,-0.702005339971,6.12,1.265
3.6710403842,0.155245401519,5.98,0.089
3.67223176999,0.308371597102,6.36,1.215
3.67237587555,0.0269571656706,4.23,0.121
3.67271773502,-0.7959298413,4.34,0.598
3.67324067525,1.19866899723,6.34,1.412
3.67480395291,0.79854847339,6.28,1.353
3.6755749594,-0.478739849775,5.47,1.331
3.67623409036,0.169054260274,6.18,0.853
3.67826428921,0.889625895899,6.16,0.026
3.67840652259,-0.552990738353,6.18,0.48
3.67857762487,-0.303111548729,6.32,1.38
3.68021116681,-0.981109501722,5.93,1.207
3.68027939859,-0.722973750374,6.08,-0.112
3.68063399283,0.188264808259,6.27,0.733
3.68095511821,0.131705518599,6.25,0.927
3.68187566038,-1.05370831408,0.61,-0.231
3.68214221643,-0.391330779988,6.3,0.452
3.68233612306,0.0855381183417,6.24,0.406
3.68242157271,0.196916139931,6.7,1.168
3.68370353141,-0.0939234310523,6.39,1.321
3.68420613795,-0.161577012124,6.65,0.029
3.68434590635,1.12357054822,3.67,-0.049
3.68460685238,-0.261305596662,6.35,1.081
3.68536649421,0.0400994881791,6.28,1.022
3.68802711023,-0.285116737484,6.56,0.104
3.68846613796,-1.34035617881,5.69,1.239
3.69038960395,-0.954160373803,6.2,0.225
3.69157293107,-0.71872017757,4.36,-0.198
3.69216461378,-0.752092083684,6.18,0.986
3.69266377506,-0.155187997242,6.54,0.018
3.69299263323,-0.465695052753,3.25,1.091
3.69320095371,-1.04223916263,6.39,0.079
3.69352376414,0.296186387992,6.54,1.606
3.6943545481,-0.634775452665,2.06,1.011
3.69439986472,-0.247922050524,6.57,1.573
3.69448564573,-0.162551505194,5.46,0.347
3.69547661862,1.30190708445,6.43,0.16
3.69608939815,-1.10733009847,6.78,1.103
3.69870300577,-0.85004561134,6.43,0.001
3.69875535754,-0.870353939809,6.45,0.66
3.6997891846,0.765404585545,5.13,1.493
3.69984301857,0.841437109392,6.8,0.372
3.70113678621,-1.10318684523,6.39,1.013
3.70125147217,0.42437769423,6.57,1.499
3.70135764924,0.86320785715,5.26,1.637
3.7021026415,-1.30638392003,6.02,0.581
3.70345161956,1.03563733934,6.47,1.023
3.70380620109,1.35345944844,4.8,1.368
3.70387163539,-0.758708216826,6.19,-0.056
3.70418929731,-1.03457378786,6.34,0.031
3.70450452429,-0.180371858187,6.45,1.003
3.70650406322,0.0488269095513,6.8,1.02
3.70700975425,-0.898926106361,5.96,-0.053
3.70845177514,-0.932685552815,4.74,0.938
3.7094668867,1.20189278098,6.54,1.24
3.70977277451,-0.534436462039,6.77,0.111
3.71056525846,0.437932375759,4.82,0.541
3.71107233414,-1.22706183674,6.07,1.718
3.71249607905,-0.284524098118,4.93,1.684
3.71259565432,-0.559826609123,6.64,1.189
3.71328595275,1.02187265995,6.73,0.979
3.71332717449,-1.21683164448,6.07,0.19
3.71336914284,-0.851414158736,6.61,0.917
3.71428779567,0.563669656126,6.14,1.258
3.71545713982,0.0237783434508,6.42,0.479
3.71784497196,1.21182657488,5.18,1.595
3.71870062505,0.0420525328068,4.99,-0.118
3.71933776218,-0.425220714439,6.35,1.351
3.72089835286,-0.475797458801,5.07,1.13
3.72145979707,-0.17930992252,4.18,1.323
3.72155848488,-0.712678737312,6.75,-0.012
3.72287858687,-0.464472419643,6.23,1.071
3.72310823195,-0.93664271385,5.53,1.438
3.72393525456,0.903868800648,6.62,0.394
3.72402252424,0.903905406608,4.53,0.233
3.72439559903,-1.47558209673,6.78,0.982
3.72481133415,-0.953397049996,6.09,0.051
3.724880954,-0.0147561043643,5.89,0.489
3.72551145035,0.209400146996,6.59,1.006
3.72665490917,0.226184965803,5.53,0.537
3.72782759993,-0.103807248436,6.36,0.593
3.72799069783,0.724639013748,6.23,1.071
3.7288674362,0.2439176293,6.45,1.348
3.72916213142,-1.14670581902,6.72,-0.024
3.72925672536,0.381762715416,6.38,0.194
3.72938222427,-0.730202036456,5.61,0.929
3.72997582052,0.176288905773,5.29,1.007
3.73013358279,0.0582220508027,6.41,1.6
3.73043400616,-0.996340860572,5.03,-0.074
3.73073260487,-0.511065627714,6.1,0.04
3.73075501561,0.413399806608,6.78,0.335
3.73075822386,-1.07698639914,6.68,0.233
3.73187773181,0.91692487216,6.56,0.096
3.7321914253,-0.93392464435,6.4,1.576
3.73239289053,-0.317661962723,5.53,0.001
3.73345227455,-0.785411350157,6.31,0.596
3.73352902854,0.334796218059,-0.05,1.239
3.73499630816,0.989412308824,6.68,0.58
3.73506784984,-0.104729295115,4.07,0.511
3.73517894384,0.795281396985,6.5,1.041
3.73573050667,0.896527312303,4.75,0.236
3.73633794129,-0.580170512798,6.57,0.294
3.73655952874,-0.115567737998,6.44,0.275
3.73668207542,0.804392674395,4.18,0.087
3.73677165834,0.693676058676,6.38,0.376
3.73719828077,-0.05578604581,6.15,-0.007
3.73739339026,0.351192505316,6.25,0.504
3.73747230076,0.562143211556,6.73,0.938
3.73782052611,-1.16217798429,5.72,-0.095
3.73854872981,-0.155063302744,6.47,1.212
3.73901607141,-1.35549637575,6.48,1.375
3.73964349844,-0.324381650795,6.22,0.985
3.74090582486,0.895482580934,6.19,0.07
3.74101391471,-0.157476832534,6.62,1.267
3.74122355883,-0.973285493753,6.62,0.201
3.74143697332,0.266396230916,5.84,1.678
3.74294603695,0.837793009752,6.32,0.466
3.74371807371,0.619757782533,4.8,1.057
3.74378397816,-0.131639501557,6.47,0.723
3.7447463567,-1.41385213692,4.89,0.243
3.74545935265,-0.57980798306,6.54,0.284
3.74651343817,-0.326655256438,5.86,0.013
3.7477975943,0.957553128875,6.47,0.183
3.74816133151,-0.450564177602,5.87,0.518
3.74846472999,-1.03635969917,6.66,1.017
3.74857393675,-0.233369630241,4.52,0.128
3.74861520622,-0.473702380464,6.35,1.591
3.74927837983,0.226967832189,5.41,0.385
3.74983163712,-0.645822552935,5.93,0.082
3.74985627458,-0.803865370776,3.55,-0.184
3.75045656358,-0.0395407518114,5.14,1.023
3.7510725963,0.00670788455295,6.18,0.201
3.75138440843,0.284609928422,4.84,1.228
3.75156585949,0.677083933152,6.33,0.053
3.75184756708,-1.06941509864,5.22,0.281
3.7519634427,-0.117742825171,6.42,0.915
3.75226758139,-1.29099286712,6.58,-0.046
3.75308813579,0.531088473626,6.45,0.156
3.75316359733,-0.751518588054,5.55,0.907
3.75387940791,-0.984130033128,4.3,0.082
3.75455836052,0.00317389139177,6.79,1.219
3.75488983183,-0.661223131177,4.05,-0.03
3.7555538558,-0.788662980624,4.78,0.31
3.75573649514,0.45510388737,6.79,0.922
3.76129958404,-0.494075512685,6.8,0.964
3.76220297575,0.512601805323,6.5,1.44
3.76261876617,-0.607144060999,5.57,-0.088
3.76287100303,-1.39816485441,5.06,-0.108
3.76371049493,-0.362288616419,6.8,1.032
3.76388212293,-1.02030406657,4.76,0.795
3.76400005102,-0.843340592502,6.1,-0.13
3.76455813351,-0.0111200486261,6.74,0.058
3.76571097732,-0.689611334206,4.41,-0.185
3.76596892816,-0.484398983584,4.78,1.3
3.76604467081,0.442234545472,6.22,0.411
3.76665939092,0.0216694657268,6.25,0.639
3.76666449529,-0.827582072322,6.41,1.257
3.76702100082,-0.886142960584,6.03,1.36
3.76719836453,0.147421279453,4.86,0.01
3.76741144699,-0.204448611427,6.22,0.99
3.76788108635,-1.16317503926,6.78,0.118
3.768595307,0.712869864575,6.72,0.593
3.76908245018,-0.928100346305,5.99,1.099
3.76974440257,-0.281031358319,6.69,0.091
3.76997492984,0.143884410528,5.94,0.066
3.77005526298,0.478450199074,6.39,1.609
3.77033027017,0.1962965224,6.76,0.575
3.77073620296,0.101580441314,5.1,0.124
3.7709737385,-0.577474983591,6.8,0.953
3.77123973949,0.141102800466,6.19,1.208
3.77152300258,-1.44597473936,6.42,-0.001
3.77287979599,-0.773375182542,6.43,1.047
3.77288210977,-0.203674737749,6.49,0.417
3.77344761171,-0.432951792521,5.34,0.962
3.77434898443,-0.653574123385,6.7,0.114
3.77473515833,-1.1902330952,5.56,0.435
3.77513855905,0.904966193973,4.04,0.497
3.77555398078,-0.233056657888,6.49,1.223
3.77639444341,0.670085187544,6.28,1.225
3.77644827793,-0.348541982778,6.63,0.136
3.77716715367,-1.15493535989,6.36,0.128
3.77774840062,-0.468660025557,6.48,0.941
3.77923612089,-0.789262740745,4.56,-0.147
3.77942391081,-0.792017783375,4.33,0.434
3.77961717992,-0.738598849419,6.33,1.215
3.7806279991,0.335572705646,5.4,0.231
3.78226502242,-0.695932386779,6.36,-0.088
3.78268734247,-1.46028005966,4.31,1.3
3.78351765206,-1.14880444917,5.87,1.502
3.78382172263,-1.16183121504,6.57,0.102
3.78388911892,-0.805194630792,5.83,0.311
3.78422049016,-1.37218267953,6.72,1.129
3.78477470852,-0.106819943642,6.18,0.093
3.78500043761,0.716019773279,6.64,0.369
3.78529389949,1.32114430508,4.25,1.431
3.78629415546,-0.233164589689,6.65,0.425
3.78812287698,-0.514726177049,4.97,-0.074
3.78824718016,-0.0388851878699,4.81,0.693
3.78856024961,0.631757313958,6.22,1.174
3.78968838179,-0.17460775396,6.61,1.408
3.79012139147,0.869956772353,5.58,0.864
3.79039861725,-0.120437077786,5.42,1.49
3.79052790087,-1.03319212849,6.46,0.111
3.79071177587,0.451235377914,6.67,1.551
3.79086626319,-0.0910833076998,6.6,1.114
3.79113975325,-0.837619909487,6.4,-0.112
3.79282019741,0.772520092491,6.52,1.017
3.79440225536,0.729476261309,6.36,0.702
3.79442273272,-1.33917512225,6.06,1.18
3.79534010006,0.554860906373,6.06,-0.013
3.79540162101,0.0144675399779,5.96,0.159
3.79671929987,-0.791006873733,5.51,-0.087
3.79761559694,-0.864269906158,5.38,0.056
3.79939191536,0.0832921012508,6.01,1.421
3.79945059321,1.10280003385,6.1,0.428
3.80020862728,-0.712881854472,6.39,1.441
3.80124269132,-0.67840439045,5.99,1.06
3.80127567606,-0.704876050051,6.75,0.963
3.80164760295,-1.18188804437,5.84,1.006
3.80194099529,0.757164659932,6.73,0.095
3.80356985139,1.05113563485,6.26,0.243
3.80407594321,0.530081575876,3.57,1.298
3.80515885823,0.668605137507,3.04,0.191
3.80628899991,0.465606448527,6,0.23
3.80706727995,0.966877669287,5.74,1.529
3.80718473257,0.388511317968,5.91,0.391
3.80722393675,-0.992877934584,6.71,0.694
3.80751329545,-0.880643526955,4.44,-0.177
3.80988264624,-0.536079075273,6.07,1.03
3.81065513348,0.645056641164,6.39,0.521
3.81136046307,-0.91943111013,5.86,1.085
3.81153846259,-0.959907136258,5.86,0.482
3.81176273298,1.14136548526,6.6,0.504
3.81198528746,1.39033673611,6.27,1.315
3.81242664707,0.750627826934,6.75,0.16
3.81255824479,-1.39548221264,6.66,1.118
3.81391031421,0.816578292976,6.51,0.062
3.8141240079,-0.734770633906,6.59,0.078
3.81439494346,0.567833737377,6.32,0.45
3.81469541931,0.995976646344,6.46,0.526
3.81634446998,0.639245404172,6.02,1.379
3.81642673984,0.861640326453,5.74,1.56
3.81651149576,0.519150453141,4.47,0.364
3.81723348389,-0.356734496935,6.49,0.139
3.81914836426,-1.04747058319,6.39,1.256
3.82012073611,-0.735792841144,2.33,-0.157
3.8201974084,-0.724615962748,5.88,-0.085
3.82154242888,-0.817089421448,6.78,0.933
3.82277088573,0.405795321281,6.39,1.063
3.82365558273,-0.807135387747,5.55,1.489
3.82402449093,-0.691105131563,6.13,1.048
3.82548081631,-0.701824466387,5.74,-0.112
3.82633206634,0.747544838807,6.59,0.505
3.82661896223,-0.214768850929,6.2,0.464
3.8275047654,-1.08229433981,6.78,1.005
3.82753768497,-0.926085447497,6.49,1.447
3.82810021492,-0.805180405907,5.39,0.927
3.82870461557,0.0397452956168,6.45,0.56
3.82929276826,-0.752434116079,6.51,0.958
3.83002275039,-1.18563727305,6.03,0.506
3.83050573154,-0.862643437336,4.05,-0.152
3.83062599184,-0.83816919421,6.65,-0.01
3.83191486074,0.76169886257,5.74,1.481
3.83201495354,0.319366968409,5.9,1.099
3.83210419307,0.9428851453,5.83,0.007
3.83228314659,-0.870938949049,6.51,0.031
3.8324056613,-0.677086244482,6.04,1.422
3.83280937237,-0.615691941213,6.78,0.159
3.83465139112,0.775004730177,5.39,0.03
3.83533403631,-1.03220597059,6.53,0.512
3.83539056493,-0.184215560948,6.73,1.005
3.83615362479,-0.813052564343,6.06,0.508
3.83714504842,-0.856176839558,6.37,0.44
3.83766410741,-1.19037366083,6.73,-0.03
3.83806957078,-1.06182864877,1.35,0.9
3.83817921178,-1.06175317577,-0.01,0.71
3.84100779185,-0.712822075567,6.65,-0.069
3.84112621737,-0.799253284234,6.61,-0.112
3.84131515423,0.383551251816,6.13,0.434
3.84210714095,-0.985077105762,6.3,1.173
3.84280716456,0.236218536984,5.93,0.238
3.84289259994,0.286553815305,4.49,-0.002
3.84418912534,-0.630672250739,5.67,-0.081
3.84473860017,0.239604038827,3.78,0.044
3.84690569188,0.142449653869,4.86,0.992
3.84725271397,0.203516951221,5.55,0.941
3.84781388035,-0.539885423591,6.38,-0.083
3.84788786124,-1.3114313084,6.73,0.707
3.84803170155,0.368675520838,6.4,0.928
3.84814276179,-0.827080117441,2.3,-0.154
3.84815700887,-1.02303921755,6.21,0.454
3.84827613703,-0.659620983482,4.01,-0.157
3.84843275519,-1.34410339042,6.34,-0.027
3.84868381459,1.06922213388,6.24,0.409
3.84940586434,-0.571949883787,6.63,0.912
3.85067430198,-1.13403009653,3.18,0.256
3.85153759849,0.256713076083,6.59,0.366
3.85307779456,-0.0987543345409,3.87,0.385
3.85379991349,-0.436293096881,5.7,0.006
3.85465885022,0.462998329414,4.8,1.672
3.85469322298,-0.169292459088,6.52,1.023
3.85486096807,-1.09897572777,6.39,-0.086
3.85568305428,-0.613896092916,4.06,1.356
3.85604584756,0.706147191937,5.72,1.398
3.8581723321,-0.144023281621,6.64,0.431
3.85922841776,0.788644146623,6.73,0.292
3.86121515147,-1.02062477245,6.1,1.013
3.86148285491,-0.614213226115,4.92,0.013
3.86148433837,0.472534323424,2.35,0.966
3.86233816853,-0.970431691492,6.1,-0.066
3.86239232845,-0.024740548119,6.06,1.608
3.86253778062,0.572264586933,6.27,1.61
3.86259264882,0.29608253567,4.6,0.972
3.86279816066,-1.09738707512,5.36,0.308
3.86291061321,-0.895614435803,6.44,1.591
3.86303764424,0.329604653246,6.15,0.841
3.86373755452,0.0125187360241,5.68,-0.021
3.86530639051,0.228662741592,6.57,1.291
3.86574116267,-0.269819885278,6.33,1.194
3.86591079019,-0.44406727388,5.15,0.315
3.86633681223,0.264099519456,5.78,1.335
3.86639643259,-0.404096389653,5.8,0.98
3.86669571456,-0.369590336109,6.43,0.603
3.86698960144,0.033037082339,3.73,-0.005
3.86760841816,0.988142593091,6.61,1.137
3.86801356806,-0.828003670288,5.74,0.066
3.87036216039,-0.914264859113,5.22,0.984
3.87063771872,-0.668297715567,5.9,1.336
3.87065690005,0.0169451799369,6.62,0.012
3.87118307932,-0.911153609294,6.07,0.084
3.87126026635,-0.372189212372,6.05,1.649
3.87190788542,-0.447227824534,5.61,-0.043
3.87213158534,0.0355299361431,6.8,0.098
3.87260187255,-0.760209672356,6.3,1.068
3.87352575549,-0.455312773338,5.23,0.938
3.87402900347,-1.37959115413,3.83,1.433
3.87426369476,-0.2241003929,6.34,1.097
3.87445336521,-0.465063132579,5.76,-0.007
3.87632901591,0.42528221531,6.15,0.506
3.87700878056,-0.625552236873,6.72,0.992
3.87739797907,-0.639396081072,5.89,1.369
3.87787119827,-1.16227693657,5.91,-0.106
3.87856480042,-0.0147943669302,6.15,-0.025
3.87948748444,0.659929572212,6.15,0.389
3.87951111496,-0.989040197606,6.21,1.107
3.88007282036,0.438965891703,6.68,1.347
3.8800796363,-1.03685395043,6.59,1.495
3.8803520622,0.804879621993,5.76,0.482
3.88035752531,-0.423268008241,5.68,1.275
3.88037979587,-0.24694701541,5.32,0.066
3.88089634156,0.175303628166,6.64,1.26
3.88134872838,0.896654228902,6.49,0.401
3.88168902824,-1.20316349232,6.5,-0.101
3.88199888654,0.850338439213,5.68,0.501
3.88308527227,0.43145385556,6.77,0.027
3.88324103152,0.499440479457,5.8,0.046
3.88450682462,0.417340410295,5.86,0.576
3.88461772448,-0.48800052981,4.42,1.366
3.88479246255,1.44010509607,5.63,0.671
3.88551585568,0.650519931195,5.47,1.03
3.88635259469,-0.279204452789,5.15,0.401
3.88643929022,1.29425771724,2.07,1.465
3.88704974768,-0.931452852813,6.56,0.052
3.8871911695,-0.279981846063,2.75,0.147
3.88772780513,-0.00449405871796,6.18,1.397
3.88779880437,-0.0401277449568,4.93,0.988
3.88942066038,0.333365915217,4.54,0.72
3.8896483417,1.03487527028,5.48,1.369
3.88990725265,-1.34697477779,6.44,-0.024
3.89026302162,-0.31050046052,6.55,0.483
3.89050680138,-0.760533484888,4.32,-0.154
3.89145199731,-0.320360854905,6.27,1.094
3.89231976172,0.811170035558,6.76,1.219
3.89449366499,-0.533673746692,6.3,0.605
3.89464872567,-1.11369158135,5.91,0.66
3.89579863812,-0.659789609885,5.02,-0.155
3.89671757925,1.36444011452,6.52,1.2
3.89692916829,-0.667710629291,6.58,0.023
3.89743275058,-1.27740771953,5.59,0.82
3.89814550086,0.274106874354,6.41,0.569
3.89817699002,0.334279393612,6,0.841
3.89934306116,0.10893995235,6.63,1.17
3.90227475452,-0.430087559007,5.27,1.336
3.90231732565,-0.494769397865,6.54,1.091
3.90247428099,-0.207665341766,5.78,0.982
3.90356817603,-0.581204672922,5.85,1.429
3.90390788535,-1.15176188781,6.09,-0.061
3.90474118985,-1.21930370348,6.38,-0.059
3.90683578478,0.118416602328,6.74,1.589
3.90725315171,0.216957810164,6.78,0.042
3.90769287308,-1.04919008978,5.18,1.161
3.90842529464,-0.590894917115,5.32,0.046
3.90939868465,-1.06300907283,6.69,0.968
3.90943560768,0.56374244198,6.12,0.109
3.91049967286,0.252134899606,5.9,-0.031
3.9107913284,-0.921700484873,5.38,0.142
3.91121048784,0.86617983572,5.63,0.533
3.911342114,-0.780236239114,6.76,0.041
3.91178222107,-0.569619339513,6.06,1.413
3.91186914918,-0.83564964378,5.62,-0.035
3.91213768294,-0.687939383178,6.36,0.061
3.91232593154,-1.0884644165,6.39,-0.055
3.91273693255,-1.09573543972,5.08,-0.023
3.9128908564,-0.199136842458,5.48,1.491
3.91404077454,-0.897923947731,6.6,1.707
3.91416228068,0.376213032476,6.5,0.015
3.91470076493,-0.0758600726202,4.47,0.318
3.91475007992,0.286026786742,5.72,0.951
3.91489786426,-0.508897490607,6.28,-0.011
3.91593377615,-0.373770550018,5.72,1.024
3.91631893945,-0.00292537543536,5.51,1.131
3.91645145712,1.15073851284,4.63,1.59
3.91717143471,0.331383851539,6.62,0.927
3.91776364775,-1.33801574868,5.37,1.442
3.9186471503,-0.303062555343,6.64,1.253
3.91890448474,-0.852820428913,6.34,0.708
3.91923950448,-0.194687286763,6.61,0.012
3.91944041516,0.245002552908,6.77,1.306
3.92058648413,-0.752829621732,2.68,-0.184
3.92092154711,-0.696511552274,6.17,1.216
3.9211191059,-0.482711188822,5.65,0.262
3.92210268488,-0.0870789495513,6.08,0.509
3.92216074251,-0.194499731176,5.88,1.274
3.9233320666,-0.734856809844,3.13,-0.208
3.92364038115,-0.661152264299,6.45,-0.08
3.9240309821,-0.900173281876,6.78,-0.051
3.92430848563,0.0797224724993,5.91,1.615
3.92444373456,0.691933921359,6.7,0.403
3.92460526112,-0.753281185156,6.1,0.597
3.92531475646,0.685309348327,5.64,0.336
3.92590581668,-0.764652054849,6.59,0.48
3.92668312371,-1.309567119,6.2,-0.038
3.92781476753,-1.34670565124,5.92,1.052
3.92898838557,1.25254351166,6.64,0.631
3.9298066573,0.825147013104,6.35,-0.099
3.9307925031,0.384768105981,6.29,1.179
3.93123407272,-0.148683606232,4.91,0.0
3.93145521832,0.0505701885128,6.72,0.553
3.93151795539,-1.12706473326,6.56,0.298
3.93230618745,-0.664244355017,5.88,1.246
3.93279596964,-0.0480825382348,5.52,1.692
3.93299882146,-1.24775004439,6.72,-0.078
3.93332502683,1.05076593151,5.91,0.107
3.93392437469,-0.0552266707266,6.68,1.196
3.93491163462,-0.00244861259059,5.71,1.509
3.93504224616,-1.45259645195,5.65,0.962
3.93548254067,0.704948356453,3.49,0.956
3.93557819324,-0.599675488442,6.21,0.242
3.93602530206,-0.145642766096,6.7,1.317
3.93618492571,-0.48975005226,5.83,0.164
3.93619078456,0.43647435233,4.8,1.506
3.93634093386,-0.132213905658,6.38,0.18
3.937897307,-0.136841242724,6.59,0.18
3.9379477146,0.552987533728,6.6,1.4
3.93898042079,-0.0529076979246,6.6,0.201
3.93964716538,0.0365001179303,4.39,1.026
3.94002828503,-0.569732955001,5.45,-0.127
3.94052149627,0.614457045517,5.52,1.023
3.94055914773,0.779193836645,6.59,0.449
3.94202522908,1.04764403016,6.69,1.363
3.94260079438,-0.627319518836,6.65,0.224
3.94273463799,0.603286338504,6.59,1.02
3.94352979318,0.831720249457,4.83,0.647
3.94366450419,0.472655287092,6.8,1.456
3.94428021399,1.15051604372,6.22,0.055
3.94475098904,-0.441253523803,3.25,1.674
3.94638972772,0.470325196256,4.52,1.24
3.94756378968,-0.713164746768,6.29,1.389
3.94785899006,-1.44929193673,5.65,1.273
3.94794271299,-1.11755788127,5.16,0.935
3.94932317377,-0.821199143511,3.91,-0.144
3.95020089842,-0.716758478634,5.13,1.011
3.95068754859,0.840393007334,5.59,-0.005
3.95127303166,-0.533213170286,6.48,0.489
3.95227816434,-0.450111439848,6.65,-0.02
3.95334641913,-0.853176124395,6.48,-0.137
3.95394476226,-0.421174174109,6.73,1.028
3.95418423571,-0.632936651952,6.27,1.658
3.95438495677,0.952187377416,5.24,0.958
3.95514438094,-0.384527972448,6.13,1.04
3.95558508131,-0.539629320792,5.97,-0.076
3.95572721589,0.63627832312,6.35,0.537
3.95590488944,-0.283734996565,5.19,1.589
3.95673863889,-0.287706377858,6.41,0.162
3.95724117568,-0.908090961205,6.4,-0.109
3.95803334465,0.041235352506,6.59,1.497
3.95812984125,-1.25497815016,6.52,1.592
3.95884706086,0.43404934271,4.93,0.429
3.95901525247,0.321870567213,6.03,0.073
3.95942092857,-0.856757907999,5.77,0.92
3.95993015473,0.161024686652,6.72,0.68
3.96046648088,0.0959588193095,6.16,0.921
3.96161752806,-1.06689661147,6.49,0.432
3.96166142749,-1.13927151174,6.18,1.47
3.96277950218,-0.708323198756,5.75,-0.113
3.96323750741,0.588289602174,6.7,0.979
3.96330852431,1.14822922873,6.63,1.51
3.96331829528,0.873623764671,6.33,1.05
3.96362679936,0.459041707553,5.67,1.24
3.96448366798,0.438228351729,5.82,1.233
3.96474821752,-0.748186372147,5.85,-0.123
3.96557854726,-0.790282597617,4.07,-0.162
3.96578894314,0.230998552471,6.16,0.967
3.96631608908,-1.26200318407,6.73,-0.059
3.96811725112,-1.11077867648,6.25,0.059
3.96843635186,-1.17083899687,5.76,0.675
3.96999140701,-0.418634180162,6.55,1.577
3.97115701641,-0.677057045482,5.98,0.867
3.97197908116,-0.459590939914,5.75,1.045
3.97385353412,1.18300222868,6.18,0.143
3.9738864652,-1.07202171809,6.29,0.623
3.9756270016,-1.47982648404,5.88,-0.031
3.97614961395,-0.965970491341,5.45,1.118
3.97751859126,-0.790240733924,6.44,1.039
3.97862183416,-0.282037493297,6.68,1.243
3.97906741751,-0.850635404945,3.88,-0.029
3.97918398657,-0.850737821498,5.7,0.144
3.97964498577,0.389442837023,6.62,1.62
3.97966069987,0.331194221753,5.9,1.414
3.98022429234,-0.333471017352,6.49,1.507
3.98031726723,-0.34543051281,4.54,-0.071
3.98059690353,-0.909303399905,3.41,0.918
3.98162041638,-0.841580168421,6.32,1.115
3.98182315186,-1.27008655186,6.02,-0.002
3.98251421724,0.336604679788,6.69,0.68
3.98278113909,0.186790453205,6.5,1.274
3.98295717779,-0.776678734751,4.83,-0.177
3.98378855253,-1.07763225074,6.27,1.901
3.98427142855,-0.629914201324,6.09,-0.081
3.98478687092,-0.19210977815,6.65,0.238
3.98498029128,-0.419024266151,6.47,-0.026
3.98510957236,-0.342914827367,6.07,0.124
3.98580057752,-0.441731434832,6.47,0.691
3.98603149552,0.401135978695,6.31,0.064
3.98630169172,0.66784500266,6.19,1.218
3.98741520493,-0.0235861592253,6.58,0.763
3.98759108468,-0.457164029896,5.84,1.139
3.98801826854,-1.07063692166,6.36,-0.041
3.98802179156,0.75133076674,6.66,0.209
3.98851652333,0.554802552304,5.98,1.552
3.98882679208,0.736029943867,6.12,1.635
3.98944508868,-0.24800208479,6.75,1.676
3.98947144623,-1.22311758655,5.75,3.271
3.99012303454,-0.321638576814,6.76,0.429
3.99019822394,0.509012966368,5.28,0.062
3.9905323395,-0.310120087618,6.18,-0.015
3.99079133667,-0.550112441369,4.91,0.374
3.99085042172,1.17542204616,5.15,0.55
3.99175683636,-0.0960376983243,6.28,1.473
3.99183257654,1.20332999651,6.52,0.03
3.99326627577,0.0862081248669,5.32,1.092
3.99386947091,-0.770554057449,6.74,-0.068
3.99446042363,-1.38119269399,6.66,0.836
3.99463346601,0.581453532488,3.46,0.961
3.99530387844,-0.481646091609,6.79,0.372
3.9960096599,0.00649504526396,5.62,0.181
3.99612748735,0.889043777443,6.47,0.854
3.99633604967,0.112832738786,6.47,1.308
3.9963432455,-0.839043669914,5.96,0.21
3.99669667025,-1.22895059753,6.71,0.457
3.99709672867,-0.724157264591,5.15,0.564
3.99756487427,-0.758956367188,6.05,-0.128
3.99847752862,-0.390943565369,5.52,1.357
3.99887794566,-0.776736108423,6.58,1.431
3.99940773351,0.16952369217,6.74,0.342
3.99947241225,-1.0629752655,5.74,-0.057
3.99950588565,-0.739498724251,6.76,-0.034
4.00057152877,-0.835393892213,6.46,0.927
4.00080372547,-0.806383217375,6.44,0.514
4.00094165731,-1.06390479608,5.04,-0.077
4.00119752702,-0.163762801664,2.61,-0.071
4.00159518223,1.25356355549,5.02,1.369
4.00281389966,1.29233150493,6.67,1.027
4.00341462118,-1.02627468338,4.07,0.088
4.00399539593,-1.11021206163,4.85,1.26
4.00479175651,-0.526193611623,4.35,1.1
4.00502666214,0.586331705332,6.65,0.912
4.00621498054,-0.716652414119,6.3,0.176
4.006618797,0.796216222139,6.64,1.62
4.00700315199,0.468452902079,6.59,0.566
4.00717695344,0.0163957873259,6.5,1.6
4.00731270392,0.35906270701,5.68,0.972
4.00743057491,-0.00805005370087,5.88,1.507
4.00785992155,-0.835581121264,4.27,-0.086
4.00853426154,-0.544705863041,6.18,1.205
4.00910455252,-1.05586021886,5.43,-0.089
4.00950488884,-1.19868418748,2.87,0.014
4.00963056973,-0.711888762934,5.59,-0.099
4.01126095329,0.0308121757764,5.04,0.54
4.0120078365,-1.25300765866,6.59,1.682
4.01207938972,0.567492121131,6.33,0.234
4.01220153297,-0.647467599345,6.19,0.959
4.01321867065,-1.16057474247,6.73,0.574
4.01371277531,1.09038146381,6.62,1.231
4.01463161354,0.906847159511,5.65,0.122
4.01488040591,0.516900357461,5.51,1.015
4.01691196441,-0.0893563592441,6.6,0.998
4.0172065759,-1.177774811,6.27,-0.09
4.01728766699,0.775526155285,6.14,0.369
4.01737096457,-0.979699075367,6.8,0.161
4.01743804115,1.25374009301,3,0.058
4.01767667298,-0.0421205643909,6.34,1.062
4.01810504744,0.797002363745,6.67,1.047
4.01816083175,-0.316928361273,6.16,1.024
4.01872067731,-0.271369755055,6.14,0.393
4.01876575095,0.0124849802565,5.35,1.191
4.01896287935,-0.833575361865,6.77,0.44
4.01912101529,0.435599622815,6.36,1.257
4.01917403849,-0.101662868694,5.54,1.047
4.02024413433,-0.70943301923,3.22,-0.227
4.02080916145,-0.667042015631,6.57,-0.081
4.02111407858,-0.784319541238,6.68,0.009
4.02118805278,-0.711212625282,6.21,0.068
4.02213909961,-0.632880408496,3.57,1.534
4.02215348057,0.574801406079,5.38,-0.051
4.0221568397,-0.843301690071,5.65,0.639
4.02358835395,-0.836497770202,4.99,0.515
4.02380264236,-0.656865563504,6.65,-0.062
4.02467391848,0.219344613256,6.29,-0.008
4.02511881719,-1.2985154749,6.51,0.075
4.02539849374,-0.773057236504,6.74,0.049
4.02569292652,1.08292576506,5.99,-0.033
4.02570164175,0.69082684586,5.56,1.626
4.02577834632,1.10551666428,5.72,1.315
4.02595648597,-0.779981044939,3.37,-0.191
4.02627142745,-0.512113367874,6.5,1.011
4.02713312377,-0.465806813711,6.53,1.118
4.02747699403,-0.264138765959,6.46,1.603
4.0280273943,-0.643301982328,4.54,-0.155
4.02804074881,-0.902964603498,6.68,1.145
4.02811472316,-1.05866743576,5.65,0.489
4.02824169831,0.528622044507,4.99,0.577
4.02899452449,-1.03534305134,4.48,0.169
4.02916436542,-0.805302164972,6.49,0.945
4.03052599098,-0.017843960702,6.11,0.264
4.03106346443,-1.00060852465,6.78,1.189
4.03114621215,-0.215888526253,5.72,1.039
4.03208289204,0.790128546266,6.07,1.212
4.0325752423,-0.180157523596,4.92,0.453
4.03385223524,0.652354623651,4.31,0.309
4.03395677173,0.651833348529,6.51,0.6
4.03427641667,0.946191801048,6.68,1.098
4.03475544958,-0.626871384099,6.75,0.076
4.03498404886,-0.693074931707,5.36,-0.093
4.03576694918,1.02915198989,3.29,1.166
4.03665692834,0.821366325436,6.79,0.607
4.03688756628,-0.824099643144,6.57,1.52
4.0375447345,-0.676029208323,4.6,0.0
4.03933445148,-0.92603599477,6.66,0.27
4.03952069425,0.269270026417,5.16,1.65
4.03994794571,0.340002475295,6.26,0.618
4.0414989592,-1.19221986918,5.89,1.0
4.04170243874,0.599276185695,5.46,1.41
4.04277761576,0.942831993678,6.44,0.079
4.04611915825,-0.641714976957,5.46,-0.15
4.04720715834,-1.12628721061,5.71,1.646
4.0476274595,0.438106023402,6.01,1.654
4.04776555208,1.08691568768,6.53,0.134
4.04841817422,0.507990341857,3.66,0.319
4.04854087508,1.0588950388,5.9,1.441
4.05028434374,-0.291757687171,5.64,1.545
4.05066427785,-1.53821121027,6.49,0.303
4.05114272783,-0.900553836015,6.1,1.067
4.05143874196,0.675856779228,6.69,0.37
4.05194454086,0.0321503817383,5.15,0.245
4.05195320133,-0.274027542006,6.79,0.821
4.05239255579,0.823821828833,6.15,0.1
4.05329632366,0.963333384041,6.45,0.079
4.05343001044,-0.503822298385,6.43,0.608
4.05438842947,1.40409298716,6.57,0.665
4.05440831689,0.286157524693,6.38,0.955
4.05492908567,-0.674307937724,6.44,0.351
4.05506258939,1.0838412503,6.32,1.369
4.05529224333,-0.815639555862,5.26,1.731
4.05591853465,-1.01842508283,6.7,
4.05605387093,-0.304401819657,6.69,0.398
4.05777261472,-0.912856656943,6.7,-0.023
4.05943905676,-0.731625048587,6.23,-0.005
4.05954631984,0.546042514813,6.45,0.205
4.05991357573,0.642360656741,6.52,1.15
4.06052686158,-0.361781499578,6.2,0.192
4.06082858599,-0.289889839719,5.82,1.056
4.06139332492,-0.931557374423,6.78,1.243
4.06146766905,-1.25060060009,6.39,-0.112
4.06192170597,0.149733401737,6.57,0.38
4.06194528748,0.712671108269,5.04,1.589
4.06195198007,1.12065310779,5.74,0.976
4.06387611195,0.639080206532,6.39,0.529
4.06407383087,1.35000086226,5,1.545
4.06449518412,-1.28088999546,5.4,-0.146
4.06541067709,-0.351944282056,6.28,0.22
4.06567062456,0.713828013076,4.98,0.086
4.06590668594,-0.573883670481,6.49,0.065
4.06692219513,-0.674090539694,6.23,0.212
4.06732074625,0.280233010767,6.22,-0.038
4.06771842295,-0.416787658356,6.75,1.486
4.06791681279,-0.18219060467,6.57,0.918
4.06928619739,-0.343314286061,5.5,0.197
4.07063297079,-0.294137621347,5.53,-0.148
4.0706739137,0.547320127754,4.14,-0.127
4.07083050639,-0.0207065744807,5.5,1.092
4.07132349727,0.279462768893,6.56,1.26
4.07167256961,-0.427438682462,6.26,0.33
4.07274889009,-0.706698678869,6.4,1.016
4.07294945276,-1.06942260382,6.7,0.149
4.07481341888,0.299103341239,6.49,0.341
4.07546848394,-0.699291163531,5.82,1.695
4.07612177877,-0.175659161651,4.61,1.0
4.07685707167,-0.0993981390466,6.52,0.577
4.07686056187,-0.686773277371,6.36,-0.017
4.0772719261,-0.160280846523,5.16,-0.09
4.07805772628,-0.48951220139,5.13,1.306
4.07834428866,0.466259350848,2.22,0.032
4.07884520895,0.183937925475,3.8,0.268
4.08004031425,0.0291333697427,6.55,0.281
4.08032169414,-0.718495450589,2.8,-0.216
4.08043573223,0.753415631665,6.75,0.953
4.08079173099,0.680854112095,5.14,1.65
4.08088569112,0.941118945236,5.97,1.184
4.0820035128,-0.258126111021,3.91,1.007
4.08212384817,0.308147567919,6.1,0.975
4.08325918423,0.0214240425507,6.7,0.325
4.08328449215,0.66975136148,6.3,1.306
4.08357979376,-0.784671914207,4.55,-0.175
4.08358816495,0.196622784157,6.04,1.125
4.08385631093,0.95348325882,5.77,0.051
4.08423822205,0.694684209431,6.78,0.906
4.08437454554,0.908789715169,6.7,0.329
4.08489694873,-0.577578421744,6.26,-0.07
4.08495112862,-0.774870739377,5.44,1.497
4.08535980344,-1.1451679213,6.51,0.334
4.08612028334,0.263569575122,6.51,1.2
4.08619664081,0.281331099987,5.93,0.354
4.0862215018,0.174710530016,5.26,0.925
4.08652186913,-0.00980057320731,6.51,0.728
4.08721212374,-1.15745065374,4.11,1.161
4.08795525064,0.523444876872,6.46,0.433
4.08853927649,-0.491049770626,3.6,1.361
4.09050630985,-0.458670153354,6.19,-0.013
4.09076248005,0.95135686279,5.85,1.098
4.0912830677,1.2092224663,5.65,1.371
4.0919273474,-0.403898820226,5.79,1.074
4.09203977936,0.704300267031,5.25,0.886
4.09303243263,-0.742940374566,4.34,1.412
4.09394670414,-0.492299194535,6.32,1.176
4.09397521549,0.81677484076,5.76,0.353
4.09398095232,-0.366804094449,5.82,1.077
4.094451497,0.761037917562,6.8,0.187
4.0946416853,-0.347550548957,6.65,0.448
4.09491198714,-0.253367124925,6.8,1.232
4.09517082155,-0.683483155291,6.59,-0.069
4.09528401104,0.880052315722,5.84,0.847
4.09566026349,-0.519719847859,3.66,-0.177
4.09570210057,-0.153496713138,6.56,0.52
4.09571190928,-0.15344044725,6.45,0.505
4.09586431101,-0.682907786561,6.05,0.204
4.09634976172,0.605193605201,6.12,1.039
4.09639572916,-0.914075958118,5.43,0.005
4.09676454286,-0.336881566347,5.36,0.883
4.09707941227,0.819022952214,6.75,1.619
4.09785281584,1.01097195417,6.45,1.102
4.0985109747,-1.35992571479,6.19,1.207
4.09871463264,-0.404047632631,6.33,0.023
4.09880937638,0.639415538838,4.64,-0.103
4.10050403868,-0.60060141017,4.66,0.964
4.10127755986,-1.04559774904,5.95,0.505
4.10227616269,0.210363374298,6.22,0.968
4.10231975321,-0.993346977611,6.63,1.337
4.10236747119,-1.22570777983,6.45,0.077
4.1026532337,-0.544783074207,6.35,1.418
4.10275246438,-0.415703887005,4.97,1.302
4.10307645971,-1.28188647539,5.64,-0.04
4.1057589845,-0.833151956809,6.21,1.621
4.10582162805,0.279681824324,6,0.908
4.10638983813,-0.697831306632,6.51,0.446
4.10671735154,-0.779485073888,4.64,0.413
4.10829106067,0.343313254132,4.51,0.062
4.10933516627,0.224231656984,5.34,0.033
4.10986486015,-1.32788068858,5.95,-0.034
4.10986608025,0.322258234645,5.8,0.207
4.11001762019,-0.343460341803,4.75,1.574
4.11037903019,-1.12015734326,6.53,1.524
4.11295775038,-0.863755652598,6.02,1.315
4.11303730567,-0.653188346405,5.23,0.987
4.1132032531,0.553422109947,6.71,1.359
4.11323367059,-0.605810888877,4.75,-0.151
4.11349179377,0.458945450755,3.81,0.02
4.11394353447,0.913870148061,5.48,-0.042
4.1152489605,-0.227875604506,6.64,0.543
4.11537954979,0.238545781352,6.48,0.873
4.11579039913,-1.47419711417,5.57,0.118
4.11642152386,-0.262553897134,6.3,1.124
4.11863360946,-1.05221043538,6.46,1.02
4.11892638727,0.56750788836,5.57,1.076
4.11910935874,0.0438980543802,5.86,0.684
4.11922978639,1.35777003995,4.29,0.038
4.11927510987,-0.551582267532,6.62,0.962
4.11929702389,-0.273542551898,5.41,0.238
4.12014598644,0.112148346472,2.63,1.167
4.12062620514,-0.729880786366,5.93,-0.007
4.1220409607,0.301317591556,6.15,0.002
4.1233100594,-0.88637354893,6.41,0.163
4.12504813658,0.0950735776764,5.57,0.035
4.12621345457,0.015551564771,6.32,1.195
4.12646352397,-0.397119930722,6.72,1.312
4.12811361552,-0.0314891037214,5.39,-0.035
4.12852215255,0.26916163258,3.65,0.073
4.12863865519,-0.489765239205,6.49,0.332
4.12944844861,0.270992075677,6.7,0.223
4.1296391256,0.1283353363,4.42,0.604
4.13023529852,0.968217749643,5.94,1.404
4.13061095385,1.09256837951,5.19,0.062
4.13063891193,-0.850618033413,6.76,-0.018
4.13091937079,-0.605323008676,5.61,-0.117
4.13100702349,-0.106820347549,6.24,1.169
4.13332655426,0.246359302237,5.71,0.094
4.13392483242,-0.701521305416,6.41,0.88
4.13401962571,0.0269821575187,6.53,1.163
4.13418797642,-0.661764485197,6.01,0.715
4.13439014715,1.03966861006,6.53,1.394
4.1348246932,0.96650446747,5.85,0.249
4.13543940353,0.798189367999,6.76,1.19
4.13592701905,-1.14218345166,5.54,0.231
4.13656075378,0.553890974648,6.41,1.517
4.13690405422,-0.88295836078,6.7,0.471
4.137398003,0.240664811109,5.98,1.272
4.1383674936,-0.41598275916,6.71,0.13
4.13893305592,0.491427974308,5.89,0.608
4.13965760943,0.316630016391,4.09,1.616
4.14009670502,-0.915220220843,6.05,1.385
4.14010164889,0.222069000148,6.79,0.024
4.14054586807,-1.05361405616,6.65,0.423
4.14056076269,-0.066645625837,5.53,0.12
4.14326439051,0.219190519244,6.69,0.981
4.14338629067,0.454979311376,4.59,0.794
4.14349952275,-0.059868418765,3.54,-0.036
4.1449755069,-0.853682556453,5.86,0.068
4.14567290317,-0.928685684396,5.78,-0.076
4.14634262603,-0.792409394807,6.11,0.299
4.146433016,0.0383363159026,5.21,1.019
4.14769208195,-0.458840495367,6.58,1.507
4.14871786506,0.0781511335995,3.71,0.147
4.14934127087,-0.586904753712,3.97,-0.045
4.14942907237,-0.449444890712,4.63,-0.072
4.15001523686,-0.960900317657,5.74,0.017
4.15025343475,0.923401191767,6.74,0.138
4.15053349966,0.622338717452,4.79,0.996
4.15065427762,-0.0539393401282,5.09,0.135
4.15067738856,0.366133759157,4.74,1.534
4.15180739974,-0.821365917292,6,1.152
4.1523125947,-0.246677579373,6.2,1.01
4.15481518366,-0.521618731437,6.39,0.991
4.15484101213,-0.790361212105,6.55,0.887
4.15508846053,0.97435995229,5.81,0.972
4.15682525563,0.740918760992,4.6,0.563
4.15761508471,-0.883412775673,6.63,1.527
4.15796456762,0.303742263874,6.29,1.238
4.15800704086,-1.13712556442,6.54,0.186
4.15912685106,0.230324520017,6.07,0.598
4.15970564786,-0.351981252003,5.04,-0.014
4.15991474356,-1.09269100414,6.22,1.467
4.1603568181,1.13949498144,6.73,0.926
4.16078274072,0.280560500463,6.21,0.413
4.1609053609,1.19939223586,6.76,0.544
4.16091728829,-0.442042015498,4.59,-0.073
4.16184925521,-0.291981252685,4.13,1.003
4.16216776789,-0.428184369347,5.38,-0.011
4.16230952161,-0.418496695654,5.41,-0.033
4.16479991016,-0.477149256344,6.15,-0.069
4.16512753183,0.354493268808,5.45,1.588
4.16536334853,0.75291002989,5.35,1.645
4.16548502464,-0.440586399619,5.87,-0.065
4.16553915557,0.14975513685,6.28,0.171
4.16643810131,-1.06017670253,6.14,0.121
4.16700007306,-0.338295870702,5.95,-0.013
4.16760612673,-1.10707502493,2.83,0.315
4.16813387253,-0.743599721975,6.68,0.402
4.16912675045,-1.19734824898,5.11,1.108
4.16916122395,-0.458428066666,5.63,0.141
4.16919398051,-0.542511928319,6.21,1.371
4.16919865143,0.742920218252,5.73,-0.102
4.1693293052,-1.05029807797,5.78,0.355
4.16987177442,0.324993315366,6.26,-0.089
4.1704338633,0.662299355089,5.43,0.352
4.17058344688,1.02820443025,6.31,-0.028
4.17094313106,-0.0377760422688,6.77,0.61
4.17176858647,-1.05561836581,5.76,0.087
4.17183418281,-0.695764406855,6.04,0.13
4.17235682701,-0.55476829971,6.29,0.462
4.17238628381,-0.251316976492,6.32,0.485
4.17331318448,0.273346779814,3.85,0.478
4.17376383721,-0.258822526226,6.11,0.243
4.1751968312,-0.509881764772,3.87,-0.199
4.17522719962,-0.592820871102,5.14,0.129
4.17527240845,-0.592788525485,5.59,0.072
4.17598293002,-0.840588723151,6.31,0.381
4.17607898297,-0.279853227565,6.53,1.769
4.17676009425,0.251580137249,5.54,1.141
4.177251158,-0.63155338975,5.78,1.095
4.17786998856,0.692809943211,6.3,1.11
4.17826420866,0.469107499547,4.14,1.231
4.17864283379,-0.366223832114,5.84,0.012
4.17915491218,0.955563616585,4.96,0.269
4.17924925106,-0.410628863496,6.77,-0.008
4.18089033764,-0.249221820403,4.95,-0.08
4.18180888789,-0.769355497227,6.72,0.169
4.18230328477,-0.654566147752,6.31,1.006
4.18259919897,-0.433391226654,5.43,-0.092
4.18378064395,-0.455777117649,2.89,-0.18
4.18426034801,0.639554495946,5.61,1.529
4.18429264342,-1.13512000262,5.74,-0.066
4.18474603821,0.870588433957,6.04,0.289
4.18662844918,-0.728577853374,4.99,0.988
4.1874297854,-0.127444953515,6.64,0.093
4.1882684786,-0.543992081465,6.57,1.0
4.1883643959,-0.942842755794,6.1,-0.016
4.18843659173,-1.36183289269,6.4,0.387
4.18863334967,-0.709530625187,6.51,1.499
4.18932331066,-0.670148949918,3.42,-0.206
4.18965017573,0.772823141263,6.78,1.165
4.19021609964,-0.288561402243,5.47,0.517
4.19024512521,-0.394823319342,2.29,-0.117
4.1918816825,0.550969736045,6.61,1.094
4.1921992064,-1.26471615672,6.58,1.404
4.19220062492,-0.682223164089,6.67,0.249
4.19225414856,-0.14680580863,5.53,0.043
4.19250875146,0.0772720637709,5.82,1.003
4.19269589171,-0.705732265767,6.21,0.01
4.19278591377,0.683776681358,6.74,0.131
4.19334871769,0.58125588899,5.39,0.612
4.19362502903,-0.952564037178,6.12,0.264
4.19393291998,-1.11311056747,6.42,0.567
4.19419483381,0.310989698656,5.1,0.992
4.19457551479,-0.556570432026,6.33,1.454
4.19508562651,0.520999306294,4.98,-0.05
4.19704539025,1.0221564644,4.01,0.528
4.19784259804,-0.892225765438,6.38,-0.003
4.19792101136,0.923556980081,5.93,1.498
4.19868414465,-1.28308592405,6.68,0.236
4.19880342386,0.398012802806,4.82,0.066
4.19958992717,-0.992297561268,6.51,0.526
4.20036701299,0.824499739743,6.52,1.164
4.20038349723,-0.508515635274,6.07,1.304
4.20099905001,0.803492075702,4.72,-0.094
4.20133570861,-1.09155665622,6.25,-0.015
4.20256056524,1.03691298827,6.19,1.576
4.2028171339,-0.859220274244,4.65,0.902
4.20328832264,0.639345292465,5.79,0.586
4.20338023202,-0.451433602764,4.96,1.234
4.20363947799,-0.673741431701,4.9,-0.146
4.20416260978,1.34030707809,5.73,0.051
4.20421832972,-1.00836508928,4.63,0.252
4.20437910096,-0.558514757547,6,0.47
4.2052029136,0.0870366687656,6.07,0.96
4.20550428701,0.310716988433,6.75,1.204
4.20585830898,-0.431555560594,6.22,1.386
4.2066943082,-1.03281922062,6.4,1.366
4.20722431542,0.596532437201,6.78,0.065
4.20753952682,-0.579688737866,6.1,0.338
4.20779411692,-0.937422886069,6.46,0.006
4.20892229272,-0.660833151919,5.91,0.409
4.21038062732,0.683410005931,6.66,0.734
4.21081797327,-0.323574829002,6.74,0.465
4.21251438266,-0.345670369864,2.56,-0.065
4.21253795265,-0.345607654886,4.9,-0.024
4.21336577728,0.141306178513,6.27,0.084
4.21384694306,-0.109800912684,6.35,0.413
4.2138885143,0.56282990047,6.71,1.524
4.2146692488,-1.26363405073,5.7,1.169
4.21495649862,-0.107158917832,6.39,1.034
4.21517564849,0.232494063029,6.8,0.995
4.21543394522,-0.412007924851,5.9,-0.071
4.21640356738,1.18351009669,5.44,-0.019
4.2171106231,-0.788420813143,4.73,0.23
4.21755519305,-0.642321104602,4.22,-0.184
4.21849179846,-0.360745461655,3.93,-0.046
4.21930204296,0.829119400976,6.65,-0.025
4.21957885773,-0.245590367703,6.32,0.66
4.22051195081,-0.641507564677,5.72,0.298
4.2209462774,0.380876475737,6.15,1.365
4.22108493706,-0.980717193849,6.16,0.565
4.22110246896,-0.36422864568,4.31,0.831
4.22116018074,-0.84513098086,6.61,0.147
4.22186106578,-0.640878892544,6.64,1.116
4.22198173031,-0.222449374522,5.75,0.018
4.22206335794,0.172643481537,5.63,0.2
4.22310697515,-0.426948537715,6.32,-0.038
4.22401548872,-0.632364821335,6.75,-0.056
4.22402595838,0.29752593138,5,0.931
4.22405731685,0.297655109817,6.25,1.14
4.22406844715,-1.02923379583,6.74,0.224
4.22411241006,0.175936844629,6.74,0.169
4.22424795224,-0.459487226195,5.35,1.643
4.22567857597,-0.176318534059,6.69,0.507
4.22573846322,0.148951804685,5.69,1.575
4.22621036038,-0.68229901578,6.65,-0.071
4.22635206233,0.150328272182,6.47,1.418
4.22687628088,-0.413388490043,5.86,0.02
4.2270553899,0.784262057224,4.23,-0.045
4.22708789248,0.300295025972,6.13,-0.003
4.22793683003,0.636887121409,4.73,1.015
4.22797862126,0.060291957266,5.93,1.471
4.22827117062,1.0112068176,6.33,0.032
4.22871811624,-0.97839568184,6.51,1.389
4.22887560588,0.111329230941,5.93,0.988
4.22933471903,0.71724657401,6.69,0.53
4.22940951446,-1.01114459642,5.57,-0.024
4.22995003325,0.974399427323,6.43,1.076
4.23036857949,-0.569832751969,6.18,0.79
4.23107113833,0.0143089509433,6.68,1.36
4.23173389344,-0.0605058378504,5.39,1.446
4.2318847232,-0.585484744136,5.5,-0.075
4.23207966911,-0.320104207547,6.43,0.447
4.23215704843,1.04495941321,6.76,0.069
4.23236425771,-1.09898416582,6.5,0.231
4.23270817957,0.466749033582,6.57,1.037
4.23314192579,-0.429044171623,6.64,0.024
4.23331772121,0.0279443242269,6.61,0.961
4.23358137132,-0.469652849082,6.59,0.073
4.23418944766,0.764762168363,6.61,0.877
4.23602518546,1.32431329854,5.48,-0.093
4.23693780659,-0.513409896672,5.09,1.131
4.23807547303,-0.717675952709,5.86,0.273
4.23815474412,-0.791217619271,6.65,0.482
4.23887661021,0.290871205922,6.09,0.02
4.23895112437,0.169506848306,6.52,0.268
4.2395528674,0.410061640824,5.74,1.519
4.23966646308,0.581941016229,6.3,1.228
4.24024837017,0.739575743228,5.89,1.464
4.24028147088,0.635737826206,5.62,1.352
4.24099936182,-0.948637661649,6.53,0.02
4.24113079251,-0.339653432135,4,0.076
4.24114926013,-0.175654352672,4.93,0.087
4.24162602713,0.681647480611,6.39,1.262
4.24168205408,-0.149183341489,5.43,0.118
4.24231664274,-0.495975538027,5.67,0.012
4.24247403264,-0.487407137899,4.58,-0.172
4.24299508649,1.17188694098,6.21,0.993
4.24348964425,1.31267401871,6.36,1.283
4.2444564494,0.465489481551,6.48,0.391
4.24526494539,-0.0736670095155,6.26,0.133
4.24609197935,0.376401031492,6.69,0.182
4.24663545331,0.0876344902277,5.46,1.472
4.24674759444,-0.936738653203,6.03,1.965
4.24685507847,0.236089133245,6.68,0.764
4.24716718409,-0.969372400872,5.78,0.365
4.2476027919,-0.953481528629,4.95,1.017
4.24832022019,-0.0257459237669,6.45,0.997
4.24844764825,-0.373499759571,6.68,0.617
4.24882212706,-0.426245922335,6.4,0.043
4.24921531617,-0.206607655878,5.24,1.394
4.25044420619,-0.854037997519,6.75,1.29
4.25074492449,-0.552634960019,6.55,0.646
4.25086623026,0.103006647458,6.3,1.148
4.25138494184,-0.0644780984133,2.73,1.584
4.25150324224,-0.576152171094,5.91,1.021
4.25197723429,-0.368397742182,6.41,0.002
4.25230998331,1.28098251032,6.02,0.063
4.25273087846,-0.323508104526,6.32,1.085
4.25284998902,0.590944273446,5.23,0.599
4.25294862147,0.13715219353,6.59,1.3
4.2537622997,-0.444657109084,6.06,0.027
4.25535457617,-0.826797743436,5.13,-0.114
4.25598270288,-0.748736158712,6.14,1.114
4.2561503229,-1.11152483126,3.86,1.105
4.25632261581,0.328263035955,5.72,1.126
4.25695030851,-0.146074313126,5.49,0.652
4.2576816298,0.478605608059,6.14,1.334
4.25786189886,-1.01076117812,5.61,0.137
4.25798486228,-0.259165948489,6.09,0.098
4.25981934604,0.403567705553,6.57,0.986
4.26054471629,-0.423799885302,6.7,0.147
4.26175040267,-0.939181029422,5.45,1.696
4.26186025014,0.508768026719,5.8,0.063
4.26198239338,0.698801406287,6.76,1.527
4.26262501061,-0.0689989490506,6.18,0.326
4.26287704523,-0.371827233347,6.61,0.01
4.26289048669,-0.937176074019,6.4,0.793
4.26290840738,-0.350882525494,6.4,1.27
4.26303462798,-0.873853574988,4.97,0.788
4.26336345908,-1.18579912695,5.95,0.159
4.26408243989,1.04292189929,5.37,1.551
4.26448949121,-0.926532214333,6.3,0.273
4.26518097464,1.32217994018,4.95,0.393
4.26611971044,0.0261225805493,6.5,1.128
4.26804226004,1.19650252386,6.39,1.343
4.26863182259,-0.499408868148,4.8,0.008
4.26873273908,-0.0818997607584,3.23,0.966
4.26904136766,-1.27484789416,6.58,0.012
4.26905037786,0.451982422514,6.7,0.882
4.27109942234,-1.01054196791,6.54,0.931
4.27172391752,-0.259579770936,5.97,1.475
4.27225483637,-0.352871921469,6.29,1.066
4.27250928431,0.855877335868,5.93,1.369
4.2729440358,-0.619433013168,6.63,0.375
4.27297646683,-0.74480119409,5.44,0.099
4.27407357787,-0.539423952794,5.53,0.466
4.27492512216,0.808320729577,3.91,-0.151
4.27536395776,-0.875378745536,4.01,1.08
4.27570507782,0.693045537371,5.48,0.41
4.27609119023,-1.12833468814,6.7,0.0
4.27636767731,0.368833632067,6.04,0.938
4.27738091692,0.645345680463,6.57,1.527
4.27757140961,-1.37349985619,4.68,1.68
4.27784366215,0.908252502496,6.63,0.085
4.27789231388,-0.962369418623,5.76,0.97
4.27801017616,-1.37300681621,5.27,1.413
4.27810822833,-0.225340115309,6.56,0.385
4.27842879786,-0.688189332954,6.11,-0.079
4.27883325656,-0.421834211016,4.55,0.758
4.27920522024,-0.381191680094,6.8,1.704
4.28124295552,-0.446678560854,2.9,0.299
4.28238610534,-0.841050156839,6.51,-0.047
4.28314604895,-1.25443617183,6.71,0.02
4.28396377406,1.20618642176,5.26,1.115
4.28443540454,0.33428518441,3.74,0.299
4.28509957587,0.0179601190354,4.82,0.338
4.2852075203,0.539167040914,4.86,0.97
4.28634135417,0.589904736389,5.2,1.631
4.28681944737,-0.865200801375,5.32,-0.047
4.28689726397,-0.766409871208,5.89,1.121
4.28690819156,0.588236667332,5.4,1.523
4.28761258927,-0.03630058122,6.24,0.058
4.28876985862,-1.16740434809,6.75,-0.073
4.28889185848,0.564317527113,6.41,0.083
4.28970101935,-0.653182098186,6.77,1.271
4.29257711988,1.0768063849,5.67,0.956
4.29327133321,-0.579438768159,6.45,0.013
4.29347337069,1.07362555443,2.73,0.91
4.29360285948,-0.684046548344,5.37,0.625
4.29395972079,-0.349717326279,4.48,0.996
4.29429752586,0.12126909244,5.83,0.018
4.29535226954,0.963510684846,5.75,0.001
4.29581939956,-0.655651154301,5.42,-0.104
4.29640185952,-0.518444172083,5.4,0.625
4.29744782481,-0.791498062954,6.32,0.187
4.29948332521,-1.10174287309,6.14,0.029
4.29963077357,0.652649800636,5.53,0.174
4.29963914618,-0.409458080664,6.75,0.266
4.29968787597,0.244926758395,4.57,0.002
4.30042712102,-0.409230464227,4.57,0.227
4.30083411228,0.163547817722,6.73,1.435
4.30103395171,1.37817923756,5.55,0.249
4.30306465366,0.199098309324,6.11,1.065
4.30377800125,0.0437700494045,6.66,0.091
4.30456656635,0.837018201888,6.51,1.065
4.30508771821,0.278775120465,6.7,0.647
4.30523264639,0.161842404686,6.66,1.183
4.30538379898,0.191821047928,6.68,1.61
4.30587814588,0.0409793494439,6.06,0.919
4.30665873522,-1.44094222028,6.8,1.049
4.30670428129,-0.322122346599,4.22,0.217
4.30740275998,-0.829987590149,4.46,-0.07
4.30875000339,-1.20996756505,6.68,-0.019
4.30894672607,0.050102005668,6.35,1.638
4.3097601607,-0.132608877836,5.24,1.721
4.31010423175,-0.146114272507,4.62,0.185
4.31076724702,-1.11802199366,5.28,0.383
4.31089334841,1.20023041168,4.94,-0.051
4.31201527586,-0.64891134513,5.79,1.104
4.3120664901,-1.02275936317,5.67,0.008
4.3125017797,1.17013853568,6.45,1.517
4.31299348857,-1.223203548,4.9,0.555
4.31343444068,0.0116064744797,5.41,1.461
4.31376609358,0.730973163259,4.83,1.289
4.31404054061,0.000957401056366,6.46,1.378
4.31412177265,0.897234289766,6.31,1.052
4.31452337181,-0.141875067787,6.49,0.41
4.317105466,-0.461325470596,1.06,1.865
4.31840478192,-0.807096594625,5.35,0.488
4.31861513376,-1.00803799957,6.09,1.459
4.31873887572,-0.253960748872,5.66,0.823
4.32012988709,0.854532229051,6.44,0.026
4.32059716592,-0.43834334701,4.79,-0.116
4.32065013148,0.375064505317,2.78,0.947
4.32187283548,-0.131151913735,6.46,0.371
4.32212986115,0.357429259167,5.24,1.274
4.32252743223,1.35169666444,6.35,0.995
4.32327994982,-1.07570755737,5.19,1.236
4.32367672825,0.0346259902526,3.82,0.022
4.32425569279,0.614793381445,6.25,1.64
4.32466182129,-0.289946880702,4.29,0.924
4.32502999988,0.387383816188,5.76,1.605
4.3255927965,0.0228425879511,6.79,1.39
4.32571510542,-0.46316924734,6.07,1.085
4.32572107973,-0.605705450337,4.24,-0.168
4.32610970581,1.26732437871,6.27,1.291
4.32709076565,-0.729846856966,5.31,0.299
4.32729539561,-1.12527325653,6.61,-0.042
4.3274878813,0.795840135182,5.61,0.125
4.32815919461,0.164312686393,6.51,0.429
4.32901274133,-0.37465917908,4.45,0.13
4.330283131,1.0615672487,5.92,0.039
4.33101164065,0.0963634736073,5.63,-0.044
4.33105592791,0.200504147938,4.84,1.495
4.3347717805,-1.37701499646,3.86,0.923
4.33525556469,0.180973585882,6.74,0.243
4.33539232748,-0.928519044272,6.59,0.883
4.33582159126,0.664814455899,6.59,0.442
4.33658959154,-0.839699602444,6.73,0.316
4.33750829006,-0.768735762326,4.86,0.045
4.33759289694,0.740666088788,4.2,-0.013
4.33855107257,-1.23897602863,5.5,1.235
4.34207044158,-0.789663155659,6.43,1.346
4.34251296916,-0.623512633683,6.63,-0.049
4.3434182646,0.29770677861,6.42,0.062
4.34476378393,-1.14311035461,5.5,0.949
4.34509641175,-1.25479144477,6.52,0.024
4.3453574616,-0.492462384477,2.82,-0.206
4.34668470661,0.813556136414,5.83,1.044
4.34670070007,0.923280015216,5.53,-0.06
4.34686792907,0.923705418492,5.07,-0.027
4.34742964898,-0.0405716380328,5.77,0.827
4.34750385944,-0.615321517007,4.18,1.535
4.34751068789,-0.74802824396,5.46,0.338
4.34899255671,0.270481615517,6.36,-0.055
4.34986880729,1.10082844342,6.17,1.527
4.35092675145,-0.184430511805,2.54,0.038
4.35268820639,0.092110197735,6.48,1.15
4.35372464498,0.238883821159,6.3,0.433
4.35407242841,1.37739057348,6.33,1.141
4.35457723842,-0.805550017164,6.62,1.539
4.35463013792,0.977655599356,5.28,1.055
4.35470949196,-0.114109875548,6.05,0.165
4.35488985097,0.690752796186,6.74,1.147
4.35650866452,-0.757445420877,5.83,-0.053
4.35668025725,-0.318007346904,6.73,0.248
4.35696287593,0.852807914363,6.56,1.54
4.35703494855,-0.0214940828397,6.73,1.274
4.35785878454,0.853960673312,4.86,1.562
4.35806728963,-0.150423121999,6.44,1.806
4.35842937674,-1.06448332071,6.16,-0.073
4.3593400137,-0.649565645563,5.93,-0.035
4.36055595765,0.384076601177,6.76,1.292
4.36180536651,-0.166759042735,6.33,0.492
4.36221285692,-0.994740065353,6.73,-0.06
4.36345336169,-0.106137983275,6.72,0.548
4.3642629848,-0.588936460943,6.55,1.208
4.36583329353,-0.356198125238,6.25,1.077
4.36607548992,-0.622858730221,6.64,0.173
4.36613651424,0.0736492080932,5.77,-0.004
4.3665516783,-0.898465132002,6.3,0.321
4.36677087146,-1.26186623614,6.53,0.8
4.36699185273,-1.05498943332,6.17,0.488
4.36705675649,0.216334315259,6.08,0.046
4.3673315183,1.12729151563,4.84,1.212
4.36742532561,-0.145030369119,6.47,1.147
4.36772890832,0.433866244691,6.07,1.316
4.36852595957,-0.0174587304195,6.25,0.313
4.36890335925,0.021737104564,6.4,1.019
4.3689377938,0.551571613434,2.81,0.65
4.36904450283,-0.315197093106,6.68,0.171
4.36917108364,-0.851074144108,5.57,0.169
4.36936794056,-1.19199221215,5.89,-0.078
4.37018689516,-0.309659227027,4.91,1.095
4.37031766356,-0.427046503577,6.07,0.214
4.37035526775,0.469788188258,5.92,0.402
4.37041777916,-0.48537041655,6.52,1.119
4.37061175864,-0.866583067234,5.62,-0.043
4.37077576773,0.0206163751403,5.74,0.336
4.37099244836,-0.578502629948,5.84,0.653
4.37159093158,-0.347745976431,5.55,0.436
4.37406919426,0.871555309268,6.48,0.541
4.37416552222,-0.647156796137,6.47,0.776
4.3748851578,-1.07835197805,6.57,0.775
4.37557090949,-1.09177204949,6.23,1.524
4.37588998497,-1.3792335508,6.73,1.345
4.37595925635,0.679321492047,3.48,0.916
4.3762992281,0.971975932574,6.18,0.088
4.37667241646,-0.804078295018,6.22,0.821
4.37679522301,-1.3529344618,4.23,1.06
4.37686176771,1.35287403928,5.99,0.43
4.37802189077,-1.1769171613,6.02,0.037
4.37922919624,-0.56035444396,6.46,-0.076
4.37973543106,-0.71766549792,6.21,0.143
4.37987452367,-0.665953867596,6.05,-0.054
4.3801535813,-0.467904367597,6.72,0.674
4.38017256365,0.594089188764,6.02,0.321
4.38034589197,-0.717563215846,6.14,-0.078
4.38204161961,-0.479201852848,6.58,0.097
4.3836669404,-0.927682866789,5.96,1.23
4.38387404031,-0.71278679457,5.64,-0.093
4.38513865093,0.106258449692,6.55,0.89
4.38515369172,-0.497587387938,5.99,0.103
4.38599763891,0.754281898033,6.07,1.415
4.3864345591,0.991030362787,4.84,0.375
4.38677738281,0.274807130791,5.6,1.637
4.3872977311,0.0178051762525,6.02,-0.012
4.38733426755,-0.334002392364,6.6,1.876
4.38876793868,0.14979491174,5.15,1.535
4.38904249898,-1.4528099103,6.58,1.571
4.38937019191,1.43182033011,4.21,0.897
4.38996656886,-0.812136544295,6.47,0.087
4.39104667282,-1.0210803503,5.74,-0.101
4.3924123222,-1.1712850609,5.1,-0.08
4.39299089884,-0.687257633739,5.48,0.975
4.39323691444,-0.445557597685,6.72,1.177
4.3933570455,0.0391382896389,6.72,0.356
4.39354168145,-1.18860351307,6.53,0.182
4.39457567037,0.036032783622,6.07,0.14
4.39502286211,1.10883400477,6.8,1.556
4.39529615423,-1.01825023724,5.55,-0.096
4.39530236814,0.73720819032,5.86,1.504
4.39724203634,0.0915729916028,5.22,-0.001
4.3986324104,-0.801890145957,6.69,0.377
4.39887564302,0.237195403841,6.38,0.877
4.40019138675,-0.260218488882,6.03,0.192
4.40112958622,-1.20476090051,1.91,1.447
4.40213929854,-0.923992004845,6.74,0.017
4.40329137501,0.225307023136,6.64,0.94
4.40362660235,0.802560384823,4.82,0.087
4.40370443474,0.522982845702,6.59,1.211
4.40460525512,-0.273457658281,6.18,0.234
4.40511338351,0.231450567862,5.91,0.015
4.40554321649,0.758004117938,6.18,1.257
4.40602075046,-1.03046643841,3.77,1.562
4.40623115587,-0.188198849993,4.64,0.478
4.40767543444,-0.598529803312,2.29,1.144
4.40836577469,0.126495939058,5.48,0.108
4.40857449654,-0.046327248136,6.32,0.401
4.40958038563,-0.873449076203,6.45,0.325
4.40958224888,0.731231868808,6.29,1.086
4.40978952999,0.520222222161,5.73,1.626
4.4100941302,0.568168688106,6.16,1.014
4.41132218381,-0.654751747507,6.1,0.124
4.41185897307,0.16413636248,6.68,0.529
4.41313254136,0.0212222832548,5.51,0.055
4.41377204033,-0.719608568665,5.23,0.047
4.41459203434,-1.28670247542,6.76,-0.027
4.41461117794,0.430335934196,5.03,1.246
4.4149628,0.500322917128,6.62,0.479
4.41511822,-0.664052045298,3,-0.2
4.41523823437,-1.1410169796,6.12,-0.028
4.41603573452,0.261349351983,6.51,-0.033
4.41697399831,-1.18126734212,6.33,1.289
4.41708274813,-0.730499074696,6.36,0.264
4.41714805792,-0.663531169624,3.56,-0.21
4.41767686876,-0.710753108182,6.35,-0.141
4.41830512613,-0.656233598614,6.71,0.891
4.41990576131,0.553298585598,5.34,0.319
4.41995924671,-0.000461135208996,6.65,0.749
4.42132392694,0.827577979503,5.99,1.325
4.42188060145,-0.356318650402,5.86,0.685
4.42313178717,-0.751381140994,5.95,1.643
4.42432629009,-0.732939266841,6.28,0.462
4.42438979364,-0.739356812054,4.7,0.444
4.42443732322,-1.01071156317,5.91,1.592
4.42444397286,0.177418984833,4.39,-0.088
4.42454324876,-0.72965913578,5.46,0.176
4.42514140082,-0.729984650325,6.07,0.126
4.42518091409,-0.0281400200589,6.25,0.283
4.425842232,-0.729894397631,6.61,0.15
4.42636890318,-0.741396507526,5.84,0.626
4.42670433018,-0.867617139774,6.49,1.466
4.4269571986,-0.739344382276,3.62,1.393
4.42700538161,-0.107407249327,5.23,1.1
4.4270245163,-0.533849800511,6.34,0.214
4.42733498777,-0.205817314416,6.57,0.144
4.42810533854,-0.410368327403,6.76,0.944
4.42842158459,0.365794620632,5.39,0.966
4.42866426421,-0.718217956693,5.78,0.132
4.42893010694,0.44908510118,6.06,0.921
4.42901513415,-0.734623579386,6.3,0.396
4.42940445285,-0.548078857968,6.72,0.063
4.42993583501,0.237712274134,6.35,0.339
4.43038528247,0.321720250691,5.35,1.407
4.43056796295,-1.10426386502,5.99,0.059
4.43113910684,-0.37645894835,6.62,0.117
4.43133997664,-0.756006578346,6.77,0.029
4.43213670301,1.17772155958,6.78,-0.026
4.43297270268,-0.584805264262,6.29,1.747
4.43324526037,1.13681663969,4.88,0.481
4.43327022905,-0.29332462264,6.33,0.952
4.43360375337,0.873343163307,6.6,1.633
4.43377944688,-0.884441931122,6.3,-0.016
4.4338355331,0.268495666913,6.58,1.236
4.43387432899,1.35529606665,6.72,-0.004
4.43422923842,-0.709649842961,6.7,0.045
4.43435192425,-1.07583159272,6.78,0.052
4.43435343267,1.27632204721,6.29,0.259
4.43489202482,1.41126581318,6.64,0.996
4.43497582944,1.13514686202,6.4,0.383
4.43522931687,-0.912523519356,5.94,-0.069
4.43575270373,-0.712503665212,6.18,0.228
4.43602011064,0.246793957623,6.77,0.945
4.43662963186,-0.404049756546,5.57,-0.018
4.43757668769,-1.24113232735,6.46,0.26
4.43778912227,-0.341034827645,6.27,0.084
4.43831232156,-0.580487646668,5.48,1.606
4.43897225047,0.10840768009,6.73,1.522
4.43939044188,-0.191346960396,6.15,1.0
4.43967555582,-1.05767168139,6.52,-0.06
4.43975731349,0.442490550376,6.27,0.909
4.43982970946,0.24232348003,6.38,0.93
4.44041574532,0.163625187514,3.19,1.16
4.44057626289,0.425533259182,6.35,1.089
4.44114877203,0.741982236731,6.36,1.28
4.44115181267,-0.68269813853,6.59,1.799
4.44299127047,-1.13803400356,6.53,0.359
4.4431677883,-0.883855409611,5.53,0.016
4.44456966027,-0.977212305044,3.12,1.552
4.44488533819,-0.259524719469,6.48,0.391
4.44566338597,-0.656601726399,6.05,0.179
4.44641344936,1.207527832,6.41,0.725
4.44663141505,-0.853031791308,6.64,0.347
4.44779260004,0.989402608888,6.04,1.165
4.44869692465,-1.20895752057,5.79,-0.103
4.44877497451,-0.927824668672,4.06,1.452
4.44944880126,-0.318493626507,6.63,0.569
4.45020520761,-1.28146409705,6.72,-0.069
4.45042272269,-0.437941476318,5.88,1.607
4.45104647478,-0.952900536444,5.64,0.194
4.45128096558,-0.4361415475,5.74,0.407
4.45162586663,-0.785198296021,6.5,0.403
4.45185337736,0.539767585706,3.92,-0.018
4.45255056369,-0.849063564088,5.98,0.883
4.45272733217,0.114907348224,6.57,0.233
4.45294305803,-0.793282785418,6.58,1.81
4.45327948221,-0.627168927228,5.95,1.161
4.45481734894,0.39500457901,5.69,1.332
4.45483995228,-1.507341338,6.05,0.043
4.45521485527,-0.0736990344597,4.82,1.483
4.45546381595,-0.987072296862,6.4,0.1
4.45565308389,0.474668950272,6.57,0.427
4.4561856562,1.0585204437,6.16,1.006
4.4562622552,0.12965280528,6.78,1.239
4.45735646289,0.260921778064,6.27,0.031
4.45759713936,0.585876831605,5.27,0.028
4.45786825468,1.31418924633,6.17,0.306
4.45832397546,-0.892404753742,6.43,0.279
4.45839912858,-1.02901549055,6.26,-0.124
4.458680301,-0.329614820948,6.28,1.351
4.45878126306,-0.561010238065,5.03,-0.1
4.45924171989,0.147491990992,6.33,0.091
4.46046262,1.12749558674,6.11,0.96
4.46056029258,0.556482871567,6.41,1.134
4.46067560523,0.445157039304,5.76,1.018
4.46196113371,0.821733847124,6.76,0.728
4.46425196125,0.245950866556,4.97,1.6
4.46431296421,-0.92916141574,5.27,0.498
4.46443932742,0.253270649786,6.52,0.77
4.46463959117,-0.843636203501,6.75,1.239
4.46558219248,0.600105002741,6.68,1.234
4.46587657621,0.618091749677,6.19,1.467
4.46653770391,0.237458088376,5.91,0.01
4.46669341726,-0.00254734004029,6.7,0.19
4.46671084327,-0.823107246016,6.07,0.072
4.46738306769,-0.665887995864,5.91,0.409
4.46750910886,0.343664288701,6.35,1.518
4.46757638864,0.607203923958,6.08,0.2
4.4678081426,-0.660504898196,6.48,0.263
4.46790049326,0.236796149336,6.06,1.05
4.46810207759,-0.448514729021,6.66,-0.083
4.46984078683,-1.00726732323,5.73,-0.097
4.47006719656,-0.498861846241,6.59,0.814
4.47049359018,-1.19168802039,6.47,1.57
4.47104963193,0.342068919087,6.19,0.01
4.47120777371,-0.447595862038,6.6,0.264
4.47133909708,-0.357700050258,6.29,-0.035
4.47163187299,-0.595557481748,4.83,0.257
4.47166169362,0.851789754733,6.11,1.091
4.47276561999,0.764667814334,6.45,0.099
4.47279708478,-0.794161932804,6.28,0.074
4.47362933126,0.0122619692327,6,0.578
4.4738710992,0.95068158523,4.91,0.471
4.47405624579,0.222369395518,4.89,0.125
4.47475216811,-0.0155695590245,5.63,0.104
4.4759311836,-0.769778194773,6.18,0.281
4.47747100458,0.169888048802,6.38,1.458
4.47762779887,-0.376372976803,6.29,0.128
4.47771845743,0.182454589496,6.38,0.896
4.47808227106,0.385441183421,5.56,1.299
4.47823781975,-0.649744015926,5.98,0.076
4.47883259296,-0.618737479536,6.15,0.438
4.48062079665,-0.0289058901567,6.34,0.209
4.48064017761,-0.462739522173,6.26,-0.038
4.48249635022,-1.33035939225,6.68,0.151
4.48276091716,0.844727635799,6.66,1.133
4.48452795942,0.707138540229,6.34,0.032
4.48554666522,0.544650753726,6.44,1.285
4.48564647029,0.627187095719,5.41,0.309
4.48604500631,1.06743672481,6.72,0.528
4.48648882546,-0.0188404065437,6.06,0.074
4.48657645699,-0.307335929318,5.98,1.011
4.48664013497,0.280892011678,6.67,0.505
4.48673807905,0.887365044528,6.46,-0.017
4.48779991671,0.61145828859,6.73,1.079
4.48892959334,1.14693758837,3.17,-0.12
4.48895328261,-0.530645193343,5.93,0.276
4.4894609322,-0.0677709834576,6.35,0.697
4.4906123945,-1.20160228259,6.59,-0.05
4.4922779368,0.711693485644,5.07,1.275
4.49334649886,-0.183666256669,5.43,0.465
4.49467932234,-1.07643978137,6.37,-0.049
4.49573831278,-0.815739146622,6.73,0.287
4.49587261806,-0.27445145757,2.43,0.059
4.49645079565,0.914705582815,6.3,-0.025
4.4973012195,-0.777678903729,5.06,0.867
4.49738040089,-0.221678043051,6.71,0.176
4.49754994514,0.217589818079,6.58,0.086
4.49881624637,0.42302756909,6.2,0.227
4.49926833367,-1.01273618173,6.77,1.288
4.50022864345,0.0818607285463,6.77,0.569
4.50139890898,-0.853001725956,5.94,1.786
4.50148427184,0.791060825114,6.57,1.588
4.50151442415,0.868237718276,6.12,0.185
4.50187603987,0.137789587231,6.34,1.04
4.502236883,0.728327864997,6.75,1.345
4.50361768769,-0.754666212276,3.32,0.441
4.50374494255,-0.47197820068,6.75,0.998
4.50393967598,-0.440785598785,6.52,-0.037
4.50412809916,-0.689526341994,5.66,0.042
4.50415391967,-0.677581056673,6.3,1.05
4.50439490234,-1.23431573564,6.21,1.062
4.50477206221,-0.484540469338,6.12,-0.048
4.50497181007,0.184746027137,5.32,1.593
4.50531792392,1.09736420049,5.54,0.216
4.50690154952,0.00614404870835,6.65,0.504
4.50720792799,-0.566155698418,5.95,0.071
4.50799818482,-0.662393901811,6.59,0.338
4.50862333826,-1.17280175615,5.87,1.07
4.50998298316,-0.271579218749,6.7,0.168
4.51123886991,-0.668372778653,6.74,0.458
4.51182303198,-0.485141657381,6.68,0.578
4.51265112202,-0.992892090709,6.08,1.728
4.51271235644,-0.470966941553,6.64,0.427
4.51368720434,-0.694058966874,6.42,2.282
4.51411011131,0.454691479921,6.56,1.373
4.51450198135,0.251158687567,2.78,1.164
4.51617846622,0.433525895026,3.12,0.08
4.51624584178,0.642441067537,3.16,1.437
4.51743913824,-0.585530393415,5.6,-0.056
4.51751456494,-0.254541258437,5.98,1.096
4.5175673935,-0.46430696188,4.33,0.855
4.51766288874,-0.666942103406,6.71,-0.012
4.51865587603,-0.673590558361,5.95,0.58
4.51880779903,0.605762642843,6.78,1.186
4.51905537367,0.414389346899,5.99,1.335
4.51973007679,-0.58882181048,6.54,-0.015
4.51977386386,-0.527276724408,6.2,-0.027
4.52032237248,0.473579849058,6.57,1.187
4.52045880978,-1.52831981183,6.58,0.898
4.52137691013,-0.4633176617,6.33,1.144
4.52143980621,0.038156426567,6.17,0.235
4.52155799847,-0.265704245799,6.52,1.79
4.52168135935,-0.738955541212,6.75,0.13
4.52197478485,-0.623960398987,6.09,0.479
4.52254254494,1.05890198214,6.32,1.09
4.52270919977,0.0211280047146,5.89,0.023
4.52299785456,-1.30084638987,6.24,-0.004
4.52307065828,-0.00777190356291,4.72,1.119
4.52351146215,-0.108995380553,6.08,1.1
4.52456588604,1.55400116077,6.31,1.575
4.52503198567,-0.570074102528,5.53,0.514
4.52516901975,-0.781533924626,6.46,0.187
4.52550488715,0.229235273504,6.62,1.195
4.52618912989,0.577705730502,4.8,-0.166
4.52737348471,0.403007461227,6.25,1.544
4.52769393792,0.650859425776,4.64,0.043
4.52917357027,-0.423837699269,6.59,0.51
4.52917900136,-0.423886396219,5.14,1.046
4.52948860054,0.302254137276,6,0.015
4.52964785228,-0.420153491563,6.59,0.647
4.53053090809,-0.284695960698,6.28,1.691
4.53062096037,-0.568158895493,6.36,0.109
4.5308218554,0.677386621835,5.97,1.011
4.53130327316,0.450434542164,6.61,1.071
4.53181941276,0.18962086657,5.03,1.539
4.53260783228,-0.770209372678,5.76,-0.049
4.53265810937,0.503055684747,5.68,0.981
4.5327972505,-0.0490539268893,6.66,0.534
4.53289264924,-1.09736838284,6.5,1.087
4.53296826366,0.106211147037,6.51,0.388
4.53327678414,-0.610687078845,5.91,1.082
4.53375148154,-0.813955843757,5.47,0.764
4.53440246919,-1.04186752091,5.93,1.389
4.53524361909,0.476192403901,6.8,1.657
4.53528391378,-0.771837450964,6.64,0.211
4.53571171274,-0.873777488477,6.27,0.413
4.53618765237,1.39864401779,5.74,1.499
4.53687456175,0.037342005717,6.43,1.487
4.53719636455,0.790784724945,6.66,0.332
4.53723134556,-0.847345463664,6.67,0.614
4.53737248395,-0.309910146404,6.03,0.04
4.53782360677,-0.103280009895,6.31,0.85
4.53857121299,0.445715252658,5.36,0.063
4.53878190945,-1.2225222801,6.53,0.598
4.53922837937,0.315155509564,5.01,1.654
4.53939263158,0.807053856875,5.51,1.586
4.54030794982,0.841053061889,6.36,0.427
4.54035149445,-0.337437524747,6.5,0.578
4.54073238883,0.566669020623,5.38,0.619
4.54146746051,-0.224220273614,4.32,0.037
4.54168338596,-0.186687569143,6.46,0.326
4.54179810173,0.427595807976,5.13,0.0
4.54224577878,-0.368490188316,4.39,0.394
4.54449108684,0.501923550937,6.37,0.724
4.54465137996,0.292015025471,6.35,1.608
4.54524191377,-0.434693498792,6.36,1.399
4.54539122853,0.697689236321,5.55,0.667
4.54551812749,0.932362362295,5.69,1.463
4.54654728817,-1.18282130004,4.76,1.194
4.546624796,-0.436324377837,3.27,-0.186
4.54688310935,0.0872807137107,6.67,0.927
4.54701015161,-1.22388086175,5.39,-0.042
4.5493428837,-0.626759934081,6.42,0.541
4.54943465322,-0.659815386485,6.33,0.682
4.5499627398,-0.796119269114,6.68,0.83
4.55006707037,-1.02055065538,6.75,0.248
4.55031249851,-0.0416815319755,6.28,0.68
4.55056394373,-0.649625271701,5.91,1.075
4.55059875787,-1.01247120707,5.86,1.075
4.55146357531,-0.986556908921,5.76,0.994
4.55211517547,-0.828476319886,5.21,-0.097
4.5525161677,-0.491185068244,5.3,1.549
4.55259424096,0.995042204442,6.53,0.293
4.55358047848,-0.279921360966,6.65,0.43
4.55392401139,0.648319065851,4.15,-0.011
4.55513598502,0.15450650287,5.77,1.251
4.55513659852,-1.1467185706,6.64,-0.074
4.555387635,-1.09718645667,5.69,-0.147
4.55547337637,0.67339658783,6.48,0.716
4.55556447354,-0.416162243135,6.67,1.017
4.55578853341,0.400732574173,5.7,0.229
4.55626117057,-0.770782349029,5.1,-0.052
4.55667625506,-1.05895756136,5.76,-0.067
4.55728147426,0.644932828258,6.25,0.884
4.55760276666,0.284506230997,5.75,0.074
4.5577673224,0.272376925785,6.34,-0.017
4.55800289544,-0.321939279521,6.34,0.046
4.55816554412,0.570205673318,6.68,0.961
4.55836595223,-0.374224406372,5.82,0.939
4.55844332498,-0.785541888481,6.66,0.388
4.55909449622,-0.806376329201,6.75,-0.062
4.55971569534,1.17472360684,6.44,0.759
4.55986662416,-0.605560405912,6.14,0.046
4.56012635599,-0.423132097188,6.17,1.103
4.56065132897,-0.60091623986,6.79,0.962
4.56098110687,-0.969179308228,2.84,1.479
4.56103714498,0.15576483723,6.68,1.511
4.56139322334,-0.983976955376,3.31,-0.15
4.56142452791,0.921371242912,6.46,0.619
4.562646422,0.285954180992,6.64,0.377
4.56268036639,1.04804225387,5.65,0.024
4.56362620622,0.295267429404,6.09,1.528
4.56388153466,-0.0288289439167,6.44,0.457
4.56403878125,-0.883721455573,5.19,1.055
4.56409907728,0.469122414302,6.38,0.124
4.56438808727,1.02366868387,6.49,0.139
4.56541841685,0.132569105266,6.01,0.592
4.56565159643,-0.421938747551,4.16,0.283
4.56628166903,0.0722629067663,4.34,1.48
4.56679081819,-0.0887778435062,4.53,0.385
4.56725338533,0.842297026888,5.83,0.121
4.56739205075,0.605555972808,5.94,-0.017
4.56760862679,0.350479164405,5.52,-0.119
4.56781605823,-0.800111809977,5.28,-0.058
4.56805738379,-0.452798838464,6.42,-0.055
4.56813421801,-0.906677930535,6.17,-0.039
4.56855549712,-0.218384120231,6.2,0.517
4.56911793738,-0.276693334459,6.48,1.146
4.56930560696,-0.883666661873,5.9,0.063
4.56994628402,-0.521278069097,4.28,0.402
4.57113019739,-0.5187915566,5.98,0.01
4.5714090852,-0.649011374465,6.67,1.197
4.57160467287,0.147341376643,6.42,1.66
4.57238537782,-0.820762348877,6.57,0.184
4.5725885855,-0.912757764705,5.72,1.169
4.5729326658,-0.143263147211,6.37,0.57
4.57333513873,-1.10018993481,6.22,-0.073
4.57559249566,-0.96289267161,5.93,1.113
4.57596143333,-1.44477656684,6.64,-0.095
4.57637364008,0.00577049948496,5.41,0.237
4.57684143792,-0.641902078803,5.98,1.112
4.57718869253,-0.767489668915,6.3,-0.01
4.57898843029,-0.672247073181,6.38,0.091
4.57923284395,-1.07798253794,6.74,0.374
4.58056918759,-0.103314400925,6.36,0.93
4.58189933427,-0.588461598932,6.68,0.078
4.58294343915,-0.076260385,6.72,0.319
4.58313670306,0.208113326442,6.47,0.056
4.58321989778,-0.0185514824459,5.31,0.715
4.58337771165,0.912831406813,2.79,0.954
4.58441336048,0.678622440113,6.43,0.51
4.58465758663,1.01014113131,6.22,1.397
4.58471150213,0.455716728828,4.41,1.434
4.58482259426,-0.650934698154,2.7,-0.179
4.5849073984,1.51787876864,5.78,0.239
4.58551613962,0.543812106346,5.63,0.96
4.5862849841,-1.05913295239,3.6,-0.104
4.58721315855,0.340722236638,6.77,1.556
4.58740405139,0.0475516143354,5.57,0.844
4.58754583994,-0.993458236472,5.99,-0.045
4.58766728929,-0.418227022709,4.78,0.016
4.5878504097,-1.41125811053,5.83,1.617
4.58907953095,-0.458492916446,6.05,-0.065
4.58929672621,-0.588231069147,6.43,1.191
4.58942311633,-0.803493435144,6.04,0.805
4.58945807146,0.495804384679,5.66,-0.001
4.58952531049,-0.870502943583,2.84,-0.136
4.59005035612,0.000741699652908,6.75,1.112
4.59006190477,1.18918050929,5.07,1.077
4.59029024476,0.598144346082,6.52,0.639
4.59097984282,0.963146726926,4.89,0.251
4.59115428312,1.51121881947,4.35,0.021
4.59129808811,0.208218602314,6.42,-0.013
4.59137677535,0.962949783628,4.86,0.279
4.59200695176,-0.598288480444,6.16,0.36
4.59322003842,1.29551173455,6.61,1.043
4.59510800957,0.719833972492,5.72,1.089
4.59511655508,-0.718605568716,5.84,0.041
4.59623911642,0.336092419096,5.65,0.505
4.59674963783,-0.100265735134,5.61,0.187
4.59687765668,1.0045891915,6.15,0.602
4.59723515245,-0.647583842515,1.62,-0.231
4.59744367047,0.284795028464,5.68,1.002
4.59769024908,0.259034754769,6.36,1.595
4.6001694844,-0.846952216272,6.32,0.953
4.60054197967,0.229701983334,6.52,0.95
4.60092317268,0.288055685609,6.59,0.224
4.60161108325,0.167319479545,5.8,0.04
4.60203274611,-0.568657273268,5.69,0.045
4.60231330911,-0.196209897555,5.54,0.013
4.60302002273,0.219213960617,2.08,0.155
4.60326317679,1.07991468757,5.23,0.602
4.60376246168,-0.677178449421,6.76,1.24
4.60465120713,-0.384737270459,6.47,0.011
4.60475362559,-0.931184265035,6.09,0.025
4.60585115629,-1.04451174525,6.26,-0.081
4.60618544496,-0.81167730358,4.56,-0.02
4.60638704646,0.651035628264,6.13,0.978
4.60640068303,-0.106819926338,6.61,1.181
4.606438015,-0.653449147074,6.48,0.006
4.60675487995,0.346339047311,6.52,0.96
4.60699901244,0.210258908634,6.76,1.63
4.60763782365,0.366453545137,6.11,0.184
4.60825838212,0.491922642971,6.4,1.367
4.60922694329,0.481128606666,6.37,1.586
4.61005711748,-0.67431333596,4.26,1.075
4.61034126024,0.537302729896,6.04,0.158
4.61040679887,0.847979290471,5.35,1.142
4.61057809428,1.21423830269,6.33,0.596
4.61182097184,1.20005295533,4.77,0.43
4.61267621865,1.26459216974,5.87,1.016
4.61342366507,-0.7504535963,1.86,0.406
4.61399009479,-0.664383386082,6.26,1.244
4.61401874863,-0.873706625849,5.89,1.109
4.61429383241,0.424289391093,5.76,0.114
4.61459252585,-0.268755523147,3.54,0.262
4.614665436,-0.27176588215,5.94,0.357
4.61572049167,-0.141699280544,4.58,0.132
4.61575664581,-0.660806017995,6.68,0.757
4.61679855151,-0.951212010666,5.25,0.195
4.61700983032,-0.748401973516,6.09,-0.057
4.61708705613,-0.190699346246,5.74,1.228
4.61777261685,0.64136110712,6.78,1.189
4.61965741722,-0.382448025746,6.19,0.827
4.62000001055,0.571409646611,6.58,0.993
4.62060324612,0.232639500746,6.12,0.567
4.62137768007,0.0353961512504,6.25,1.021
4.62198936518,0.0620506225416,6.53,0.959
4.62224589416,-0.515412682622,6.72,0.936
4.62278727784,0.802961965412,3.82,-0.179
4.62302578273,0.0592127388795,6.63,1.534
4.62424652985,0.868822375318,6.6,0.014
4.62494209782,0.544585838996,6.05,1.599
4.62495518793,-0.0111569456556,6.51,0.122
4.62519822528,-0.562014675859,6.74,-0.009
4.62599101114,-0.0375647447867,6.08,1.608
4.62643808886,1.11134473465,6.79,0.559
4.62685279668,-0.862464686974,4.76,0.415
4.6277522558,1.00025363999,6.79,0.918
4.62785307005,0.7587062431,6.36,1.199
4.62811814576,0.546069508744,6.3,1.075
4.62836185095,-1.18427871248,6.48,0.999
4.62938012488,-0.562248466859,6.01,1.673
4.62988484657,0.427836996378,6.37,1.204
4.63028522178,0.264912637106,6.34,0.04
4.63066669188,-0.818940419795,5.78,-0.004
4.6310703453,0.904397883546,6,1.068
4.63118436339,1.17202357769,6.64,1.473
4.63129475189,-0.224716496498,4.24,0.086
4.63183642601,0.110185364404,5.97,1.271
4.63295664897,0.375271469198,6.73,0.52
4.6335817274,1.25923486803,4.57,0.434
4.63370798947,1.25937567114,5.81,0.53
4.63374983048,0.278422422808,5.54,0.387
4.63377834779,-0.584751766298,6.66,1.047
4.63396534459,0.482499608545,6.73,0.183
4.6341123329,-0.881578081166,6.28,1.661
4.63591192977,0.428723682983,5.56,1.436
4.63597816769,-0.681201709862,2.39,-0.171
4.63640794204,-0.0846443009698,6.62,1.865
4.63652130262,0.513456740365,6.64,0.297
4.63756503819,-0.644821743898,5.53,1.553
4.63861651477,0.76941652944,6.38,1.521
4.63871156258,-0.576853809468,6.44,1.813
4.63950025638,-0.486667275807,6.4,0.438
4.63978114914,0.424600584356,5.73,0.683
4.6398139746,0.249497746642,6.22,0.426
4.64008855069,-0.378443126713,4.86,0.469
4.64027438273,0.0797144714861,2.76,1.168
4.64061870921,-0.995224294237,6.64,-0.017
4.64077155024,-0.570073005193,6.65,1.571
4.64163191396,-0.123562463756,6.3,0.324
4.64173299916,-0.235771270783,6.36,0.384
4.64251550305,0.939017069413,5.75,0.017
4.64288929942,0.786003832527,6.75,-0.029
4.64298744334,-0.677288013104,6.74,0.974
4.64320908814,-0.90467488766,5.12,0.694
4.64383000647,0.251503109198,6.18,0.211
4.64401503627,-1.26049289885,6.51,0.472
4.64431923925,-0.387374172545,6.58,0.33
4.64505509586,0.0450197316251,6.16,0.131
4.64515515147,0.045014269264,6.67,0.061
4.64563076974,-0.745767013149,5.87,0.163
4.64576360152,-0.803595141671,6.71,-0.008
4.6461940896,0.614664389468,6.62,1.113
4.6466376554,-1.00435913966,5.97,0.912
4.64986503444,0.549860365704,6.22,0.008
4.65013860297,-1.12964466028,3.61,1.161
4.65084588508,0.678608179828,6.53,0.993
4.65118958095,0.686307752048,6.51,1.39
4.65311190135,0.0182273407579,6.64,1.663
4.65330586361,0.483817070102,3.42,0.75
4.65517058824,0.629845285902,6.55,1.47
4.65619615346,-0.665182748825,6.41,-0.02
4.65620252588,-1.04709868586,6.51,0.321
4.6562508826,0.308871154307,5.61,0.036
4.65625031065,0.830990334253,6.47,0.095
4.65798340431,0.329681482961,6.67,0.08
4.65811104844,-0.485738891634,4.53,0.6
4.65821696367,-0.700348224496,2.99,0.509
4.65834046867,-0.257014111765,5.93,0.009
4.65898195721,-0.39231145588,6.18,1.446
4.65945156764,0.598261736224,6.61,-0.144
4.65956080595,0.0472508823197,3.75,0.043
4.65978943045,0.638007570603,6.51,1.655
4.65998321475,0.830495061916,6.8,1.042
4.66150116493,0.0663960706452,6.22,0.135
4.6618302128,0.358934655165,5.69,0.938
4.66205340637,-0.470801604468,6.31,0.094
4.66279773361,-0.966942817923,6.09,0.283
4.66351057,0.336063436306,6.13,0.024
4.66360316231,0.44720341936,5.09,1.141
4.66455888572,0.945870456316,6.6,0.224
4.66467731828,1.09604631261,6.7,0.373
4.66470538176,0.886296955184,5.02,0.043
4.66515423702,-0.553325283703,4.79,-0.028
4.6656535373,-0.534026191051,6.65,0.355
4.66577729308,0.0342331235227,6.44,1.236
4.66635290758,1.34325566761,5.02,0.518
4.66813584351,-0.646527611963,3.19,1.192
4.66824745004,-1.0771247884,6.41,-0.049
4.66899820409,0.844637282384,6.78,-0.109
4.66929117965,-1.12233567423,6.57,0.334
4.66942811054,0.171884745703,6.74,1.401
4.66949043399,1.36670693255,6.25,1.452
4.66956383799,-0.69971008581,4.78,0.259
4.66984676009,0.441411199112,6.58,0.125
4.67042034797,0.511767939127,5.51,1.071
4.67061851059,-1.08078849125,6.77,0.529
4.67082044808,-0.935713006029,5.68,-0.099
4.67192671421,0.208506600071,6.19,1.247
4.67227418556,0.389493439609,6.14,0.242
4.67251994117,-0.738799993715,6.69,1.039
4.67292033717,0.523525726354,6.78,0.087
4.67392191783,-0.927298120426,6.09,0.01
4.67403219536,-0.533317973689,6.7,0.026
4.67413900747,0.699396414061,6.55,0.541
4.67492696578,1.30147601988,6.75,0.282
4.67499167338,-0.939664084404,6.61,0.271
4.6754856681,-0.711613693166,5.94,1.572
4.67569863806,-1.05006087059,5.78,1.008
4.67635938542,-0.795882465521,6.09,0.949
4.67664704888,-0.340778915834,6.8,0.308
4.67737045714,0.267495652605,6.43,0.997
4.67744210013,-0.0215863284923,6.33,1.126
4.67748749237,0.0783181074557,6.7,1.736
4.67754794154,0.814083943474,6.37,1.06
4.6778258248,0.697819095692,6.01,1.341
4.67786066966,0.0193936191522,6.55,1.065
4.67847584657,-0.607360555953,5.88,-0.111
4.67891949711,-0.600687214167,5.84,1.129
4.67975199185,0.294969591043,6.6,0.44
4.68005995898,0.0227767835,5.91,1.573
4.68029698131,-0.107225652924,6.18,1.25
4.68106200354,-0.595416155894,6.05,1.241
4.68125671528,-0.980086291725,6.51,1.146
4.68130429475,-0.732977588511,6.19,0.523
4.68153813608,-0.611194963893,6.55,0.0
4.68167144567,-0.621761579441,6.03,0.342
4.68210302844,-0.190233247969,6.17,1.11
4.68275368924,-0.559069982898,6.79,1.395
4.68287730072,0.106489938817,5.77,0.425
4.68315662801,0.698270618331,5.17,1.166
4.68316957983,-1.14299170201,6.48,1.086
4.68326958299,-0.606167019339,6.14,-0.041
4.68355264496,-0.60903481789,5.58,1.098
4.68414984575,0.992614869519,3.73,1.177
4.68582892093,-0.60654940938,6,-0.06
4.68607347168,-0.607916562713,6.41,0.0
4.68647722391,-0.0282623302123,6.72,0.075
4.68675912176,-0.197877343539,6.51,1.193
4.68723935716,0.194264882679,6.24,0.474
4.68815352189,1.31198681867,6.39,0.972
4.6881813976,-0.601557784986,6.1,0.055
4.68826988455,0.0651382604255,6.57,1.453
4.69013918072,-0.434361748416,6.18,0.001
4.69115636817,-0.636620108439,6.05,0.074
4.69138266564,1.25672653913,5.43,0.34
4.69229139344,0.976885107742,6.09,0.316
4.69240412823,0.454658104833,5.47,0.341
4.69330026655,0.0362144291985,6.77,0.574
4.69426740849,0.392074614788,5.62,1.249
4.69456983275,-0.328159499181,6.48,0.056
4.69525935301,-0.738681410586,6.78,0.27
4.69550849472,-0.61171877577,6.74,0.035
4.69603961123,0.650144555129,3.86,1.35
4.69610493153,-0.566795624202,6.59,0.422
4.69627382919,0.0116998987284,5.82,0.058
4.69631999333,-0.275980563011,5.93,0.024
4.69669741911,-1.14706072854,6.36,0.451
4.69671096437,0.319866449095,6.66,0.4
4.69758079157,0.898650744191,2.24,1.521
4.69769484663,0.324848215678,6.55,1.002
4.69797819954,-0.489833522793,5.76,0.207
4.69838443568,-0.773918191213,4.85,1.176
4.69840779483,-0.0712412578518,5.44,1.162
4.69846441671,0.791521663581,6.22,1.453
4.69857392981,-0.570528627289,6.68,0.07
4.69900085695,-0.703466180219,6.46,1.411
4.69900637252,0.113232249005,6.28,-0.015
4.69961278933,0.00116352145236,5.95,0.11
4.69966905937,0.800337399036,6.75,0.524
4.69984146127,-0.417818693081,6.52,1.984
4.70005597278,-0.732661643436,6.74,-0.096
4.7002600242,-0.966585127531,6.55,0.815
4.70034086996,0.418807271442,6.32,0.642
4.70126134842,0.192763635789,6.33,0.13
4.70227487981,-0.68245522002,6.65,0.007
4.70233026721,-1.32955603184,6.08,1.205
4.70240689837,-0.993026924752,6.26,-0.066
4.70263539454,0.510471799451,3.7,0.935
4.70277552146,-0.728086702257,4.88,1.617
4.70342623397,-0.62845699988,6.76,0.12
4.70350180533,-0.683061187172,6.28,0.007
4.70402645886,0.569816169965,6.66,0.466
4.70585485764,0.52690227702,4.41,0.38
4.70650210521,-0.501940786014,5.99,-0.077
4.7067400014,0.633341527543,6.03,0.949
4.70746614697,0.793709777524,6.48,-0.064
4.7077119523,-0.64330001189,5.74,0.915
4.70814139164,-0.170582056949,3.32,0.987
4.70840971148,-0.528014893096,5,1.654
4.70879313057,-0.673234116996,6.8,1.646
4.70956538321,-1.35828387257,6.74,0.931
4.71069915195,-0.0841445267917,5.86,1.561
4.71070767071,0.7545996768,6.71,1.106
4.71099631099,-0.724085736531,6.51,-0.088
4.71148384393,-0.415669943786,4.74,-0.03
4.71211302502,0.794148856407,5.69,1.562
4.71239487463,-0.354992089656,6.22,1.405
4.71263603035,1.39627808169,6.11,0.521
4.71263741157,0.292358688911,4.67,1.254
4.71292108696,0.114387582894,6.78,0.078
4.71305031098,1.3963348775,5.74,0.516
4.71322843295,-0.42384093304,6.64,1.082
4.71352877103,0.010986549885,6.36,0.16
4.71353788051,0.0762467196455,4.79,-0.1
4.71356539372,-0.829970864296,6.7,-0.017
4.71440025959,0.340440180937,6.42,-0.054
4.71449866708,-0.0644073457738,4.62,0.39
4.71503424322,0.579688104436,6.01,1.516
4.71520446339,0.0511655062978,3.93,0.029
4.71623298375,0.1094023769,6.36,-0.104
4.71655394037,0.263432147878,6.28,0.747
4.71843373243,-0.299443843374,6.27,1.763
4.71896358028,0.376917506518,4.26,0.406
4.71923986995,-1.4872793182,6.45,0.437
4.71936309211,0.58139126291,6.18,1.549
4.72003922656,0.0227778776475,4.42,0.046
4.72026473093,-0.634913496681,6.3,-0.016
4.72070697221,-0.397591200143,5.72,-0.03
4.72279176152,0.36361546587,5.25,-0.1
4.72318984624,-0.05510463841,6.75,0.556
4.72330844516,0.400085830804,6.22,-0.092
4.72363609502,0.533294281357,6.59,0.45
4.72382956079,-0.361939891226,6.78,0.118
4.7244805809,-0.0935162407687,6.74,0.136
4.72483159027,-0.423809011855,5.37,0.495
4.72506420036,-0.485666992264,6.69,1.2
4.72560337297,-0.396512513143,6.73,-0.056
4.72583670298,-0.142774027461,4.77,0.41
4.72612518054,0.845861064717,6.26,0.037
4.72653797935,0.342314164062,6.41,0.017
4.72929283815,-0.42517494654,5.89,0.031
4.72936275412,0.530182642044,6.79,0.531
4.73255895445,0.0334927268675,6.14,-0.056
4.73276626719,0.417866716185,6.34,0.306
4.73298337801,0.699600961655,6.52,0.509
4.7335061191,-0.626598365231,5.98,1.16
4.73426396818,0.732100867065,6.38,0.287
4.73429466496,-0.516269917562,4.66,0.774
4.73615162788,-1.42220891094,6.37,1.528
4.73618984598,0.0436349668105,4.03,0.86
4.73639716851,0.377804858692,6.18,1.241
4.73692949737,0.0812829968293,6.8,0.61
4.7373544178,0.209506687948,6.51,0.276
4.73773203402,-0.53100056372,2.98,0.981
4.73781326424,0.562531373273,5.72,1.179
4.73870715153,0.387792598865,4.96,1.656
4.73910702207,-0.145280432282,5.84,0.184
4.73910909137,-0.00778640938601,6.32,1.014
4.73923904117,-0.903101511617,6.46,0.172
4.73967405596,-0.0829249880286,5.74,0.968
4.73980828733,0.426099599007,6.77,1.421
4.74029276889,-0.628663905055,5.94,0.615
4.74132317739,-0.87426120182,3.65,-0.101
4.74152036019,1.12087538614,6.67,0.93
4.74219702058,-0.757913000348,4.92,0.255
4.74245775665,0.887025592507,6.31,1.051
4.74304485943,0.533409961448,5.05,0.528
4.74338999845,0.867610865788,6.32,-0.02
4.74375785497,-0.374267316206,6.22,0.102
4.7442674153,0.152434736817,4.64,0.951
4.74445820907,0.0433132901212,6.51,1.481
4.74445828885,0.166920622394,3.71,0.159
4.74447318396,0.277795365914,6.68,1.128
4.7450222323,0.758553104571,5,0.913
4.74529938579,0.502000124583,3.84,-0.018
4.74639224597,0.171896309772,6.66,-0.008
4.74644856716,0.228133934277,6.61,0.053
4.74644977863,-1.12661311913,6.4,1.266
4.74644786825,-0.299396560632,5.52,1.132
4.74653219685,0.455484500727,5.79,0.127
4.74653643955,0.455553280805,5.83,0.158
4.74745931799,0.635321907839,5.49,1.161
4.74765752877,-0.496669968086,4.55,0.938
4.74782239606,0.0387227969316,6.61,0.178
4.7494851344,-0.798785100705,6.13,-0.082
4.74974890353,0.249315329638,6.34,0.181
4.74982635925,-1.11122588034,4.33,0.228
4.7501016207,-0.374365482841,6.42,0.755
4.75014964695,-0.0507441216174,6.75,1.001
4.75060376104,0.363282549989,4.37,-0.164
4.75113988346,0.349855308034,5.1,0.176
4.75114702214,0.435749790266,6.72,0.073
4.75122581263,-0.444588727246,6.76,-0.009
4.75240245681,0.531793633061,6.36,1.194
4.75329520761,-0.640056442133,6.53,-0.059
4.75412367003,0.0696958083773,5.71,0.363
4.75438359869,0.671214830881,6.38,0.876
4.75481353877,-0.243201774687,6.38,1.428
4.75558685432,0.0544512449226,5.67,0.49
4.75584594129,-1.03044556623,6.38,1.553
4.75594904441,0.636456719117,5.57,0.915
4.75601951103,-0.571065368028,6.39,1.025
4.75644492023,-0.53631639655,5.53,0.979
4.75665689801,0.28757073655,6.09,0.574
4.75792855512,-1.08214248759,5.47,0.592
4.75831988028,0.947479074521,5.97,0.943
4.75895288749,0.0580192044708,5.5,1.204
4.76004715594,-0.589922506967,6.13,-0.137
4.76070591713,-0.829260393787,6.07,1.193
4.76076530514,-0.449637086307,6.67,1.422
4.76078951099,-0.721852700732,5.86,0.295
4.7609060762,1.05434523393,6.5,-0.002
4.76138667338,-0.802055891614,4.52,1.009
4.76146071292,-0.346307489694,6.33,0.158
4.76153247086,-1.32455672107,5.86,1.253
4.76234445311,-0.0908444254162,6.74,0.062
4.76271119299,0.446126978834,6.78,1.11
4.76294275337,0.842810892985,6.65,1.074
4.7635268492,-0.966244072716,6.78,1.674
4.76353675973,-0.413664590188,4.96,1.055
4.76366670953,0.583761267993,5.98,0.045
4.76432403959,0.548126753438,4.96,1.643
4.7646151444,-0.504426939918,6.51,-0.016
4.76723113262,-1.28582624393,5.86,0.464
4.76768369254,0.0490927542482,6.68,0.072
4.76784804155,0.718147829892,6.36,1.038
4.76883911873,-0.882418125274,6.51,0.351
4.76946268563,0.676725112856,6.04,-0.057
4.76983942016,-0.0700157669473,6.59,0.276
4.77003558043,-0.721451233982,5.47,-0.155
4.77025094283,0.284020437981,6.77,0.545
4.77031672524,0.381883837209,6.14,1.472
4.77182713586,-0.557935239249,6.79,-0.043
4.77244354896,-0.367545983965,3.84,0.195
4.77290977103,0.0417738463068,6.43,1.545
4.77300743014,1.12394468528,4.99,0.44
4.77463188068,-0.378966200656,5.49,1.528
4.7746638039,-1.11159464801,6.47,1.414
4.77522949274,-1.23484162665,6.7,-0.025
4.77645750859,0.987651078652,6.66,0.362
4.77667516815,0.509763653701,6.51,0.579
4.77877745602,-0.361776554451,5.29,0.007
4.77878208405,-0.3558372726,5.96,-0.023
4.77907938237,1.2000152615,5.96,1.055
4.77977878182,-0.852620902398,6.58,0.891
4.77992466944,1.51246308104,6.51,1.604
4.78007603748,-0.325705961206,6.05,0.165
4.78020101042,0.789051447015,6.3,0.641
4.78065881071,0.7358193873,5.56,-0.111
4.78079440914,-1.10052374999,5.58,0.944
4.78171850363,0.530577721843,6.76,1.029
4.78172464336,-0.771548287681,5.45,0.962
4.78205162379,-0.0631458743226,6.35,0.201
4.78260732826,0.0414954913296,6.1,1.55
4.78606378725,-0.0524890454405,5.99,0.89
4.78638308377,-0.48373332081,6.66,1.246
4.78647540048,1.19976475893,6.79,-0.071
4.7866322956,-0.89130946627,6.06,-0.046
4.78691752006,0.0175533465096,6.62,0.312
4.78706337111,0.714480666988,6.12,0.977
4.78711337962,-0.977791940051,5.36,-0.05
4.78741108949,-0.303231519533,5.81,1.569
4.78785568121,-0.666326709655,6.69,1.139
4.78829203714,-0.493735753357,6.36,0.536
4.78831701754,-0.500072868289,6.18,0.184
4.78832251747,-0.170319313768,6.29,0.382
4.78864217342,-0.322247983421,6.52,0.043
4.78920135217,-0.595283945941,6.03,-0.096
4.78930792909,-0.269316692242,6.72,0.398
4.78930372721,-0.641612457796,3.1,1.582
4.79028413987,-0.328095688424,6.74,0.001
4.79099838567,-1.19082518689,6.32,-0.026
4.79114278095,0.240454672719,6.29,-0.04
4.79116081505,-0.471983127082,4.66,1.629
4.79148973452,0.316457699719,6.24,-0.004
4.79149085696,0.406607725642,6.45,1.698
4.79271337352,0.226551254092,6.76,0.002
4.79384905593,-0.738071799043,6.3,-0.144
4.7939656521,-0.446887892301,6.51,1.346
4.79589691867,1.24822202322,6.68,0.444
4.79598564693,0.126706830146,5.41,1.084
4.79606874534,0.426664223499,5.3,1.508
4.79820834876,-1.11503085704,6.17,0.584
4.79905269932,0.629445093844,4.33,1.162
4.79907874964,0.517776218019,6.01,1.319
4.7993699495,0.896188568702,6.3,1.112
4.79978009128,-0.85111402828,6.56,0.149
4.80003029669,-0.139300471999,6.54,0.401
4.80029479412,-0.276315238003,5.39,1.473
4.8009581648,0.383296935847,4.92,1.594
4.8014972617,0.505857970925,6.61,-0.096
4.80246739073,0.397889982595,6.8,-0.05
4.80295976129,1.24507973925,4.22,-0.093
4.80344157254,0.0589426514591,4.85,0.911
4.80366881358,-0.654282891402,6.46,1.315
4.80379839927,0.521136557987,5.61,0.231
4.80399251294,-0.520598610071,2.72,1.38
4.80409292811,0.503875747579,5.12,0.212
4.80411876966,-0.764015010064,6.65,0.276
4.80421138305,1.26942758413,3.55,0.489
4.804538523,0.867873096322,6.39,1.086
4.80506675287,-0.681058051027,6.77,0.128
4.80537147343,-0.0505940423812,3.23,0.941
4.80569040992,-0.329169085889,5.76,0.67
4.80608413065,0.0948713145094,6.14,-0.048
4.80616274233,0.895372944431,6.65,1.387
4.80629981235,-0.434853604206,6.19,1.823
4.80639463726,0.857333540026,5.02,1.619
4.8083920461,-0.496196449898,6.15,0.264
4.80901476151,0.406402995763,5.41,1.633
4.80973321743,-0.674690072671,5.09,1.498
4.81095050955,0.209957520774,5.99,0.056
4.81194822639,0.311133147284,5.25,1.25
4.81224194831,-0.640004480678,5.33,-0.121
4.81289881012,-0.178354905447,6.32,0.13
4.81295847649,0.291260543013,6.22,1.216
4.81307047635,-1.06027369797,6.8,0.245
4.81362990569,-0.209697038304,5.71,0.006
4.81373594348,-1.07327103888,4.35,1.462
4.81416021288,0.256564123697,6.74,-0.034
4.81484165983,-0.632472187471,5.52,1.015
4.81539546305,-1.30976971303,5.47,0.043
4.81562404124,-0.155934404796,4.66,0.932
4.81579106604,0.379953850043,3.85,1.168
4.81623378072,0.930275102366,6.35,0.168
4.81671799127,1.02626644551,4.98,0.082
4.81691085646,0.676126760625,6.41,1.429
4.81710546006,0.766334526951,6.63,1.682
4.81736966017,-0.0625378850374,6.36,0.351
4.81751690767,0.356961266997,6.75,0.305
4.81772974292,1.38269692156,6.54,1.092
4.81777713713,1.45168457834,6.16,0.051
4.8178594527,-0.600124762349,1.79,-0.031
4.81790481971,0.74118729197,6.65,0.097
4.818111517,0.689531393559,5.11,0.047
4.81843528509,-0.769869201598,5.24,-0.163
4.81951782917,-0.866606216815,6.45,0.593
4.82017234462,-0.123498383163,6.28,1.161
4.82126906265,-0.0275659589269,6.15,0.381
4.82136015699,0.478129168256,6.27,0.053
4.82157663536,-0.536803413091,5.58,1.138
4.82211743955,0.0887424428008,6.73,0.011
4.82257697602,-0.243969396989,6.61,0.778
4.8230021504,-0.358519931337,4.81,1.31
4.82304850898,-0.628179345977,6.14,1.006
4.82349926255,0.396308394473,6.8,-0.087
4.82377222318,-1.09993326845,6.13,0.202
4.82429358413,0.140184957507,5.64,0.884
4.82544306997,-0.592464546543,6.3,-0.075
4.8254884846,0.261210022939,6.37,-0.037
4.82574702944,0.520613042802,5.81,0.068
4.82576629171,1.14429860166,4.82,1.179
4.82880374165,-0.530463738809,6.75,0.548
4.82881175642,0.461625906413,6.5,-0.107
4.82976318166,-0.839804309984,5.44,0.855
4.83008383641,-0.802300957322,3.49,-0.179
4.83084339533,-0.140331565667,6.5,1.054
4.83110833501,0.00342273811768,5.2,0.487
4.83326170619,1.03932807064,6.43,0.979
4.83338067597,-0.464865739039,6.31,0.263
4.83379726637,-0.520402470895,5.9,0.517
4.83385812543,0.0654248888125,6.07,1.61
4.83430602719,-0.310674833446,6.19,0.003
4.83443427511,-0.443692367645,2.82,1.025
4.83447279297,0.108107506283,5.71,-0.034
4.83501048548,-0.467002030345,6.28,0.157
4.83502409684,-1.47283545731,6.49,-0.035
4.83653379309,-0.680602847691,5.63,0.14
4.83818477288,-0.856443323393,4.1,0.995
4.83873301953,-0.463944766522,6.68,0.095
4.83978737023,-0.254221401626,4.67,0.076
4.83986147051,-0.765255994431,6.36,0.904
4.84014635491,-0.678083147651,6.63,-0.019
4.84038031489,-1.40032492308,5.95,1.173
4.84044245531,0.313878639732,6.78,-0.064
4.84052425867,-0.440810947947,6.63,0.002
4.84152227812,0.416543799279,5.87,-0.096
4.84190548003,-0.0346501572607,5.38,0.961
4.84219526245,1.35345165831,5.65,1.192
4.84232579975,-0.254503677288,6.02,0.006
4.84299303224,-0.824153996868,5.69,1.258
4.84304940325,-1.00396824571,5.74,0.987
4.84366101961,0.0709538088655,6.66,0.11
4.84415135132,-0.32687912327,5.63,1.057
4.84432831782,-0.099905599494,6.27,0.953
4.84631759804,0.363291086591,6.49,0.795
4.8473802745,-0.838016556149,6.6,0.52
4.84786648816,-0.731534399147,6.02,0.138
4.8479755544,0.295459036063,5.76,0.053
4.84800428022,-0.575768663858,5.37,0.182
4.84873592149,1.14207406512,6.6,0.341
4.84928285428,-1.08696141998,4.63,-0.116
4.84952049684,-0.188422886613,5.77,0.379
4.8495643369,-0.321187662086,5.12,0.016
4.85095603407,-0.80136467173,4.92,-0.101
4.85153032695,-0.333795477648,6.59,1.07
4.85174065988,-0.759347075159,5.71,1.322
4.85179674148,-0.0175052574101,5.93,0.17
4.85215676245,-0.798616970965,5.07,-0.127
4.85251625212,0.0638721204447,6.41,-0.025
4.85284292668,0.90958770451,6.58,-0.061
4.85338283298,1.182929456,6.66,1.396
4.85351742637,-0.255590695966,6.36,0.217
4.85356614063,-0.692965539885,5.16,0.079
4.85452585757,0.995633525234,4.77,0.611
4.85476920365,0.804466731158,6.69,1.298
4.85516580036,-0.259454754959,5.47,1.998
4.85537177205,0.41219093812,5.88,1.49
4.85564826444,0.53327154351,5.47,-0.077
4.85603927928,-1.29094317825,5.88,0.992
4.8564441628,-0.696247122998,6.22,0.429
4.85711289143,-0.320588806553,6.79,0.46
4.85803000267,-0.103178939005,6.36,0.034
4.8580540887,0.539168662203,6.55,-0.102
4.85805748706,-0.675792062689,6.31,0.02
4.85806091155,-0.675895952358,5.67,-0.06
4.85807324152,0.144308206119,6.42,-0.044
4.85852091772,-1.02466158935,6.4,0.688
4.85857331884,-0.738492610118,4.62,0.994
4.8592162494,-0.259244477577,5.74,0.043
4.85984477639,0.806676372204,6.73,-0.053
4.86026825016,-0.41944245719,5.49,1.795
4.86050173971,0.913741242536,5.38,1.091
4.86057950969,-0.576247675693,5.28,-0.115
4.86179503654,-1.15679172661,6.76,0.894
4.86216514398,0.357206259744,6.57,0.125
4.86217591483,0.519091779476,6.64,1.025
4.86258035082,-0.944014684268,6.72,0.413
4.86298727088,0.903770988324,6.51,1.472
4.86300542026,-0.923131179266,6.21,1.254
4.86312436652,-0.422760508632,6.53,0.515
4.8637947252,-0.885260759682,6.79,1.296
4.86419581643,0.190101434352,6.48,0.032
4.86527924488,-0.191588391803,5.12,0.926
4.86600898385,-0.143886215981,3.85,1.317
4.86602172045,0.317709441462,5.79,0.006
4.86608735005,0.601405927762,6.1,-0.115
4.86665637264,-0.363734330965,6.49,0.28
4.86682927193,-0.336299370904,6.77,1.77
4.86731579841,0.411994227967,5.62,1.015
4.86775917033,0.0861492511515,6.47,0.075
4.86897563446,0.296281803035,6.21,0.542
4.86944272914,-0.518347142242,6.36,1.272
4.8704327083,1.1429937332,6.07,0.279
4.87055842041,0.533804433361,6.68,1.236
4.87149263817,0.15921750765,5.38,0.387
4.87157757418,0.0864816882374,6.73,1.142
4.87216103709,0.385850113178,6.76,0.068
4.87218438079,0.584144882456,5.41,-0.101
4.87231020806,0.116444968045,5.43,0.386
4.87253109714,0.26961999936,6.75,0.979
4.87278070445,0.754362975124,6.21,0.251
4.87340007878,0.0661460588028,6.6,0.899
4.87356309551,0.676903116397,0.03,-0.001
4.87407076056,-0.497646800679,6.78,0.954
4.87449072402,0.282713577822,6.31,0.896
4.87474965949,0.199342884418,6.57,-0.011
4.87592455911,0.516353276973,6.7,1.294
4.87599510134,-0.0509641207129,6.74,1.272
4.87626857566,1.09129487466,5.74,-0.045
4.87644711102,-0.00540131021233,5.76,0.067
4.87713805047,-0.0838944367165,6.77,0.374
4.8773554972,0.102685847852,6.68,-0.026
4.87758213481,-0.300742662631,6.78,0.582
4.87778991198,-0.373460746376,5.93,0.189
4.87852107427,-0.244429538461,6.49,0.189
4.8786661758,0.692342902822,6.02,1.444
4.87957699906,-0.019425290881,6.64,0.433
4.87992597147,-0.055739531072,6.49,0.553
4.87996385248,1.05960784517,6.65,0.393
4.88042892052,-0.410237776455,5.78,-0.018
4.88049372269,-0.850337993302,6.54,1.407
4.88069672296,0.263260001552,6.78,0.023
4.8810932386,0.08473208963,6.71,1.09
4.8820788725,-0.367424463507,5.85,0.673
4.88270914282,-0.404603776507,6.71,0.647
4.8835975105,-0.836183184045,5.84,0.233
4.88385859076,-0.596314755923,6.65,0.006
4.88496088641,0.714451563549,6.25,-0.052
4.885115951,-0.753735764023,5.42,1.654
4.88524033481,0.0918791366908,6.36,0.8
4.88603479553,-1.02746132368,6.75,1.177
4.88631083064,0.128431768261,6.26,0.962
4.88639920477,0.910993372389,6,-0.067
4.88646372865,-0.350310070679,6.67,0.261
4.88695011064,-0.135975085311,5.82,1.536
4.88706196689,0.538424836078,6.43,0.9
4.88780887246,0.669633877888,6.45,0.22
4.89011340103,-0.820780282126,6.8,0.079
4.89102365206,1.09518478523,6.1,0.978
4.89247486363,0.528740549789,6.79,0.82
4.89281471014,-0.880914059532,6.54,0.877
4.89351673041,-0.839410617075,6.47,1.22
4.89379208722,-0.054427744947,6.69,1.172
4.89426113797,0.710660255967,6.64,0.327
4.8942894181,0.551831431678,6.41,-0.047
4.89437307221,-0.254194004089,6.4,0.757
4.8950397333,-0.415971697915,6.22,0.231
4.89623664979,0.606437456738,6.49,-0.116
4.8966935492,-1.42782093583,6.27,-0.104
4.89684312985,-0.157996779309,4.7,0.358
4.89728466593,-0.833586119512,6.6,0.466
4.8972940644,-1.12823396461,6.35,0.153
4.89827508326,-0.123458555518,6.13,1.006
4.89840868658,0.969346391959,5.03,-0.07
4.89965550792,-0.336572945898,6.32,1.591
4.90016709603,-1.24665575585,4.01,1.134
4.9002432139,-1.36251325328,6.77,0.458
4.90076429898,1.23556829417,6.28,1.234
4.90121692131,0.685915555807,6.45,1.59
4.90212162123,0.940239707219,6.18,0.094
4.90228462315,-0.144429744763,4.88,1.112
4.90263762075,0.638033116885,6.04,1.04
4.90272638238,-1.12663490031,5.76,0.967
4.90342556951,-0.668870231685,5.11,0.075
4.90373771694,-0.118998619926,6.3,0.479
4.90375684974,0.19026080679,6.56,1.668
4.9037639631,0.557224513414,5.68,0.36
4.90396686656,0.83105961827,6.68,1.367
4.90474948354,0.672529173378,6.54,1.615
4.90495299599,-0.640855850085,6.31,0.98
4.90501274576,-0.337160146521,6.74,0.428
4.90570348809,1.0654911044,6.02,0.967
4.90578310533,-0.622070018524,4.86,-0.168
4.90585460854,0.692374264029,4.67,0.17
4.90603174332,0.691372415691,4.59,0.18
4.90730554565,0.411721132321,6.3,0.437
4.90734519676,-0.114077103845,6.71,1.868
4.90774607024,0.656333068131,4.34,0.192
4.90788046876,0.656149808998,5.73,0.285
4.90798238167,-0.436522797906,5.82,0.033
4.90800679231,0.0359544501368,5.02,-0.055
4.90840369246,0.958136610703,6.26,0.839
4.90853161125,-0.692654650829,5.4,0.85
4.9086827042,-0.693770432306,6.75,0.518
4.90957573071,-1.06631232602,6.04,1.484
4.91009529177,-0.366547334641,6.35,0.458
4.91010044519,-0.625818612528,6.57,1.181
4.91047671834,-0.992777662027,6.22,1.385
4.9106929379,-1.13221706088,4.78,0.199
4.91080127123,0.0959953381455,5.82,0.041
4.91100833391,0.348540432489,6.58,1.022
4.91132874301,0.383705089116,6.53,0.017
4.91150690914,1.39526285367,6.4,0.296
4.91160251384,-0.47107794791,3.17,-0.107
4.9116274556,0.358600718325,4.19,0.483
4.91175579876,0.274460244738,6.69,0.204
4.91213896962,1.29303682169,5.25,0.953
4.91281058915,-0.887896371802,6.24,-0.08
4.91318526542,-0.342195479289,6.34,1.578
4.91338221514,-0.479948060504,6.61,0.944
4.91342755843,0.465341949653,4.83,1.199
4.91375493371,-0.771839002774,6.77,1.513
4.91404790057,0.723296038061,6.06,-0.12
4.91460042918,-0.390817198647,5.37,1.591
4.91472039389,1.31657103994,5.37,0.049
4.91518127742,-0.0167847003579,5.89,0.131
4.91610971856,0.326479666621,6.18,1.594
4.91623499973,0.924814369739,5.91,-0.096
4.9162524717,-0.176715424867,5.69,0.584
4.91739736881,0.808347884532,6.52,0.068
4.91740017708,-0.874316332691,6.54,0.291
4.91755760435,0.317327367547,4.34,0.148
4.91822676693,-0.0828659170728,4.22,1.087
4.91891534831,0.295109225816,6.8,0.121
4.91957048965,-0.0995735983287,5.38,1.28
4.92038316534,0.856517859721,6.67,0.057
4.92070957526,-0.705220647762,5.2,0.781
4.92104228599,-1.35905732946,6.39,0.593
4.92163744324,0.554261334678,6.06,-0.139
4.92202231844,0.0740267797747,6.2,1.509
4.92299787475,0.851154425912,6.12,0.225
4.92302122626,0.410409785384,6.19,0.492
4.92458724603,-1.13581977534,5.71,0.268
4.92470045067,-0.104795004219,6.49,0.242
4.92513094684,-0.324651308281,6.46,0.902
4.92549983965,-0.762360644058,5.46,0.133
4.92571079804,0.337349810155,5.89,0.022
4.92587387219,0.419854152169,6.55,-0.071
4.92641687331,-0.570904489802,6.69,1.039
4.92723088484,0.437145062201,6.74,0.094
4.92743986056,-0.60648724991,6.59,1.085
4.92769493393,0.763309096966,6.54,0.81
4.92817895635,-0.799537077841,5.8,0.891
4.92873681883,-0.758068083074,5.6,-0.077
4.92876302334,-0.334096896994,6.77,0.192
4.92889652829,0.0145943960177,6.24,0.041
4.92910841979,-0.354732165984,5.22,1.404
4.92917015576,-0.103198918904,5.99,1.568
4.9292805346,0.278110241629,6.68,-0.029
4.92936812481,-1.27401569635,6.04,0.033
4.92939773319,0.552038231396,6.64,-0.014
4.92953075133,0.572691750834,5.93,-0.154
4.93004011413,0.568123130706,5.22,0.1
4.93090379866,0.582288385801,3.52,0.003
4.93187103957,1.06181559104,6.69,1.227
4.9328218765,-0.236880661218,6.48,1.662
4.93386772358,0.191574185375,6.37,1.443
4.9342269816,-0.386803189892,6.29,0.39
4.93481000453,-0.17059014825,5.82,0.594
4.93482028074,-0.716679087534,6.5,-0.075
4.93579488719,1.03652225677,4.63,1.185
4.93652979745,-0.0579075201473,6.08,0.299
4.93746106668,0.924590211374,5.51,0.843
4.93752853645,0.502369824652,6.22,1.183
4.93757410983,0.637727456524,6.1,-0.1
4.93942167132,0.243746523056,6.19,-0.008
4.93980904768,0.72227385552,6.28,-0.083
4.93989068114,-0.382602825036,6.58,0.144
4.94015010172,-0.727962781725,6.47,1.426
4.94022976258,-1.08537825896,4.22,-0.15
4.94047648545,0.373939267697,5.43,-0.068
4.94063701211,0.253692269956,6.55,1.05
4.94126147991,-0.813238242061,5.51,1.641
4.94134090413,-0.465143683269,6.28,0.941
4.94197577921,-0.512772081525,6.12,1.344
4.94216364625,-0.909445173284,5.18,0.962
4.94231337603,-0.536410567765,6.64,-0.028
4.94363781171,-0.813084824579,6.17,0.051
4.94377662848,-0.167124362471,6.27,0.2
4.94381614639,-0.844057155283,6.17,0.124
4.94411991947,-0.325274182409,6.77,1.276
4.94451783833,-0.906374568842,6.3,-0.092
4.94463004459,0.885025421812,4.92,0.903
4.94498981005,0.715501076064,6.6,1.407
4.94571924422,0.748791836891,6.61,1.599
4.9460595074,1.32273916682,6.33,0.021
4.94662390448,-0.558365717046,6.8,1.591
4.94681282821,0.645278264705,5.58,-0.138
4.94701206336,1.00332970123,6.24,1.243
4.94801507969,-0.372799624029,5.68,1.206
4.94874851414,-0.396972240801,4.86,1.412
4.94897182614,0.487113158187,5.64,1.361
4.94960308905,0.188641015277,6.54,1.311
4.94973881625,1.24437074436,4.82,1.151
4.95012515084,-0.793885135231,6.65,-0.081
4.95021079251,0.644002287293,4.22,1.575
4.95036746591,-0.870554067945,6.58,0.085
4.95114375204,-0.272324348256,5.08,0.141
4.9512725425,0.395231135694,4.57,0.782
4.95143657145,0.852757418404,5.84,0.452
4.95147195457,-1.52901041119,5.29,1.304
4.95180286988,0.726104485431,5.46,1.034
4.95182760544,0.59286349449,5.99,0.922
4.95289071975,-0.395689319149,5,1.348
4.95352982938,-0.458964384476,2.05,-0.134
4.95383322388,0.767003936148,4.08,1.397
4.95408486425,-0.652519318332,6.48,1.122
4.95425682098,-0.509864908903,6.74,0.979
4.95436766538,0.115458588725,5.58,1.041
4.95458262065,0.251065161329,6.62,0.353
4.95462660505,-0.285826194228,5.56,0.445
4.95496895346,0.734090377779,6.55,1.294
4.95565465173,0.125237125299,6.7,0.862
4.95569490722,-0.984773662907,6.77,1.61
4.95626459842,0.625012048538,6.67,1.2
4.95673456285,-1.40896738894,6.57,0.041
4.95678392388,-0.404458257746,5.91,-0.021
4.95701140207,0.314077924563,6.64,-0.071
4.95718032508,0.315999015215,5.69,1.092
4.95769371485,0.0733665745239,4.62,0.161
4.95778077167,-0.326541619279,6.63,0.977
4.95779996972,0.0733410472687,4.98,0.204
4.95796820436,-0.745441914998,5.35,0.998
4.95838293771,-0.0314135401218,6.2,-0.046
4.95859708484,0.0431304020171,6.14,0.961
4.95860631417,1.13896842133,5.62,0.938
4.95871571831,-0.553077821153,6.45,1.223
4.95906485417,-0.85507618356,6.65,0.836
4.95943835076,0.0744405210772,6.71,0.583
4.95968000688,-0.651762506534,5.36,-0.147
4.96001221735,1.00905950461,5.67,1.155
4.96071308466,-1.0961000078,6.47,1.535
4.96088285084,-1.17344584769,4.4,0.53
4.96121386414,0.57423555062,5.2,0.594
4.96136524894,-0.102037422027,4.83,1.057
4.9618669304,0.636519231513,6.7,1.363
4.96213913149,-0.766496462825,6.27,-0.073
4.96230489762,0.0442501404624,5.56,0.004
4.96235933359,1.08902913461,6.5,0.927
4.96258750297,-0.360521247501,5.02,0.137
4.96316885156,1.01621840765,6.47,0.072
4.96359960963,-0.695045875204,6.29,0.21
4.96428362392,-0.368380611053,3.52,1.151
4.9652620589,1.34479057938,6.56,0.421
4.96559979729,0.667870970357,5.89,-0.09
4.96619178092,-1.45599202875,6.35,-0.033
4.96653417339,0.303005075636,5.33,0.731
4.96695296136,-0.434183076598,6.62,0.055
4.96700956132,-0.541679942579,6.09,1.347
4.96718559424,0.108907302145,6.22,0.478
4.96726741769,-0.393213830556,6.14,0.087
4.96748062112,-0.923953373731,4.85,-0.051
4.96811765393,-1.05069780158,5.14,1.355
4.9684720077,0.359942170894,6.74,0.039
4.9686176198,-0.647645555421,4.83,0.396
4.96873823498,0.345477322797,6.52,-0.048
4.96884966906,0.709985875153,6.2,-0.146
4.96887413088,0.242716790702,5.91,0.251
4.96917040419,0.52675162771,6.8,0.606
4.96928851271,1.21354997318,6.52,-0.169
4.96931580233,-0.846588068654,6.63,1.322
4.96957945292,0.570540407086,3.25,-0.049
4.96978120948,0.886786837312,6.32,0.979
4.97024247679,0.237753024744,5.27,0.573
4.97062237153,-0.69001089854,6.49,-0.04
4.97071894021,0.684471378367,6.43,-0.168
4.97108614712,0.176993914494,6.75,0.211
4.97155596146,-0.224109297932,5.51,-0.038
4.97155734412,-0.336488285367,6.52,1.582
4.9717724667,-0.324045383883,6.37,0.962
4.97177460279,-1.31580511286,6.7,1.28
4.97195379898,-1.22991002055,6.49,0.305
4.97254182325,0.262991414891,4.02,1.082
4.97313233986,0.457806921368,5.26,1.228
4.97405092005,0.39818840485,6.28,1.672
4.97407597643,-1.25546131823,6.8,-0.037
4.97411581059,0.470639628284,6.8,-0.066
4.97424835704,0.561045061607,4.94,1.465
4.97444678905,-1.16332508414,5.98,0.977
4.97518283607,0.881975371627,5.39,-0.182
4.97557454078,0.710069739017,6.53,1.463
4.97596628449,0.588905957132,6.8,1.119
4.97599267807,-0.435323006247,6.35,1.253
4.9773488824,0.97142061678,5.51,0.862
4.97820268226,0.58995894993,6.04,0.983
4.97878791323,-0.646834690669,6.73,0.004
4.97886429177,-0.646846162755,6.44,0.02
4.97891252627,-1.09720598507,6.78,1.583
4.97894690034,0.337016180676,6.47,1.114
4.97981390161,0.458871689967,5.69,-0.086
4.98019153421,0.36360166311,6.78,0.004
4.98046919108,0.819167010535,5,0.186
4.98098902859,-0.266731991026,6.31,0.963
4.98108994176,0.436785039718,6.74,1.461
4.98129624744,-0.396108834426,6.25,1.647
4.98152072853,-0.100166450394,4.02,1.079
4.98206919497,0.586801639579,6.39,-0.117
4.98214636623,0.388587301865,6.44,0.13
4.98342669911,0.912127528554,6.35,0.983
4.98353420027,-0.73147629512,6.21,0.001
4.98448339006,0.146145820988,6.25,1.648
4.98492777355,-0.433658924127,5.63,1.232
4.98539805638,-0.187130300051,6.64,0.205
4.98558501186,-0.521506218738,2.6,0.062
4.98674169568,0.343149368096,6.11,1.317
4.98687825063,-0.0645594959001,5.4,-0.005
4.98755503657,-0.33590058745,5.96,1.158
4.98777757556,-0.734698172953,4.74,-0.027
4.98778715836,-0.333410673323,6.37,0.48
4.98856508763,-0.667643363468,5.73,0.328
4.98868426479,0.0100557420342,6.7,1.42
4.98943604937,-1.2000106152,5.89,0.553
4.98962382181,0.0317434867848,5.82,0.182
4.99036783001,0.371202731305,6.61,0.323
4.99146313966,-0.890442611762,5.93,1.236
4.99171506574,-1.01159217489,6.3,0.857
4.99242048806,0.0581292019487,6.72,0.144
4.99267394289,-0.399619614895,6.73,0.206
4.99339827889,-0.0992192260305,6.48,2.3
4.99346383614,-0.541873753214,5.49,0.026
4.99454653028,-0.844807500855,6.66,1.018
4.99462168004,-0.379460682823,3.76,1.012
4.99546700049,0.334130756092,6.57,1.43
4.99565352395,0.931947424694,5.4,-0.014
4.99583565366,-0.0703615519186,5.4,1.12
4.99584988992,0.554038568596,5.63,1.548
4.99588023863,0.536398942672,6.07,1.575
4.99672066736,0.871323625771,6.45,1.348
4.99735523993,-0.0263929282713,6.51,0.359
4.99779454535,0.241963338836,2.99,0.014
4.99899966039,-0.273325866484,5.93,-0.015
4.99943226032,0.522231729398,6.32,1.668
4.99947410349,0.11426341517,6.75,0.505
5.00115067275,-0.16811376294,6.63,1.029
5.00145465315,-0.0852166466036,3.43,-0.096
5.00160714148,0.722806821341,6.51,-0.147
5.00181855736,-0.913521213922,5.17,0.532
5.00204375609,0.124888802958,6.71,0.382
5.00219333989,-0.646879004936,4.23,0.523
5.0031119808,0.499663238622,5.53,0.296
5.00316045316,0.423256183593,5.78,0.104
5.0041583657,-0.283254304616,6,-0.025
5.00418575824,-0.659920480822,6.15,0.705
5.00435442774,-0.878304555631,6.29,-0.057
5.00441184375,-0.842979095781,5.95,-0.017
5.00447074443,-0.482939985934,3.32,1.169
5.00463004255,0.193229389005,5.07,-0.055
5.00533710016,-0.327042775855,6.28,-0.044
5.00538822221,0.0111871800342,6.55,0.043
5.00605000885,0.630066601437,5.25,-0.109
5.00659093356,0.567262343872,5.2,0.367
5.00697446373,-0.499806450371,6.05,1.579
5.00890006325,0.294147058442,6.08,0.705
5.00923880838,0.431550730751,6.59,-0.024
5.00935099541,0.378717727468,6.22,0.434
5.0101539515,-0.430352275852,6.3,0.011
5.01030957556,-0.33667905436,5.56,-0.087
5.01061927434,-0.706800799585,4.57,1.07
5.01097306849,0.915001611955,5.88,1.086
5.01167101885,0.251942151415,6.64,-0.031
5.01183627942,0.42200853148,6.7,1.969
5.01201877931,0.294110844494,6.65,0.462
5.01231058997,-0.330788528672,6.57,1.581
5.01232727271,-0.404746823776,6.66,0.914
5.01287292652,0.52885203696,6.78,1.268
5.01289444312,-0.0399189750908,6.58,1.277
5.01289834152,-0.972504881739,6.44,1.101
5.01331303353,0.197109462177,6.65,1.16
5.01343559217,0.257968682368,6.74,1.1
5.01345188436,0.105997453723,5.23,0.346
5.01377664089,0.603891795347,6.7,0.643
5.01416938921,1.33623283794,5.11,0.308
5.01551836177,-0.661557879009,4.11,0.042
5.01610275593,-0.631194975144,6.54,0.0
5.01634944598,-0.69511643054,6.44,1.064
5.01678920956,1.15154228906,6.26,0.008
5.01679134537,-0.366931299373,2.88,0.377
5.01695955953,-0.345639020445,6.11,1.156
5.01721032426,-0.00747199095039,6.34,-0.042
5.01729164574,-1.19423190072,5.31,0.901
5.01755626425,0.622401879372,6.55,1.311
5.01765097779,-0.731157797482,5.86,-0.08
5.01794928286,-0.686626422252,4.1,1.163
5.01842282413,-1.2487573923,6.64,0.978
5.01983044506,-0.523723019588,6.52,0.464
5.02227536734,-0.1296348289,6.74,0.81
5.02232354339,-0.68076052788,6.34,0.006
5.02355305905,-0.514912145208,6.28,-0.031
5.02386918073,0.705620826654,6.2,0.093
5.02443790875,0.466628981067,6.35,0.444
5.02513372804,0.992380468217,5.13,1.008
5.02553079952,0.545999305949,5.93,-0.062
5.02691882681,0.870147083826,5.85,0.666
5.02725949004,-0.655948924406,6.55,1.016
5.02769061653,0.82684954967,6.54,1.024
5.02858720327,-0.37801007469,6.39,1.129
5.02896334738,1.18091667048,3.07,0.99
5.02905385648,0.294025494217,6.73,-0.01
5.02921952853,0.376198250198,6.02,0.069
5.02950883132,-0.138570728494,5.35,0.094
5.0299024285,-0.881154249781,6.12,0.954
5.03190556049,-0.452158717699,5.79,1.387
5.03203022013,0.262421329433,6.7,1.394
5.03204043669,-0.214371525301,5.51,1.442
5.03334309131,-1.09820617824,6.59,1.281
5.03401700319,0.0400327465533,5.14,-0.071
5.03411324858,0.0962654708591,6.47,0.1
5.03421953055,0.683226033123,4.43,-0.15
5.0349225266,1.0071440171,5,1.156
5.03643974596,-0.152176908886,6.54,0.977
5.03660339024,0.204426427949,6.77,1.533
5.03676517367,0.976344050194,6.74,1.048
5.03815102831,-0.788775846304,5.91,0.902
5.03892581183,0.556068003303,6.61,1.0
5.03983389653,0.352611014883,6.03,0.895
5.04021390933,1.4566997268,6.5,0.108
5.04090069028,0.370570372734,5.65,0.121
5.04103292857,0.873906032776,6.27,0.93
5.04109921712,0.263259381155,5.58,1.067
5.04125928537,-0.105588296002,6.63,0.353
5.04144582138,0.532785863292,5.88,1.665
5.04199621455,-0.440812266844,4.86,0.569
5.0420541321,-0.422009304902,6.25,0.548
5.04205444869,1.28029443841,4.45,1.257
5.042064487,0.323171316757,6.46,1.743
5.04371561324,0.54167165895,6.79,1.223
5.04378061153,0.479196281953,6.54,-0.027
5.0439644135,0.487405915695,6.18,0.634
5.04494982697,0.373333394382,4.76,-0.058
5.04558270988,-0.793531976552,5.38,1.349
5.04560833421,0.665559157178,4.35,1.258
5.04563039904,-1.32296134203,6.61,0.169
5.04594960615,0.253851430333,5.65,-0.02
5.04608171595,-1.20760770134,6.25,0.193
5.04625821256,0.0843830989711,5.59,0.101
5.04638436921,-0.585074802393,6.58,0.692
5.04652416212,0.115133602783,6.68,0.111
5.04666812531,-0.915212360091,6.76,1.025
5.04773863355,0.820289081505,6.02,0.479
5.04840293247,-1.13843816911,6.42,-0.046
5.0488117326,0.931455331838,3.8,0.95
5.04925389412,-1.16345476968,5.52,0.17
5.04981755754,0.68279165048,6.57,1.122
5.05113408967,-0.330790646362,4.88,1.013
5.05127064578,-0.278679114581,6.62,0.242
5.05153816421,0.401871485466,5.46,0.02
5.05186901754,0.0354603297223,6.19,0.019
5.05192812961,0.202378290356,5.28,0.196
5.05279063827,0.541433650335,6.69,0.102
5.05343876268,-0.93178043151,6.36,0.505
5.05500359037,0.00739084874792,6.72,0.401
5.05509130781,0.0189390720668,5.1,1.143
5.05548177648,0.865150217136,6.32,1.123
5.0562485117,0.342267385665,6.5,-0.006
5.05643291989,0.00591708069922,6.4,1.05
5.05656450132,0.167866997902,6.31,1.065
5.05709866088,-0.271164293355,6.09,1.42
5.05717525486,0.653544579291,6.25,0.012
5.05736359628,0.582744674892,6.6,-0.191
5.05750334418,0.475799407927,6.77,1.865
5.05974085337,0.949040014693,6.23,0.03
5.05981247745,-0.900111723482,6.57,0.068
5.05992817325,0.651540825527,6.29,0.676
5.05995297056,0.21597890501,5.53,0.265
5.05999988165,-0.618220961572,5.59,-0.122
5.06044691061,1.12383162964,6.52,-0.098
5.06095051036,0.201323110205,6.03,0.087
5.06165850192,-0.115680575984,6.76,1.683
5.06261987322,1.00609730456,5.91,1.626
5.0633596093,-0.555321871751,6.56,1.68
5.06342362102,-0.0228596044294,6.57,0.438
5.06384769541,-0.0945229462577,4.98,0.937
5.06385862801,0.614110806905,6.3,-0.092
5.06405001583,-0.0155711464943,5.46,-0.041
5.06422915312,-0.390997999752,5.59,0.276
5.06436953671,1.14693493815,4.6,0.033
5.06540364294,0.387441916814,6.56,-0.063
5.0676638943,1.00822104315,6.59,1.307
5.06798131518,-0.610577039941,6.48,0.628
5.06840198514,1.33621701749,6.22,2.673
5.06851702994,-0.335704406147,6.25,-0.091
5.06874551708,1.38933146905,6.06,0.072
5.06875317575,-0.311492357553,3.92,0.228
5.06899050393,-0.278467587981,4.52,0.079
5.06951914639,-0.319541655474,5.84,1.062
5.07087513862,-0.733317999845,6.33,1.129
5.07169516914,-0.143135708481,6.66,-0.045
5.07174827351,-0.00440424325025,5.81,1.093
5.07260694293,0.585002298879,6.09,1.052
5.07292513493,-0.894154443074,6.42,0.328
5.0729660551,-0.775955313507,3.96,-0.085
5.07311216841,-0.360286754044,6.72,1.032
5.07315638586,0.655916078485,6.6,1.106
5.07369764301,0.173017109462,6.34,0.458
5.07388185661,0.458365403336,5.22,-0.119
5.07390451071,-0.949876780232,5.03,0.02
5.07486834298,-0.129165102935,6.31,1.455
5.07514264447,0.260421145602,6.65,0.297
5.07549852084,-0.781903637291,4.27,0.35
5.07627459242,0.877399510648,6.51,-0.071
5.07701757824,0.579832691261,6.37,0.804
5.07722892783,-0.941537633739,6.62,0.968
5.07795760623,0.353679729817,6.4,0.013
5.0784114559,-0.708881878905,3.96,-0.105
5.07865345447,0.757266432356,5.85,0.924
5.07876099583,0.571137124245,6.76,1.227
5.07930819734,-1.19330048666,6.33,1.238
5.07934836813,0.63620905364,6.44,1.074
5.07945919739,0.51698986827,4.99,-0.12
5.07983237317,-1.09952573374,6.58,0.455
5.08046947101,-0.763093960177,6.13,1.603
5.08051333059,0.29561901071,6.27,0.075
5.08054723661,0.490220568563,6.53,-0.08
5.0811028056,-0.486352492769,6.03,-0.117
5.08313988714,0.208469377282,5.17,0.761
5.08338289835,-0.085251232721,6.5,0.34
5.08356547643,-0.511544814357,5.91,1.278
5.08447046041,-0.42775532866,5.02,0.235
5.08459127586,0.65005133603,6.8,1.129
5.08484171996,-0.24255067435,5.72,1.372
5.08489984099,0.353808376446,6.31,-0.014
5.08514535596,0.434809938831,6.19,0.528
5.08535128301,0.345546661309,5.14,0.999
5.08542843624,-0.418223763747,5.45,1.442
5.08544584811,0.054363084118,3.36,0.319
5.08642333254,-0.391855538871,6.79,1.296
5.08667235016,1.01276782353,6.6,-0.139
5.08736341133,-0.869922484305,6.66,0.953
5.08738960373,0.784189575754,6.68,1.016
5.08829844802,0.633866865354,5.17,-0.12
5.0884377364,-0.262728799332,5.71,0.007
5.08859803854,0.350771604322,5.6,-0.006
5.08902773695,-0.380074991016,5.57,1.228
5.08938989014,0.227308217123,5.76,0.456
5.08942164629,-0.253966563006,6.7,0.054
5.08956009354,1.09182814452,6.38,1.413
5.08972094315,0.347172045844,5.84,1.558
5.08985992043,0.353585951913,6.64,0.012
5.08989563052,0.00590916243125,4.64,0.576
5.09065825434,-0.81295542192,6.65,1.663
5.09174213949,-0.519117209213,5.66,-0.014
5.09388615974,0.913163866023,5.73,-0.002
5.09446395492,0.249276316013,6.31,-0.068
5.09464486582,0.662198806801,6.3,-0.12
5.09498633061,0.0822000737002,6.73,0.368
5.0954974272,-0.948154866759,5.7,1.406
5.09674406862,-0.320430368911,6.73,1.584
5.09683360844,-1.21530512135,6.72,0.51
5.09736939055,0.514004248707,6.57,1.08
5.09787390184,0.051138672501,5.84,-0.003
5.09893085448,-0.263584885898,6.77,-0.026
5.09944025984,0.430483797356,4.44,1.502
5.10051257125,0.432295761433,5.82,1.023
5.10079659737,0.0340417312531,5.79,0.088
5.10203566557,0.00429490266797,6.25,1.317
5.10224447714,0.353948173506,6.34,-0.097
5.102278133,-0.122942501759,6.37,0.87
5.10233579672,0.254748589769,5.57,1.05
5.10245735044,-0.758261695196,5.7,0.214
5.10291125364,0.633335994802,6.66,0.349
5.10380462045,0.902854961004,3.76,0.148
5.10451975505,-0.470987831839,5.46,1.12
5.1045499139,-0.967641151585,6.14,0.974
5.10585417887,0.0506856310946,6.08,1.82
5.10617109772,-0.560100518498,6.6,0.394
5.10634791202,0.588672589558,6.55,1.128
5.10749678969,0.0601161799655,6.09,-0.019
5.10759522913,0.979761671178,6.68,0.015
5.10760387212,-0.961851877202,6.29,0.45
5.10798511423,-0.0486752586952,5.03,1.77
5.10823554723,0.487988492169,3.05,1.088
5.10838931328,0.488086150427,5.12,-0.095
5.10849371327,0.632306668673,6.26,-0.015
5.10901843683,-0.371968713539,6.11,0.121
5.10947204418,1.23899769605,6.06,1.416
5.10983043502,0.0351115009916,6.52,1.452
5.11005110849,1.02251877588,6.6,0.859
5.11024790322,-1.19439721729,5.98,1.638
5.11043720274,0.972704033358,6.37,1.123
5.11062718736,0.584174849456,6.7,0.099
5.11085794191,0.878017651739,5.55,1.274
5.11102368863,0.464557275287,5.89,0.915
5.11281998397,0.601317734132,4.74,-0.15
5.11386408771,0.130687506789,6.8,1.421
5.11483502048,-0.777481118857,6.48,0.526
5.11533717612,1.2158168706,4.67,0.786
5.11588816681,-0.538773835962,6.58,1.551
5.11772782338,-0.928264142434,5.76,0.3
5.11780682618,0.545172527093,6.7,0.45
5.11840802252,-0.529930901921,6.76,1.6
5.11874273491,0.0877794581231,6.61,1.851
5.11891013914,1.04996722441,6.3,1.58
5.11975062208,-0.790141067622,5.59,-0.02
5.12015124163,0.579481861105,6.62,0.595
5.12082760098,0.676524092808,6.61,0.113
5.12120368596,0.859789657429,6,1.545
5.12152551523,0.0953945928903,6.35,1.471
5.12293054353,0.12878682417,4.45,1.176
5.12315837835,-0.698736250933,5.89,0.105
5.12386401885,0.731768012056,6.68,-0.008
5.1239797246,0.894247710876,5.71,0.475
5.12436803312,1.24974921595,6.7,0.428
5.12500963963,-0.416415158521,6.51,1.677
5.12507903987,0.345110982175,5,-0.093
5.12544045799,0.840629987572,6.79,0.256
5.1255417676,0.740237918065,5.34,0.06
5.1257356443,0.766999870245,6.64,-0.034
5.12591145585,1.10713515071,6.47,1.326
5.12624489526,0.514225560522,5.39,0.581
5.12662140639,0.589842531164,6.64,1.567
5.126829415,0.475171874007,6.74,0.29
5.12688568192,-1.4268580733,6.63,1.042
5.12699442536,0.916333084165,6.39,1.122
5.12743243243,-0.18431451496,5.12,1.122
5.12784930535,-0.839489433825,4.88,1.096
5.12873233466,0.0508520065045,6.37,0.414
5.12888458677,0.272455931416,6.55,1.134
5.1290721629,-0.130206495545,6.32,1.124
5.12933790866,-0.213857190909,6.27,1.089
5.1295067763,-0.362715909611,6.74,0.557
5.13041741529,0.644803846308,6.03,-0.08
5.13094898161,0.994556687186,6.73,0.636
5.13097326337,0.876829293737,6.47,1.034
5.13106485669,-0.92516555873,6.71,1.395
5.13138820092,-0.431429358647,5.64,0.185
5.13181008006,0.614594175364,6.75,1.52
5.13185228502,0.194607141196,6.7,0.082
5.13187535708,0.394195933295,6.33,-0.059
5.13211540947,0.212260133642,6.72,1.419
5.13218546205,0.104849233766,6.62,1.084
5.13240870493,0.251171556401,6.37,1.045
5.13316416069,-0.329045551961,6.13,0.273
5.13319786727,0.876523593926,4.49,0.395
5.13362557261,0.762815545955,6.6,1.476
5.13403139453,0.780073790528,5.17,0.928
5.13435352634,-0.434301150748,4.59,-0.075
5.13441523318,-0.0224554212398,4.36,-0.079
5.13495678874,-0.177281689122,6.77,1.549
5.13508243658,0.196754560172,5.98,0.881
5.13515493772,-0.122652615113,4.93,-0.046
5.13538761083,0.669924146004,6.51,-0.127
5.13587426212,-0.318191884564,5.66,1.237
5.13633078688,0.511969644531,6.43,-0.087
5.13648532001,0.497416457943,6.67,0.606
5.13689619034,0.28733010717,5.67,1.007
5.13733708515,0.331202696757,6.67,1.513
5.13813410492,-0.249613512341,5.46,0.501
5.1385996046,0.611258570031,6.44,1.559
5.13907234389,-0.0811166183519,5.45,0.429
5.13975481983,0.860175329557,6.47,0.99
5.14010112342,0.615385501944,6.55,0.934
5.14128838311,0.362738601467,6.5,1.037
5.14188091885,-1.01200020663,6.19,0.973
5.14211829578,-1.15042026789,6.79,0.062
5.14298848513,0.95947369441,5.89,0.482
5.14314768996,-0.177267206051,6.61,0.342
5.14355741015,0.0590186993327,6.36,0.001
5.14408284191,-0.499290110412,6.72,-0.073
5.14511012622,1.19821317123,6.78,0.865
5.14520455124,0.0942089146479,5.18,-0.001
5.14600187672,0.526274734133,4.68,0.971
5.1462004623,0.28922061608,6.37,1.918
5.1462836655,0.747319927402,5.41,-0.063
5.14686932706,0.802108628259,6.25,0.931
5.14739652765,-0.790259782958,6.24,0.293
5.14762478344,0.593044344811,6.1,0.094
5.14795480552,-0.408890505796,6.33,0.034
5.14815049353,-1.16388163227,6.37,0.037
5.14816030767,-0.264721705045,6.73,-0.05
5.14839540099,-0.688233800369,6.6,0.247
5.14914244314,0.314401698454,4.39,0.777
5.14924228449,-0.408914684719,5.97,1.038
5.14968078272,1.05604836102,6.49,0.212
5.15008030025,-0.949769613267,6.24,1.001
5.15027012454,-0.0950771000929,6.59,1.126
5.15078115063,0.357392367503,6.52,0.323
5.15159958858,0.413956340421,6.64,-0.009
5.15171376842,0.751849865911,6.17,1.561
5.15187162208,-0.0108425642565,5.64,0.123
5.15187610264,-0.284371164544,5.3,1.109
5.15236920593,0.794560127664,5.06,0.426
5.15329833934,0.305014457921,4.39,1.041
5.153486636,0.241129132488,5.98,-0.078
5.15414992912,0.391874812647,6.43,1.481
5.15579366883,-1.14937634569,6.08,1.556
5.15664819627,0.881828654393,5.99,0.643
5.15686740078,0.881697107862,6.25,0.661
5.15691116627,0.477908553223,6.67,-0.039
5.15727474028,0.702567350825,6.22,0.182
5.15766050553,-0.160459538046,6.31,1.341
5.1577491682,0.968015829692,6.42,1.453
5.15837970942,0.212812552965,6.33,-0.077
5.15909484593,-0.433876784862,6.7,0.196
5.15971192531,-0.281416824548,5.06,0.319
5.1599211565,0.206412810002,5.28,0.575
5.16069175608,0.56595340267,5.93,0.118
5.16097084142,0.39883624057,6.54,1.057
5.16101908088,0.511935839434,6.54,0.337
5.1615392402,0.71072874406,6.71,-0.02
5.16250917033,0.535430201411,6.08,0.003
5.16259414471,0.674948727726,6.37,1.22
5.16285499364,1.01258098608,6.29,0.59
5.16424942719,-0.270004275133,5.49,0.46
5.16454689012,-0.655175043826,6.14,0.019
5.16468338693,0.995583162564,6.28,0.887
5.16493280609,0.449805007809,5.5,0.939
5.16509051282,0.729078280181,5.86,1.598
5.16555285907,0.596252018564,6.04,-0.071
5.16588180497,0.473602036889,6.27,1.015
5.16630533471,0.166113898059,6.57,1.26
5.16738132493,0.651956484681,4.89,0.948
5.16751315446,1.21016007052,5.9,0.072
5.1684691626,0.324433003424,6.78,1.676
5.16866106251,0.232177360003,6.25,-0.041
5.16895056841,0.600640470111,6.39,1.521
5.16917775331,0.152306815629,6.43,0.94
5.16974181993,0.710642278379,6.36,1.561
5.17012327799,-0.184531496234,6.63,1.683
5.17042644244,0.787681221883,2.86,-0.002
5.1734215836,0.629907172556,6.38,-0.049
5.17344294196,0.132874674242,5.89,0.18
5.17427250881,0.611087792232,6.14,1.07
5.17433632704,-0.0503257462076,6.47,0.016
5.17498971221,-0.556909629535,5.51,0.024
5.17603418586,0.185236351343,2.72,1.507
5.17648249633,-0.344896486848,4.87,1.061
5.17669682218,0.949556989206,6.75,0.945
5.17676271581,0.588657626306,5,0.476
5.1772840501,0.872845113993,6.68,1.13
5.1774475206,0.574014191836,6.18,1.172
5.17777689794,0.43866815119,6.66,0.295
5.17814911319,1.19446839658,6.34,0.309
5.17968694389,-1.09002281798,6.71,1.607
5.18095624771,0.323484315875,3.68,1.313
5.18121594373,0.836144720418,6.14,1.64
5.18128468377,0.670339318791,5.83,-0.087
5.18168756028,0.0190047040526,6.77,0.61
5.18262056947,0.100914866881,6.7,1.057
5.18279423313,0.443035395582,6,0.993
5.18360189443,0.549888284566,6.79,0.12
5.18362629669,-0.365779056324,6.66,0.89
5.18371190472,-0.983713144672,5.33,0.196
5.18384776871,-0.239173210409,6.11,0.193
5.18437402433,1.22640673828,3.84,0.888
5.18475062013,1.03712528249,6.64,0.592
5.18584688086,0.186647252109,6.44,0.932
5.18668636762,0.206226294696,5.75,0.546
5.18681254191,0.616301388983,6.66,0.437
5.18727650564,-0.215014455328,6.47,1.676
5.18730748359,0.583590685502,6.42,0.129
5.18750677054,0.203943705626,6.53,0.912
5.18763360626,-0.923071629248,6.27,1.131
5.18789369176,0.334091664889,5.01,0.095
5.18815144827,-0.189730612268,6,1.233
5.18883472842,-0.502462355578,6.04,0.403
5.18983083713,-1.26542267068,5.39,0.234
5.18987034944,1.10311550425,6.69,1.449
5.18999127467,0.675619560968,6.12,0.906
5.19187591967,-1.16610803658,6.44,1.482
5.19197056954,0.496365957916,6.45,-0.104
5.19204989685,0.472725605865,6.46,0.937
5.19306466773,-0.174657329364,6.75,0.9
5.19337678643,-0.830033071051,5.91,1.678
5.19362564919,0.137923223012,6.49,-0.086
5.19393653181,-1.0657175832,6.21,-0.135
5.19394664307,1.06829981306,6.7,0.514
5.19482661863,0.675833711284,5.18,1.665
5.1950690771,0.708599474629,5.68,-0.058
5.19509815491,0.924815085783,5.03,1.286
5.19561175751,-1.03312438096,5.41,0.082
5.19563233685,0.352755944662,6.71,0.156
5.19577210555,0.154781417068,0.76,0.221
5.19575675467,-0.187858716309,5.38,0.402
5.19576316532,0.660193905653,6.13,1.626
5.19589321609,-0.0819272588669,6.75,0.326
5.19680166539,-1.14502477464,6.04,0.317
5.19683712591,0.181788728925,5.12,0.563
5.19701652953,0.394619750687,4.9,-0.153
5.19752488751,-0.0429523732986,6.12,1.573
5.19800731707,0.168073239187,6.25,0.102
5.19812685544,0.826888763553,6.22,0.398
5.19866963159,0.0713600855339,6.47,1.345
5.20007790355,-0.65164195519,6.65,1.194
5.20039767209,-0.695938996175,5.32,-0.045
5.20101353592,0.820781901739,5.6,-0.078
5.20119708364,0.436195513285,5.54,0.68
5.20133147193,0.202952619712,6.16,0.642
5.20160242587,0.836567632848,5.91,-0.174
5.20162006839,-0.190113316818,6.67,1.15
5.20195409164,-0.332397802929,5.88,0.979
5.20221428119,0.180669391277,6.52,-0.027
5.2022747016,0.635863502077,6.13,1.434
5.20266395579,0.325885692698,6.24,-0.031
5.2031441324,0.0175520873253,3.87,0.63
5.20382380848,-0.959425391923,5.76,0.915
5.20392581525,-0.959519954193,6.5,0.1
5.204548155,1.12008340161,6.76,1.096
5.2055352619,0.834402117902,6.3,-0.126
5.20590884734,-0.254873971028,6.47,0.149
5.20670798683,1.0039741541,5.14,-0.125
5.20680698899,-0.0543576452233,5.63,0.231
5.20708839997,0.0768013345158,6.52,0.015
5.20745846035,0.420268543465,4.57,-0.047
5.20801910678,1.04211270735,6.06,0.033
5.21040974085,-0.14964821173,5.76,1.664
5.21051285415,0.589589445877,6.73,1.1
5.21088998078,0.147680209005,4.71,1.023
5.21109879419,-0.417850508752,6.22,1.017
5.21206765075,0.424453400487,5.56,-0.018
5.21254596604,-0.143593274649,5.7,-0.079
5.21257581353,-0.14376360212,6.49,-0.04
5.21273125331,0.124622669576,6.14,0.043
5.21274914654,-1.06763172894,6.21,0.163
5.21303454633,0.391463964501,6.73,1.508
5.21306553939,0.00477570004021,5.6,0.098
5.21331658942,0.645696355277,5.79,0.773
5.21454234664,-0.576765899875,6.47,1.487
5.21454892693,0.829746965784,6.72,1.059
5.21464395492,0.527000378967,6.58,-0.081
5.21531233838,-0.730739478066,4.12,1.063
5.21553781122,0.111819115829,3.71,0.855
5.21558920465,-0.117544092821,6.49,0.391
5.21577505148,1.01665766277,6.1,1.021
5.21692009254,0.915232295094,4.91,0.124
5.21712438183,0.701149383595,6.59,1.439
5.21783225223,-0.459012976863,4.7,0.748
5.21793537693,0.671719725453,4.95,-0.086
5.21819870121,1.02705591109,4.98,1.584
5.21862637142,0.290332014718,5.71,0.903
5.2186531577,-1.41982255812,6.39,1.402
5.21930471151,-0.668924269428,6.62,1.705
5.21957085945,0.199381541865,5.28,0.014
5.21987081868,0.612321255175,3.89,1.019
5.21991892779,0.989375084706,6.16,0.09
5.22156578082,0.540131043164,6.8,0.646
5.22174467033,0.632692304364,6.03,-0.14
5.22181925864,0.888416617937,6.46,0.003
5.22210585565,-0.533550337917,6.55,0.184
5.22215409278,0.414983299249,6.79,0.328
5.22266728524,-0.474204191197,4.54,1.462
5.22273045275,-1.01099314888,6.55,1.535
5.22292830484,0.366489373821,6.62,0.075
5.22335572102,-1.0280225168,5.24,0.014
5.22390619134,0.704551438062,5.46,-0.09
5.22461991299,0.500802910794,6.78,0.915
5.22469629452,-0.116900561423,6.56,1.017
5.22500879041,0.671223226531,6.68,0.025
5.22590026472,-0.664252265162,6.55,0.416
5.22620265569,0.293026175001,5.54,-0.048
5.22697859329,0.737589590728,6.44,0.095
5.22704517137,-0.270377509169,5.01,0.055
5.22935100266,1.10887983848,6.15,0.035
5.2296270381,-0.062024209172,6.79,1.925
5.22963311497,0.1382418884,6.77,0.902
5.22975956499,0.66506980621,6.33,-0.09
5.23002295266,0.540766974705,5.51,-0.06
5.2302585787,-1.20713877157,5.74,0.224
5.23030136094,1.22813493767,6.32,0.868
5.23044887374,0.0290853416813,6.75,1.217
5.23056451465,0.340202155871,3.51,1.571
5.23111155968,-1.20013348396,6.38,0.164
5.23136396734,-0.532995341605,6.27,1.051
5.23142054653,-0.4572023875,4.84,0.882
5.23239102443,0.403193418233,5.68,0.345
5.23250106477,0.197319367118,6.52,1.078
5.23274021479,0.908543210568,6.14,-0.183
5.23308431295,1.47774660292,6.8,0.168
5.23310953454,0.798881545718,5.92,0.185
5.23327112137,0.0240453342182,6.17,1.129
5.23410062749,-0.387660654489,6.77,0.246
5.23429174457,1.33485211251,6.2,1.61
5.23447015837,0.555477285525,6.64,0.0
5.23464369823,-0.0343899943938,6.71,0.066
5.23483712738,-0.615687676893,4.37,-0.15
5.23506748542,-0.173804035381,5.87,0.598
5.23535822261,-0.605590835577,5.3,0.17
5.23563834539,0.646520313819,5.15,-0.133
5.23622833839,0.305720790613,5.33,1.576
5.23659576137,-0.876446862881,6.67,0.404
5.23710470124,0.457064857627,6.49,1.132
5.23714620791,-0.658019137784,5.95,0.989
5.23745928827,-0.588236203452,5.65,0.498
5.23753352539,0.0581532589262,6.7,1.281
5.23766794531,-1.16848676159,5.75,1.033
5.23783144211,-0.861336503718,6.18,1.056
5.23791347924,-0.751247332371,6.11,1.634
5.2385650416,-1.2725283466,3.97,-0.032
5.23890714003,-0.865834321634,6.75,1.386
5.23924636235,0.638611296155,6.72,-0.077
5.23950208681,-0.787368959109,5.8,0.295
5.24005752207,-1.29176290277,6.58,1.038
5.24027671857,0.1493606498,5.9,1.529
5.24079060001,0.484391228504,4.66,0.184
5.24146385521,0.647499638087,6.23,1.314
5.24191881289,0.874491895466,5.06,1.122
5.24208526827,-0.396840872086,6.01,0.981
5.24229818422,-0.712344549515,6.31,0.113
5.24242638164,1.13133942386,5.22,1.598
5.24360251907,0.432849043911,5.88,-0.134
5.24360420197,-1.03630483471,4.95,1.356
5.24416363537,-1.16839262039,5.32,1.218
5.24439051823,0.543104011504,6.61,-0.076
5.24461257591,-0.238014338395,5.69,0.079
5.24481812276,0.43525096103,5.23,0.374
5.24548247335,-0.0870883554987,6.7,0.162
5.2461593085,0.242764561981,6.66,1.257
5.24618223672,1.12808341927,6.27,0.927
5.24632177065,0.386615884702,6.5,0.127
5.24664310849,1.39069598029,6.7,0.911
5.24734863266,-0.788819310788,6.56,1.228
5.24758532336,-0.483628026256,4.43,1.64
5.24771677034,0.215700683311,6.73,1.505
5.24806196781,0.254515958116,6.67,0.986
5.24826415133,0.557786836294,6.39,1.205
5.24828190698,1.18461718073,4.51,1.313
5.24999350293,0.0825586048619,6.56,1.54
5.25027031703,0.322903238575,5.99,1.42
5.25121571428,0.628757304358,6.62,0.148
5.25126051823,0.279798175084,5.73,-0.095
5.25151020608,-0.662190111467,4.77,1.417
5.25179347425,0.521797691747,5.73,0.749
5.25189925578,0.40039699629,6.45,1.028
5.25214935649,0.375184718912,6.62,1.645
5.25224032169,0.523414783312,6.8,1.165
5.2523001599,-0.394367531041,6.44,0.503
5.25352841414,-0.130366910487,6.68,0.347
5.25389448108,0.297930726177,5.8,0.6
5.25404573308,0.127024465203,5.51,1.063
5.25486552454,-0.5594879033,4.99,1.208
5.25512468525,-0.012379770155,5.67,1.301
5.25553491924,0.841766441635,6.16,0.037
5.25607176722,0.562320608276,5.62,0.76
5.25667837342,1.11509447952,6.24,0.1
5.25732480186,1.18729790442,6.32,1.649
5.25770144247,0.405097536166,6.54,0.168
5.25819813582,-0.20244795547,6.38,0.543
5.25829487574,0.904768171966,6.14,1.601
5.25849467651,0.348910002848,5.09,1.058
5.25851271762,0.671575762933,6.18,0.654
5.2585415583,0.0369799382391,6.77,0.479
5.2593680943,0.983343312028,6.19,0.437
5.25971952585,-0.221048795126,6.53,0.05
5.25973484532,0.270533224461,6.37,1.615
5.26012997782,-1.17497130816,6.07,0.648
5.26013349931,-0.575955805038,6.53,-0.069
5.26018945659,1.08202419494,5.4,1.191
5.2619731305,0.624624930054,6.77,0.127
5.26305665651,-0.0711781856513,6.47,1.156
5.26316856035,0.927916299314,5.81,0.445
5.26375291341,0.627838007493,5.38,0.85
5.26605153395,0.41214946909,5.08,-0.162
5.26736397763,0.876671820058,6.53,0.13
5.2682153374,-0.922943947142,4.93,1.591
5.26826255165,-0.518726124143,6.69,1.31
5.26908232679,-0.960210553504,6.26,0.53
5.26954471233,0.600793037503,6.12,0.117
5.27019382598,0.164058029489,6.43,0.463
5.27102690431,-0.0118365670961,5.97,1.023
5.27136719568,0.290848481887,6.39,1.72
5.27158943501,-0.917655640578,6.47,0.682
5.27238330885,-1.15810783837,6.45,1.587
5.27301820158,-0.262357621864,6.52,1.169
5.27316847104,-0.175625407593,6.18,0.031
5.27367809347,0.187201690218,6.34,-0.136
5.27398982895,-1.15509499738,3.55,0.751
5.2747720823,1.35632013323,4.38,-0.046
5.27502510555,1.08344157114,6.74,0.034
5.27553666408,-0.821490346379,6.46,1.463
5.27688394282,0.977852621874,6.49,0.938
5.27712069263,0.642972689779,4.93,-0.139
5.27937696121,0.365036099397,6.51,0.394
5.28018750076,0.147365160071,6.57,0.524
5.28205975088,0.469566326082,5.51,0.087
5.28207190162,0.84179283052,6.61,1.181
5.28424178805,0.368867981541,6.24,0.894
5.28452402627,-1.00398737256,6.36,0.057
5.28471714597,-0.154328021812,6.39,-0.135
5.28484785982,-0.630085014567,5.32,0.868
5.28513270828,-0.762050771714,6.54,0.86
5.2853140601,-0.0143371983518,3.24,-0.066
5.2855127262,0.381789669006,6.24,-0.048
5.28651679785,1.08347495451,5.7,0.53
5.28747310181,0.467905151092,5.51,1.397
5.28819484041,-0.216288234034,6.34,1.209
5.28839861905,0.462142355394,5.91,-0.107
5.29008178645,-0.746652954481,6.2,1.228
5.2902288009,-0.220216874586,5.84,0.476
5.29065455111,0.898208654531,6.01,1.139
5.29090194608,0.0151329496361,6.25,0.042
5.29293914588,0.206836423701,6.51,1.192
5.29303216616,-0.00577347745775,6.47,1.532
5.29372047002,-0.0176162931812,5.44,1.43
5.29402356902,0.817087669873,4.8,0.1
5.29411531078,1.39018130374,6.78,1.545
5.29444439833,0.987293000568,4.28,0.114
5.29470205404,0.962223069776,6.66,0.964
5.2947174957,1.05837758495,5.81,1.476
5.29506550899,-0.832753025627,6.47,1.249
5.29546748617,0.815790081328,3.8,1.27
5.29565987391,0.423050731493,6.58,0.304
5.2957365945,-0.595479600209,6.66,0.792
5.29582448307,0.757106600988,6.13,1.489
5.29742902176,0.638875690441,6.47,-0.014
5.29813079069,0.500819039573,5.19,0.191
5.29828277344,0.265248307581,4.94,0.072
5.29845742936,-0.915351359324,5.65,1.497
5.29864050611,0.734859389944,6.67,-0.038
5.29895043744,-1.08697713071,6.74,1.738
5.29897110153,1.40554530479,6.8,0.007
5.29903300766,-1.10681431743,6.09,0.308
5.2994030394,0.642391159064,4.93,0.151
5.29995537273,0.641444621135,6.57,1.315
5.3022344334,0.971388553059,6.56,1.041
5.30259351071,0.446663911046,4.79,-0.181
5.30269583655,-0.47181445075,5.73,0.878
5.30316640261,0.588683564935,5.7,0.926
5.30349712159,0.832770031905,3.96,1.451
5.30363662284,0.410307806718,5.18,1.016
5.30458251738,0.876729547136,6.36,0.096
5.30479279898,0.48545010977,4.5,1.258
5.30511773626,-0.523690891357,6.3,1.513
5.3058454624,0.795512783379,5.87,0.447
5.30605033861,0.678898375245,6.28,0.006
5.30623756561,0.0799499597316,6.44,0.867
5.30723990161,0.376968432503,6.11,1.039
5.30745937634,-0.215323342675,6.3,0.005
5.30751793142,-0.636234902497,6.3,1.467
5.30772424952,-0.614329164556,6.55,0.381
5.30777906291,0.484783909296,6.65,-0.066
5.3078483526,0.646756102639,6.47,-0.097
5.30922503529,0.430591953142,5.3,0.951
5.30936673487,0.978087990184,6.65,1.199
5.30982137027,0.704503460824,5.27,1.65
5.31019750258,0.156437285219,6.51,0.31
5.31085709382,-1.17731720045,6.72,0.23
5.31199509956,0.691037617576,6.57,-0.066
5.31227729239,0.74564060858,6.32,1.632
5.31241177618,1.16681695804,5.91,0.602
5.31245724985,0.508720944508,6.24,1.01
5.31299088045,-0.218309486184,4.3,0.928
5.31335228239,-0.906121591095,6.68,0.474
5.31359689425,0.663799858142,4.77,0.377
5.31377620554,-0.701356301006,6.72,0.518
5.31381563576,0.94810589736,6.73,0.451
5.31462907729,-0.3806556155,5.86,1.002
5.31476423778,-0.2189489681,3.58,0.883
5.31503578752,0.71090894599,5.83,0.073
5.31632769845,0.966861696883,5.76,0.118
5.3164875174,-1.27372965622,6.57,1.411
5.3166110147,0.645768377969,5.58,0.056
5.31736880824,0.610564605375,5.14,0.66
5.31770026808,-1.08047595129,6.6,0.015
5.3181396395,0.808474805297,6.46,-0.123
5.31821234987,0.471085951532,6.61,1.653
5.3185980662,-0.832710095842,6.28,1.657
5.31871184407,0.680751428237,6.35,1.871
5.31910945254,-1.10358466744,6.27,1.045
5.32018506793,-0.830432700868,6.13,0.469
5.32043028768,0.250816546846,6.74,0.362
5.32060741167,-0.333681353391,5.28,1.394
5.32102140235,0.230676083541,6.2,1.648
5.32156032813,1.0865978729,5.71,-0.043
5.3220371893,-0.0188236169774,6.05,1.093
5.32240480763,0.648084616447,6.6,-0.004
5.32251350681,0.518831453764,6.78,-0.14
5.3229664277,0.817465435195,6.49,-0.084
5.32326800258,0.236458800043,5.96,0.299
5.32369012243,1.20218832762,5.59,1.472
5.32397721827,0.200178416827,6.63,1.389
5.3243082479,-0.603627320982,6.62,0.592
5.32436099223,0.687716034221,6.22,0.06
5.32437227279,0.27127457757,6.77,0.568
5.32474676468,0.254281506163,6.17,0.926
5.32481090531,0.310545169033,5.82,1.5
5.32515563901,-0.111033186392,6.63,1.552
5.32528155374,-0.509587579816,6.56,0.179
5.32528875962,0.765405775462,6.78,0.461
5.32548239705,0.935421165309,6.23,1.547
5.32560394239,-0.960819147447,6.27,1.617
5.32614970644,-0.222687947622,4.77,-0.047
5.32663924284,-0.258045050304,6.09,-0.016
5.32702790001,-0.622623103968,6.46,1.311
5.32766659803,-0.257983524103,3.05,0.79
5.32845531847,1.11666379296,5.69,1.561
5.32874343376,0.263619518706,6.59,0.031
5.3296813387,-1.16500185937,6.49,0.505
5.32976720987,0.533900948419,6.77,0.261
5.32994803899,0.398787696496,6.55,1.518
5.33061012016,-0.872654431571,6.26,0.549
5.33220313051,0.717891219314,6.38,1.016
5.33223034145,0.426664920718,5.5,-0.09
5.33237074108,0.799273422122,5.58,1.077
5.33297725508,0.702611597548,2.23,0.673
5.33398061335,-0.73390306369,5.6,0.002
5.33469397969,0.545676589584,6.09,1.363
5.33497435675,-1.37812791692,6.64,0.021
5.33524688397,0.217177511389,6.74,1.218
5.33527485145,0.716038990363,5.95,1.632
5.33578915612,0.253964565566,6.16,0.498
5.33601842571,0.750204350476,6.2,0.957
5.33617352751,0.684361643003,6.74,-0.103
5.33640169807,-0.168506478617,6.29,0.913
5.33644217402,0.954221652174,6.67,0.23
5.33712184829,0.0932527183252,5.3,0.983
5.33825360315,-0.248821732785,6.76,-0.1
5.3383093966,0.180871133763,6.7,1.043
5.33913190222,-0.0919124550909,6.75,0.426
5.33957073092,0.654087419212,5.87,-0.173
5.34009786186,0.561824486533,4.43,1.331
5.34021157397,-0.740418727106,5.64,0.201
5.34030707457,0.280071007023,6.78,-0.011
5.34306086552,0.934657561356,6.49,-0.025
5.3434344504,0.0186471988924,6.14,-0.036
5.34349281613,0.150054447506,6.77,0.025
5.3437441801,0.0238859343339,6.41,1.605
5.34425606289,0.700812804923,6.73,1.263
5.34469379326,-1.45404455314,6.15,0.203
5.34532967731,1.45181386147,6.73,0.943
5.34543474672,1.04021793536,6.44,0.094
5.34691995841,0.115921426127,6.75,-0.006
5.3470217576,-0.500268425194,5.86,1.101
5.34789637907,-0.990214121586,1.94,-0.118
5.3480181837,0.373668738208,5.68,0.921
5.34816332802,-0.0488758078479,6.1,1.193
5.348278957,0.175510295664,6.32,1.571
5.34855763793,-0.712027729463,6.08,1.364
5.34951899209,0.346718278033,6.45,1.037
5.34955030762,0.242803441841,6.35,1.453
5.34971462207,0.705142895687,6.65,-0.1
5.34978049961,-0.814370728089,6.74,0.274
5.35054918644,0.0516122514728,6.64,0.919
5.35111796947,0.302213509804,6.23,1.005
5.35114089321,0.988531765217,6.38,0.018
5.3529551615,1.42129397345,6.55,0.985
5.35328754105,-0.652803835622,6.24,0.961
5.35396080215,0.861902341792,5.73,0.339
5.35436281336,0.599155291642,6.39,0.48
5.35482937563,0.357382084056,6.44,1.03
5.35519442779,-0.317854489118,5.08,-0.049
5.35579906435,-0.0367057140556,6.71,0.519
5.35628903816,0.670910352694,5.63,0.072
5.35701499577,-0.538745536927,6.61,0.724
5.3575634862,1.14765479901,6.56,0.147
5.35825408613,-0.446916936529,6.78,0.383
5.35870907966,0.147261244615,6.23,1.074
5.35921338444,1.4210943488,5.38,1.01
5.35938190546,0.0512631299584,6.2,0.899
5.35997195767,-0.0586045581778,6.12,-0.049
5.36039229741,0.853795993132,6.65,1.653
5.36054554031,-0.600563270654,6.74,1.27
5.36133071519,-0.274740990784,6.41,0.999
5.36155962269,-0.621265014664,6.09,-0.094
5.36191430517,-0.310907486946,4.77,0.386
5.36245014287,-0.304293833377,6.71,0.689
5.36257444216,-0.311984679155,6.55,1.08
5.36273002893,1.45953885688,6.19,0.163
5.36400692645,0.636255047975,5.9,0.407
5.36406176951,0.35059650317,6.58,0.233
5.36425017343,0.53003127385,4.01,0.404
5.36449551886,0.97857452341,5.89,-0.052
5.36451327434,1.41530977951,5.96,0.942
5.36480325913,-0.390806564239,6.13,1.543
5.36505874095,1.09945453737,4.21,0.199
5.36536032224,-0.0503620108106,4.91,1.16
5.36634828756,-0.324393487974,6.74,0.22
5.36644432729,-0.324337638364,5.94,0.062
5.36654511396,0.179805183141,6.76,1.06
5.36688175333,0.801604526789,6.43,1.137
5.3669397177,1.26591702823,6.23,1.353
5.36714470364,0.854366051098,4.94,-0.087
5.36819370161,0.190169753323,6.03,-0.019
5.36834064242,0.868827874819,6.57,1.029
5.37072145912,0.858932390884,6.65,0.051
5.37101820106,-0.508111868678,6.35,0.227
5.37111633037,0.35964512264,6.21,0.138
5.37119472552,0.644652005679,6.21,0.969
5.37156405364,-0.262779705945,6.1,0.797
5.37261892688,0.859056245065,5.44,1.566
5.37278781272,0.912973456989,6.2,1.018
5.3734617028,1.30820489632,5.18,0.1
5.3738880346,0.599178044948,6.47,0.422
5.37463312632,0.990995478262,6.14,1.431
5.37548401242,0.450381820303,6.37,0.281
5.37598624877,-0.0914967121203,6.62,1.2
5.37627233556,0.398359779927,6.51,0.864
5.37659760861,1.141431643,6.57,1.097
5.37709857597,0.0372245146023,6.47,1.514
5.37733708734,-0.171973986384,5.66,0.689
5.37744488402,1.23101726924,6.76,-0.017
5.37941947087,0.753835125157,6.61,-0.112
5.37942152456,-0.435351952445,6.35,0.001
5.37990814087,0.869893426128,6.63,0.552
5.38090614903,0.197279151299,4.03,-0.123
5.38125860422,-1.41310342723,5.76,1.122
5.38164318326,-0.724744033206,6.8,0.666
5.3828598358,0.788462357013,6.71,0.034
5.38350838731,0.729070418841,6.5,0.994
5.38388271616,0.175575486919,6.54,0.103
5.38391799413,0.615243427047,4.61,1.593
5.38396558179,0.814961701207,5.78,-0.14
5.38398218684,-0.776951608164,5.12,0.999
5.3841255858,0.2273684856,5.39,0.093
5.3843352382,0.0854978171177,6.42,1.016
5.38448365846,0.605263068968,6.67,-0.12
5.38506671077,0.366260574772,6.49,-0.138
5.38519131224,-0.239478212972,6.11,0.543
5.38554223165,-0.758308195769,6.73,1.271
5.38695897721,0.717302440066,6.67,1.491
5.38778699348,-0.531862416024,6.42,-0.075
5.3880062318,0.905026893198,6.19,0.318
5.38837484188,-0.664793991541,6.45,0.264
5.38916353351,-1.24247857622,6.41,1.305
5.39001474799,0.731121464795,6.63,0.93
5.39005192335,0.256113335752,4.64,0.12
5.39080689555,1.21614251551,6.71,0.907
5.39085978376,0.121249366568,6.53,-0.055
5.3910497205,-0.288430999249,6.19,0.218
5.39123544785,-1.05735098953,4.75,0.291
5.39218087015,-0.773837204986,6.36,0.958
5.39246282575,-1.21493391686,6.09,1.293
5.39367359556,0.451737420358,6.4,0.158
5.39422311917,0.293472391651,6.59,1.4
5.39585496685,-1.10166862527,6.34,0.413
5.39624041461,-0.0445051478602,4.91,1.606
5.39777046819,0.461848105823,5.59,-0.05
5.39823293758,-1.13504484618,6.69,-0.068
5.39835245825,0.924554496815,6.64,1.098
5.39876745171,0.0016925851217,6.21,-0.076
5.39897213687,-0.26437089192,6.76,1.26
5.39914563914,0.668961405588,6.21,1.011
5.39974161294,0.551044771275,6.32,-0.089
5.39980968295,0.550161118521,6.51,0.371
5.39982607758,0.25473232363,3.64,0.425
5.39990459012,-0.825392413232,3.11,0.998
5.39999591921,-1.0738996636,4.86,0.447
5.4006222984,-0.719557948451,6.62,0.434
5.40100276827,0.198577905996,5.42,0.05
5.40122849738,-0.438238569711,6.38,0.328
5.40141060092,0.318846867329,6.22,1.162
5.40293904416,0.773751720565,6.68,-0.133
5.40302579776,0.838981753624,6.61,0.934
5.40314704245,-1.41876179419,5.89,1.692
5.40326902232,-0.0192879965846,4.31,0.949
5.40407282629,0.370030283795,4.81,-0.03
5.40411488379,0.420902876115,5.06,-0.133
5.4043386315,0.413302594319,5.91,0.953
5.4047143383,0.674309576528,6.76,0.61
5.40499279984,0.232392765456,5.69,1.509
5.40612241254,0.529432805715,5.68,1.088
5.40617080426,0.977469027791,6.45,0.403
5.40651857716,0.276428715743,5.99,-0.145
5.40658367273,-0.0860359001046,6.46,1.016
5.40672321865,0.176037453815,5.07,0.702
5.4069316317,0.3807862378,6.08,-0.043
5.40712097722,-0.0421143635858,6.23,-0.09
5.40734401145,-0.261009802001,5.24,-0.129
5.40783923596,0.797037962244,6.61,-0.073
5.40796751338,0.00849006033193,5.15,1.06
5.40858010295,0.708248648634,6.07,-0.134
5.40894159668,0.277718045552,3.77,-0.057
5.40991978548,-1.09794826899,6.22,1.099
5.40992981146,0.19634341908,6.39,0.559
5.41069876674,-1.05677752824,5.11,0.544
5.41073485777,-0.31657931857,5.15,1.647
5.41075158185,0.758500516021,5.97,1.186
5.41137360581,-0.414932262009,6.36,0.719
5.41143098647,-0.0463403650569,6.61,1.048
5.41182134844,1.05601607846,6.02,0.443
5.41196245317,-0.583495734806,5.47,1.118
5.41288557445,-0.281420024377,5.79,0.997
5.41308836881,0.273026136349,6.76,0.458
5.41313096963,-0.465045511351,6.51,0.594
5.4131587623,0.520205019233,6.02,0.163
5.41359486203,0.455167378875,6.74,0.059
5.41380310164,0.347940746595,6.43,0.611
5.41433034995,-0.498278837918,6.69,1.273
5.41456561071,-0.739961823246,6.25,0.934
5.4149103922,0.682115200667,6.51,-0.105
5.41506883832,0.563868532854,5.53,0.871
5.41606272257,0.254519266544,6.01,1.235
5.41660365997,-0.551494184937,5.75,1.551
5.41664833934,-0.453784059045,6.29,1.224
5.41667701982,-0.73537319196,6.28,1.584
5.41676854218,0.790290982753,1.25,0.092
5.41807145242,-1.31511961117,6.51,0.62
5.41899280465,0.728096815512,5.68,-0.107
5.41903411712,-1.16519370744,5.14,-0.061
5.4191138708,0.305807671354,6.24,0.942
5.41943875624,-1.32960215203,5.99,0.45
5.42016561236,0.878599262383,5.41,-0.107
5.42087073122,0.618827342175,6.7,-0.159
5.4218011543,1.44044044969,5.75,0.0
5.4221336301,1.05769249424,6.17,0.034
5.4230984994,-0.690431825036,6.3,1.073
5.4244104572,1.16339192444,5.59,0.218
5.42460578873,0.996827285616,6.34,0.282
5.42537004305,0.621124305858,6.48,1.251
5.42561299212,0.263101067339,4.43,0.302
5.42652813872,0.09407680295,6.69,0.109
5.42813958207,-0.906191891473,4.51,0.278
5.42957723942,0.985908649126,5.91,1.643
5.43037843654,1.21739879159,6.5,0.973
5.43062483378,0.825486834728,6.57,1.355
5.43179238524,0.441055461995,4.92,1.183
5.43194371624,0.214896557382,6.71,0.17
5.43215773534,-1.15546403261,3.42,0.163
5.43318991926,-0.613769888031,6.8,0.63
5.43329147855,-0.475554748811,6.5,0.946
5.43359675162,1.07929034887,3.41,0.912
5.43386344266,0.809043799429,6.71,-0.027
5.43387608159,1.00495579026,4.52,0.535
5.43407174228,-0.531945121925,6.78,0.333
5.43439060109,0.315730651606,6.74,1.419
5.43522831521,0.536160174806,4.22,1.051
5.43678846372,-0.00594130728405,6.76,0.955
5.4371177564,-0.441060366705,4.13,0.426
5.43742691578,-0.375490700585,5.91,0.066
5.43761981873,0.592892815873,2.48,1.021
5.43805335218,-0.630415574872,6.49,0.433
5.43815916254,-0.684156193575,5.48,-0.078
5.43824495625,0.924942425136,6.34,1.131
5.43866961413,-0.886723835129,6.54,1.162
5.43950738447,0.812131228287,6.3,0.064
5.43952689323,0.281419219948,5.15,0.495
5.43957334314,0.281422057992,4.27,1.042
5.44006753219,-1.13288321815,6.7,1.075
5.44114107361,1.01956495001,6.68,1.26
5.44132295764,-0.0434047993284,6.28,1.558
5.44184550146,0.599941628551,4.93,1.294
5.44257421502,0.795519925189,6.41,1.606
5.44284821835,0.636883151146,4.53,-0.083
5.44350304436,1.40590218623,5.36,1.144
5.44401290081,-0.165732550317,3.78,0.0
5.44428086801,-0.087749933029,4.43,1.639
5.44454569558,0.0577087309098,6.38,-0.013
5.44457882773,0.1048630361,5.57,-0.01
5.44464833678,0.834823609235,5.6,1.466
5.44491348605,0.914677614396,6.29,0.883
5.44676627577,-0.771380232474,6.47,1.161
5.44721346611,0.0636877183286,6.78,-0.086
5.4475436228,-0.767744923386,5.11,0.361
5.44853545934,0.906006190387,6.26,-0.071
5.44952090613,0.804843475856,4.81,0.571
5.4506676806,0.620701280183,6.6,1.622
5.45104415081,-0.00983207980155,6.24,1.401
5.45105541159,1.11774824495,6.45,0.025
5.45107143126,-0.449967520883,5.86,-0.069
5.45111684586,-1.20037674273,5.41,1.122
5.45128445048,-0.314785048837,6.2,1.402
5.45189597764,-0.80681031775,4.9,1.494
5.45246059597,0.89560355932,6.65,0.372
5.45253102789,0.874882629985,6.5,1.624
5.45253710229,0.21895379137,6.01,0.42
5.45330013686,0.137255920295,6.32,0.019
5.45376443517,0.814393966322,6.33,-0.066
5.45401440038,-0.589567372484,4.89,1.004
5.4540882279,0.0967708212696,6.2,0.986
5.45451047023,0.768979915324,5.06,0.198
5.45677503834,0.539528089617,6.8,0.265
5.45684877735,0.315054382992,6.63,0.036
5.45719192361,-0.21894990887,5.87,1.075
5.45758264706,-0.559458378989,6.42,1.513
5.45822608522,0.606572084066,6.64,1.024
5.45857244335,-0.661712468493,5.52,1.38
5.46038967768,-0.0982032669735,5.99,0.464
5.46057072729,0.493064332532,5.66,0.616
5.46070251082,-0.900732641985,5.06,1.125
5.4609614717,-0.475510825443,6.74,0.509
5.46131350666,-1.08959744676,5.67,0.203
5.4621018089,-0.46982749475,4.12,1.633
5.46279041277,-0.579064883407,6.06,0.029
5.46290889018,0.573321363632,6.42,-0.138
5.46343930067,0.472931509428,4.56,0.835
5.46351278645,-0.0961163160114,5.55,-0.076
5.46440626534,0.960825444084,6.77,0.079
5.46505580397,0.314636273653,6.55,0.982
5.46573367234,-0.156788473082,4.73,0.325
5.46677699524,0.434841502145,6.63,1.657
5.46732756977,-0.415095195809,6.32,0.876
5.46765083994,-0.20199845428,6.38,0.661
5.46777971623,0.517474358288,6.36,1.085
5.46831665909,0.774703841492,4.8,-0.134
5.46859386182,0.788568948074,5.48,1.088
5.46905881684,-0.536146886277,6.35,1.1
5.46916290988,0.740197635196,6.67,-0.017
5.47016569787,-0.694813211037,5.34,1.318
5.47116319212,0.583601296169,5.47,1.522
5.47148991931,-0.120243783841,6.44,0.361
5.47195927747,-0.0792759422042,6.78,0.264
5.47208495752,-0.487387369948,6.41,1.634
5.47322541446,0.710400654633,6.69,-0.081
5.47323575258,0.497802739957,6.55,-0.147
5.47405336809,0.489697873104,5.03,1.481
5.47416001003,-0.88535911977,6.23,-0.098
5.47451076984,0.80688657654,6.67,0.067
5.47482831466,1.32515117799,5.99,0.946
5.47502091064,-0.327996075715,6.66,0.297
5.47508462124,-0.312813515433,5.78,1.122
5.47514089939,-1.02021746192,3.67,1.25
5.47657199941,-0.0239638823795,6.55,0.286
5.47658507329,0.0316465057344,6.7,0.377
5.47789680105,0.756900863813,6.73,1.449
5.47863866785,0.239485979156,5.19,1.119
5.47877551181,0.219362721087,5.54,0.131
5.478928708,0.0791109406627,6.04,0.824
5.47959239237,0.827594225345,5.68,0.408
5.48049262112,0.481283865825,6.66,1.112
5.48072573238,0.16162403759,6.74,1.547
5.48120842168,1.32156037232,6.76,1.114
5.48126378662,0.891427295534,6.61,-0.097
5.48157069053,0.992874504561,6.23,-0.172
5.48166139547,-0.0621632759611,6.57,-0.078
5.48170070408,0.746454983297,6.68,1.117
5.48218560312,0.885381059822,5.83,0.337
5.48221692906,0.858629509616,5.92,1.054
5.48286296482,0.784084310825,5.96,0.02
5.48377546198,-0.458958369923,5.7,0.507
5.4842628561,-0.169254084116,5.49,1.474
5.485454684,0.718502058164,3.94,0.027
5.48546636699,0.00809447631301,6.06,1.217
5.48564945774,0.616305900369,6.62,1.48
5.48761966745,-0.770202829392,6.52,0.587
5.48765284793,-0.279803144611,5.89,0.18
5.490192567,0.530509200446,6.54,1.032
5.4902495897,0.389660595922,5.3,1.419
5.49042116964,0.402234600221,6.57,0.88
5.49047427284,0.776177773454,5.55,0.973
5.4909465359,0.189181228832,5.51,0.934
5.49124442673,0.880724405929,5.59,-0.144
5.49131131409,0.731989772333,6.17,-0.079
5.49210325911,-0.252778264153,5.95,0.244
5.49310653518,0.768999912588,6.65,1.073
5.493681437,0.390088956747,6.78,1.661
5.49374937416,0.0749353869425,5.3,0.464
5.49379547416,0.0749550899425,5.24,0.457
5.49521394059,0.738701284617,6.47,-0.077
5.49526794299,1.03739916817,5.54,1.411
5.49554084533,0.976338350494,6.66,1.285
5.496051821,-0.332228367664,6.26,-0.11
5.49654430576,0.67758773852,6.76,0.793
5.49702751655,0.82939705878,4.74,-0.084
5.49703320078,0.963736441397,6.8,1.367
5.49712154438,0.293640169877,6.62,0.376
5.49715426857,0.785336235784,6.64,1.002
5.49741091678,-0.227793948701,6.61,0.177
5.49744060229,0.702648985451,6.58,0.584
5.49776379571,-0.630581189914,6.1,0.4
5.49807671146,0.1311823811,5.98,0.283
5.499351573,-0.894748483525,5.76,0.48
5.49980065957,0.337364827151,5.69,1.588
5.50016202135,-0.0955978624025,6.53,0.056
5.50024805095,-0.0825586329411,6.21,0.635
5.50072666216,-0.615959778134,6.7,0.981
5.50094459235,-0.937923709839,6.26,1.563
5.50155168212,-0.305971884826,6.07,1.267
5.5016533414,-0.62926044013,6.64,1.057
5.50275646979,-0.236142899956,6.55,0.852
5.50294502347,0.805570210505,5.38,-0.206
5.50308602025,0.628772484201,6.01,0.994
5.50342021934,-0.56300424706,4.67,0.89
5.50418825705,-1.19048197817,6.36,0.101
5.5054432115,-0.469161841955,6.04,0.073
5.50560162175,0.771207060199,6.76,0.315
5.50615118038,0.996091928748,6.7,-0.112
5.50716843561,0.98907135136,5.83,-0.058
5.50742311156,0.125310502805,6.72,0.5
5.50743817507,-0.750529134869,6.64,0.663
5.50803789627,0.689562741239,6.5,1.51
5.50827371665,0.781750074679,6.18,1.687
5.50848765432,-0.672492297817,5.93,1.106
5.50907540921,-0.174456505224,6.55,1.521
5.50963712911,0.0584729006941,6.62,1.077
5.5100493832,0.800214085982,6.5,-0.124
5.51072863615,-0.67424594685,5.32,0.424
5.51084995198,-0.0161398353367,6.5,-0.094
5.51100759068,0.257087453198,6.33,1.68
5.51109702073,0.0267395164039,6.24,0.479
5.51122884049,0.674699164928,6.1,1.011
5.51161788211,-0.484007623011,6.25,0.945
5.51277288432,0.878806680739,6.37,0.986
5.51403885342,0.817916264812,6.32,0.259
5.51433936063,0.930014407296,5.93,1.001
5.51466855586,0.726548708678,6.34,0.39
5.5155840126,-0.101631675373,5.53,0.683
5.51626516695,-0.880263031435,6.59,1.387
5.51700770915,-0.346534959198,4.82,0.169
5.51776038926,0.0960430517864,5.63,1.65
5.51826857075,0.0513523727703,6.41,1.051
5.51837014569,-1.34431833754,5.13,0.49
5.51854020374,0.0396149798073,6.34,0.965
5.51930274082,0.766685650847,3.72,1.609
5.52063952037,-0.955167064916,5.17,1.201
5.52154691445,0.103990192332,5.94,0.538
5.5217288207,1.36356277091,5.91,-0.065
5.52313342419,0.267510410002,6.64,0.476
5.52373624342,-0.300770158843,4.08,-0.01
5.52405015669,-0.525782538639,5.69,1.047
5.52566619915,1.24672004814,5.88,0.386
5.52567432432,0.469918759573,6.13,1.026
5.52576172759,-0.56446771245,5.2,1.104
5.5258225394,-0.722321354206,5.55,1.35
5.52616648284,0.544274936227,5.77,0.554
5.52659175416,0.831621524003,4.56,1.569
5.52686447668,0.0663769412104,6.48,0.88
5.52698368905,-0.352212057827,6.54,1.28
5.52784016432,0.676304880439,5.2,1.069
5.52793685482,0.676176415366,6.05,1.309
5.52888814657,-0.436434472807,4.49,1.604
5.52992082842,-0.013354075456,6.58,1.076
5.53012565615,-1.04705708416,6.77,0.642
5.53050498107,-0.33315285851,6.69,0.919
5.53072123917,-0.00285976497386,6.61,1.548
5.53077689461,0.27329512263,6.27,1.008
5.5315679839,-0.792021146918,6.45,0.245
5.53158064212,-0.304662958676,6.18,-0.035
5.53190931613,0.0201370552608,6.71,1.503
5.53205451771,-0.946256742328,6.69,0.247
5.53224668129,-0.854166356313,6.7,-0.015
5.53274246496,0.0899126810503,6.73,0.127
5.53474007676,0.121987310419,6.14,1.669
5.53507182647,-1.1157586231,5.75,1.18
5.535138913,-0.369899309183,5.3,0.0
5.53552170638,0.527187825488,5.6,-0.048
5.53604106325,-1.55258379605,5.45,0.283
5.53616027652,-1.33015852249,6.57,1.229
5.53686886972,-0.097422113359,6.58,1.174
5.53817919165,-0.352437334199,6.73,1.003
5.53822118946,-0.00410018132563,6.65,0.175
5.53864137332,-1.27710921506,5.67,0.59
5.53868096939,-0.640639463324,6.47,0.52
5.53888113986,-0.289999682601,6.72,1.533
5.53915174664,1.1047178071,6.53,-0.111
5.53945644649,-0.35878141589,6.25,0.385
5.5396493429,-0.198473484558,4.5,0.926
5.5402606376,-0.771606937834,6.53,1.145
5.54129439409,0.051376929928,6.44,0.375
5.5413206924,0.794169401242,6.6,-0.144
5.54185270824,-0.518730350559,6.66,1.578
5.54214763648,-0.757171412381,6.56,-0.079
5.54255234233,0.934852460042,5.75,-0.111
5.54291114661,0.176829420341,4.7,0.262
5.54367172292,0.832386333738,6.46,0.007
5.54369760324,0.175386768917,6.07,0.022
5.54375280917,0.391907267434,6.71,0.028
5.54483384307,-0.163259385579,6.27,1.161
5.54605765118,0.633547213179,6.53,-0.134
5.54691496228,0.797165662892,6.69,0.353
5.54730261208,-1.26613780773,6.18,1.087
5.54878980806,-0.252590639758,6.47,0.316
5.54929171298,1.04696385913,5.64,0.11
5.54991848371,0.534404832166,6.54,0.951
5.5511434234,-0.702832948483,5.83,0.45
5.55402823425,0.62478706792,6.75,0.16
5.55423294243,0.527559201268,3.21,0.99
5.55473117704,-0.688094694137,5.25,0.46
5.5557702403,-0.482048290838,5.41,1.425
5.55588894238,-0.635710473859,5.97,0.967
5.55599841709,-1.22393424385,5.06,1.578
5.55608064207,1.41774790747,6.12,0.092
5.55643204567,0.639371057453,6.07,0.223
5.55660371916,0.278945422858,6.27,0.238
5.55759882368,1.12406101153,6.38,0.625
5.55793793975,1.22221235971,6.67,0.882
5.55962157138,0.521870190184,6.18,1.105
5.56008988547,-0.185099033818,6.77,-0.068
5.56096913027,0.174654767136,4.47,0.529
5.56156800713,0.00161017906871,6.38,1.574
5.56232510753,0.664016045539,3.74,0.393
5.5637183553,-0.302729772485,6.05,0.978
5.56428195739,-0.706964201382,6.2,1.138
5.56521688245,0.733498735785,6.6,0.903
5.56594052575,0.837304170948,6.45,-0.129
5.56599311186,-0.360440090023,5.17,1.161
5.56622648389,-1.00585682878,6.54,0.308
5.56632076557,1.34411813162,5.92,1.531
5.56649799062,-0.264792630349,5.31,1.639
5.56657177856,-0.929616188987,5.73,0.191
5.56663899676,-0.631996098405,6.13,1.38
5.56683174358,0.0915921664085,3.92,0.549
5.56757234184,-0.230430444497,6.62,1.093
5.56884568435,0.772102637634,6.36,0.979
5.56889298248,-0.160826079253,6.45,1.612
5.5697542776,0.737432804715,6.23,1.251
5.57047072181,-0.0280606936151,6.48,0.981
5.5721117851,0.942437536516,6.12,0.049
5.57294808582,-0.231762079042,6.41,0.035
5.57299914783,0.97385883205,6,1.447
5.57311337432,-0.678363442689,6.69,1.397
5.57333025971,1.02296338404,6.42,0.194
5.57364942233,0.744968876023,6.17,-0.094
5.57377824724,0.687566896859,4.22,0.098
5.57578511676,-0.85029410792,6.54,1.171
5.57596878736,0.609065764585,4.41,-0.103
5.57605634568,-0.561516738357,4.71,0.07
5.5761295595,-0.313899873846,5.4,-0.118
5.57636153189,-1.12890653613,6.32,-0.064
5.57713219442,-0.0788797762538,5.83,-0.13
5.57750604694,-1.31504894986,6.61,0.032
5.57822765504,-0.354921077461,6.62,1.043
5.5783062099,-0.756332307582,6.75,0.637
5.57830385074,0.76700142924,5.04,-0.061
5.57868533436,1.06786911398,6.43,1.543
5.57884815236,1.09232430467,2.45,0.257
5.57920139601,0.430388743959,6.61,0.97
5.57952676142,-1.07080843919,6.6,0.689
5.58011035594,0.195535744953,5.97,1.612
5.58026824256,-0.502058279645,6.4,0.966
5.58035067835,0.716292164772,6.15,0.257
5.5806928638,0.693756878554,6.68,-0.028
5.58122551816,1.07963363332,6.66,0.305
5.58150537804,0.311056494685,6.7,0.366
5.5818312764,1.02317312686,5.51,1.114
5.58218359625,-0.821257477764,6.66,1.067
5.58230326836,0.667369808737,5.89,0.505
5.5823058705,1.13222746326,5.19,-0.045
5.58278074096,0.864117642994,5.75,-0.119
5.58401107902,-0.45994452779,6.56,0.737
5.58446792676,-0.932868491311,4.39,0.191
5.58574324727,-0.785780260736,6.15,2.387
5.58607701668,0.384429463983,6.29,-0.106
5.58690267265,1.05919190241,6.73,0.504
5.58748788504,1.06039931606,6.11,1.005
5.58837176065,-0.712259538842,4.8,0.029
5.58869309088,0.56639810241,6.45,0.802
5.58952072566,0.704154246364,6.39,0.533
5.58973551853,0.41636516076,5.58,1.057
5.58973095619,-0.07958920067,5.87,0.912
5.58976777687,0.128360285509,5.81,1.663
5.59062420773,-0.871586853113,6.4,1.327
5.59090458986,0.815589363085,6.73,0.176
5.59098656457,0.180332284397,6.72,0.535
5.59101220587,0.569199573801,6.05,0.062
5.59113593371,-0.903253568816,6.75,0.654
5.59298753135,-0.509043971327,6.53,1.37
5.59307629664,0.0237647176361,6.79,0.366
5.5938098171,0.861998011783,5.68,1.1
5.59390511229,0.0758452678635,6.69,1.1
5.5941580851,0.345653869991,4.08,1.108
5.59485619685,-0.293818192865,4.28,0.888
5.59532928368,1.34547883308,6.56,0.088
5.59572463595,-0.0546311168032,6.67,0.384
5.5963936009,0.0509376330566,6.53,0.651
5.59683853516,0.529007241856,6.07,1.079
5.59718621745,0.674295298331,6.63,0.028
5.5976790559,0.118876826996,5.16,0.064
5.59787125596,-0.162652989656,5.99,1.516
5.59817941795,-0.395649524456,5.63,1.641
5.59981758193,0.652867365043,6.55,0.51
5.60071696417,0.245221834571,6.76,-0.109
5.60166253559,0.651906324991,6.46,1.472
5.60220817628,-0.43986632993,6.47,1.123
5.60242105752,0.423663587248,5.7,0.314
5.60304845512,0.441785130063,6.2,0.026
5.60308334813,-0.397011804902,6.38,1.026
5.60320456178,-0.363933763947,5.38,1.176
5.60334261175,-0.224765392906,5.48,0.297
5.60372424634,-1.21708583719,6.28,2.607
5.60401706442,-0.426253054981,6.73,0.357
5.60402175885,-0.813580108077,6.3,0.235
5.6041559821,0.539946105404,6.73,0.191
5.6041891342,0.428101217485,6.35,1.057
5.60429319654,0.177574187939,6.33,0.474
5.60431142992,-0.715701849757,5.76,-0.036
5.60497959767,0.456832257344,5.67,0.323
5.60610123657,1.40542334625,5.97,0.95
5.60626480032,-0.0593125226651,6.38,0.334
5.60653888251,0.860850987582,6.57,0.003
5.60781756531,-0.170144328272,5.71,0.208
5.6081034124,-0.0620769527269,5.48,1.451
5.60818087513,-1.25313000698,6.09,1.265
5.60828817206,0.815319065702,5.59,0.335
5.61024297406,0.272580603459,6.8,1.549
5.61028991013,0.639966613876,5.93,0.033
5.61040101201,-0.415774040285,6.51,1.019
5.61062151906,0.00932598610936,6.45,0.162
5.6123562876,-0.954004988724,6.1,0.366
5.61289505946,-0.660248095815,5.64,1.185
5.61305767316,-0.211106205622,6.7,1.022
5.61316353751,-1.1408553782,4.21,0.494
5.61317227745,0.338168710038,6.08,0.235
5.61327361012,0.019257244644,6.12,0.481
5.61414432428,-0.391151541088,3.77,1.002
5.61450340662,0.923253639954,6.01,-0.109
5.61498626931,0.8523344788,5.29,0.108
5.61571561406,-0.742601475589,5.5,0.392
5.61607794933,0.281419553233,6.72,0.529
5.61667462374,-0.3699436572,5.78,1.44
5.61682816807,0.0941007291511,6.78,0.336
5.61715061763,0.64781033884,5.3,-0.14
5.61743597519,1.04283553356,6.11,1.72
5.61850969508,0.481860853089,5.39,0.049
5.61895308346,1.16603869003,5.42,-0.099
5.62032196137,1.08378804575,6.7,0.997
5.62055919556,0.562438104819,5.75,0.333
5.62072545384,-0.912849026654,6.79,1.233
5.62097448665,-0.201904574745,6.61,0.49
5.62176643828,0.143040990022,6.39,1.64
5.62283869651,1.23151681534,3.23,-0.201
5.6230343483,0.452412817983,6.56,1.293
5.62311589617,-0.380607089044,4.5,0.889
5.62322069969,-1.21309783177,5.47,1.553
5.62348800334,0.869088364043,6.79,0.287
5.62379489716,0.967238818836,6.14,0.1
5.62380237435,0.193466766402,6.65,0.38
5.62430725308,0.387104179021,5.84,1.37
5.62431750212,0.312517075877,6.42,1.393
5.62433204915,-0.937344995013,6.39,1.14
5.62459544271,-0.545215705844,6.52,0.036
5.62544265516,0.498867431799,6.75,1.086
5.62628252011,0.812286436926,5.22,0.965
5.6268321679,0.114866724223,6.41,1.179
5.62699431582,0.81029458178,6.72,0.147
5.62846094565,0.412575549323,4.52,1.618
5.6286558662,-0.334192628654,6.57,0.413
5.63016463185,0.924291437313,6.02,0.08
5.63056588843,0.783216372407,6.77,0.33
5.63162241137,-0.249428705439,6.63,1.202
5.63299871573,1.05521615259,5.53,0.102
5.63375033825,0.21183889829,6.1,-0.047
5.63437231776,0.91098406486,6.69,0.962
5.6350473673,0.918389732005,6.17,0.9
5.63548881178,-0.097235298222,2.9,0.828
5.63669725273,0.416176885918,6.43,1.064
5.63762299021,-1.4802149433,6.42,1.405
5.6378405273,-0.718714549517,5.29,1.109
5.63847315853,-0.592445429382,5.97,0.051
5.63865498547,0.845504324509,6.58,-0.001
5.6390213679,-0.214104959158,6.73,1.613
5.63937793319,0.408312528262,6.69,-0.066
5.63983210952,-0.429183753564,6.43,0.2
5.64152859368,0.872274185115,5.77,-0.042
5.64305784867,-0.920447778745,6.43,1.481
5.64307744373,0.800303519164,6.27,1.805
5.64330990733,-1.39695038808,6.47,0.044
5.64348736139,-0.782757482145,5.57,1.044
5.64573905414,-1.44309205705,6.35,0.089
5.64605711653,0.795727674498,3.98,0.885
5.6466957607,-0.0762388033447,6.69,0.252
5.6473882016,-0.749176979793,6.32,1.093
5.64813722138,0.902308433218,6.17,-0.015
5.6486107906,0.397141318587,6.45,0.513
5.64925036181,0.0319248870952,6.41,1.398
5.64947883801,0.319900163753,6.47,1.254
5.6495250088,0.672546107898,4.87,1.085
5.64985273863,-0.350536706499,5.7,0.423
5.64999443732,-0.518295023166,6.42,-0.097
5.65000527373,-0.904554875011,6.72,0.885
5.65013798197,-0.353476618684,6.74,0.498
5.65166355597,-0.409354983926,6.39,1.098
5.65178486118,-0.0695217796217,5.79,1.11
5.65189283015,0.492141076768,6.25,0.357
5.6523884151,1.19065121686,6.47,-0.083
5.65246953863,0.426770711578,6.22,0.141
5.65504709962,0.791936014479,5.96,1.341
5.65523324252,0.263230443635,6.5,0.94
5.65566430143,-0.456779126835,5.73,0.234
5.65588391716,0.524566063818,6.36,1.24
5.65841505387,-0.576794602176,6.1,0.226
5.65901019137,0.705348998992,5.04,0.198
5.65958138484,-0.339745992639,4.51,-0.18
5.66125718415,0.780101954202,6.19,0.218
5.66134716061,0.0817242674577,6.54,0.327
5.66168516498,-0.00681658461242,6.22,0.056
5.66205249714,0.943214187608,6.16,0.991
5.66240405404,0.11551271434,6.19,0.046
5.66251048932,-0.137081675774,4.68,0.175
5.66253359233,0.337173305717,5.46,0.321
5.66276916455,0.686214167817,6.76,-0.035
5.6632462174,1.08353425352,4.76,0.246
5.66379872154,-1.1313951527,6.22,0.021
5.66482871315,-1.21527576466,6.78,-0.095
5.66591611832,0.100735907943,5.66,0.265
5.66659196791,-0.0724381443928,6.73,1.608
5.66687771443,0.445038529076,6.18,1.026
5.66767996584,-1.38653464455,6.17,0.46
5.66778360346,1.0033729852,5.74,0.2
5.66804285057,0.35369883964,5.77,0.314
5.66840090663,-0.587806917506,6.28,0.949
5.66869290222,-0.476589583745,6.75,0.623
5.67000091864,-0.184601663629,6.07,1.034
5.67024960937,-0.000892033099227,6.66,0.514
5.67037589683,0.0391574804079,5.1,1.034
5.67104580254,-0.740815253554,6.64,0.273
5.67174329086,-0.752795326832,6.73,1.024
5.67188141173,0.775487178397,6.77,-0.053
5.67196449394,0.898440542186,6.74,1.324
5.6723000516,-0.913837115354,6.2,0.584
5.67271650931,-0.290812129265,3.69,0.32
5.67312700591,0.755270978133,5.09,1.601
5.67430598051,-0.602746385774,6.71,1.085
5.67477099179,-0.972811221544,6.33,1.06
5.67546921322,0.957699675567,6.16,1.116
5.67875675817,-1.35071111621,3.73,1.008
5.67907314707,-0.245177055878,5.16,0.672
5.67917473075,0.712185468509,6.07,0.068
5.68004423968,-0.438104107742,6.51,1.185
5.68069369848,1.24461901238,4.55,1.108
5.68109703542,-0.406013459224,5.24,0.991
5.6811254842,0.619769914297,5.98,2.5
5.68145851371,0.893427444491,4.69,-0.119
5.68165423933,0.798762098363,6.11,1.415
5.68178206214,0.0224319004799,5.66,1.446
5.68217037354,0.0991370988055,5.3,1.653
5.68271599081,0.716929230126,5.73,0.055
5.6834434527,0.188919916766,6.06,-0.115
5.68386904254,0.86568779001,6.1,0.993
5.68391939925,-0.329279453912,4.72,0.868
5.68434606832,1.03447138309,6.1,1.349
5.68556459304,-0.759150140991,6.67,0.559
5.68570821971,1.26222357812,5.18,1.063
5.68572986792,-0.251322339729,5.88,0.255
5.68588079796,0.718289729461,5.51,1.615
5.68639403232,-0.34245037572,6.23,0.269
5.68727514189,0.668174669712,5.69,-0.01
5.68762499929,1.02590533683,4.23,2.242
5.68830211651,0.131399848778,6.47,1.114
5.689635808,0.398201907526,6.43,1.295
5.68970706766,-1.00051429723,6.49,0.484
5.68984357837,-0.257425075637,5.96,0.219
5.69039558851,0.501653568103,4.49,0.512
5.69058477548,0.172351459541,2.38,1.52
5.69150874232,-0.082569722228,6.66,0.068
5.69162193655,0.817910679776,6.61,0.413
5.69191564093,-0.672868578779,6.28,1.129
5.69200556513,0.302814927972,4.34,1.161
5.69205138869,0.257818974315,5.96,0.587
5.69258998237,0.447590306414,4.14,0.425
5.69260466007,1.01623014235,6.8,1.054
5.69364810458,1.09014255322,5.94,0.312
5.69390442757,-0.576408624593,4.35,-0.053
5.69415518178,-0.158518279995,5.1,1.108
5.69503839446,0.91224130776,6.4,1.901
5.69549747254,-0.863916349085,6.46,1.148
5.6957295305,-0.223111587032,6.69,0.439
5.69609489834,1.0667593031,4.25,0.474
5.69623200529,-1.23933821987,6.02,-0.099
5.69737284757,0.625828133178,6.44,0.997
5.69824273011,0.446514895988,6.57,-0.081
5.69881734976,0.40053351131,5.29,1.381
5.69968310461,-0.161895607994,6,1.629
5.69970725995,0.751552231457,6.52,0.278
5.70024086963,0.446167308472,6.28,1.212
5.70025505806,-0.570979206377,6.76,1.341
5.70081610325,-0.0386198816381,6.52,1.47
5.70083422591,-0.198373327396,5.57,-0.002
5.70186289704,0.239452488531,6.67,0.202
5.70196215014,0.860614353097,4.23,-0.12
5.70292598627,1.2243638685,6.45,-0.007
5.7030406808,-0.281474238431,2.85,0.18
5.7032092492,0.300092625073,6.18,0.35
5.70387867241,0.046881707948,5.63,0.012
5.70470332036,1.05928725595,5.53,1.575
5.70537919784,-0.662387939723,6.78,0.978
5.70564410453,-0.103267670018,6.17,0.23
5.7060742312,-0.53927714185,5.02,0.042
5.7078373361,0.63844821717,6.25,1.545
5.70831728668,1.13744290464,6.74,1.275
5.70836878565,-0.825603827253,5.57,0.601
5.70936142753,0.674544881126,6.1,-0.072
5.70975248862,-0.833842017455,6.79,0.341
5.71118450384,-0.982166731299,6.55,-0.077
5.71172800492,-0.0943131780524,6.66,1.027
5.71217986637,1.16574087517,6.49,0.391
5.71297251421,1.06941139934,6.18,1.685
5.71354377869,0.35713705221,6.27,-0.097
5.71450572371,0.718181821593,6.48,0.381
5.71457291336,-0.222055882215,6.31,0.223
5.71527646534,0.52663939911,5.07,0.01
5.71596262228,-1.12944683116,5.62,1.018
5.71609425861,-0.832960699124,6.54,1.007
5.71613390664,0.919741690669,6.58,0.34
5.71658577121,0.301695020799,5.34,0.394
5.71689726297,-0.293999203559,6.38,1.42
5.71819195169,0.569982567755,6.79,1.137
5.7185316048,-0.156775180475,6.54,1.281
5.71938658623,-1.21526256465,5.52,1.378
5.719901249,-1.44371723017,5.27,0.756
5.72067869343,0.690044855595,6.2,-0.068
5.72276923108,0.0134485449892,6.6,0.912
5.72280716506,0.346040875475,5.78,-0.1
5.72302550923,1.14760127937,6.37,0.281
5.72335227359,-0.325031622613,6.19,0.374
5.72409149414,0.193579032707,6.66,0.29
5.72471296729,0.973753543597,6.56,0.007
5.72475509876,0.973836879517,5.7,-0.081
5.72562390709,1.38844035066,6.51,1.581
5.72600222507,0.371286726168,6.27,1.601
5.72622521133,-0.0554081957898,6.62,-0.055
5.72685591815,0.502542047435,5.52,0.426
5.72723599701,1.09453388267,6.7,0.236
5.72794934784,-0.0696739475925,6.66,0.911
5.72808928297,1.28634730763,6.64,0.108
5.72931727388,0.452479044423,5.09,-0.155
5.73033527111,-0.236522972102,5.08,0.378
5.73048444769,0.942428580401,6.61,0.39
5.73166384568,-0.179971708088,6.57,-0.12
5.73176160651,0.343278987322,5.69,0.011
5.73302096061,0.494660030772,6.78,0.27
5.73309460934,-0.652139696296,3,-0.084
5.73324415255,0.119813439018,6.14,0.786
5.73416089566,-0.0746334142669,5.71,1.185
5.7346733168,0.34414612928,6.36,0.938
5.73479311322,-0.629393394356,6.74,1.401
5.73500890837,0.222548006401,6.61,0.004
5.73504054584,-1.48411554018,6.59,1.157
5.73533700342,1.40164877232,6.43,1.453
5.73601837795,-0.0576180675963,6.24,0.466
5.73727219419,0.988052307673,5.74,0.655
5.73859635859,-1.08012507666,5.92,0.393
5.7392677738,1.07410720604,6.17,1.599
5.73929647567,0.363883832392,6.68,1.042
5.73931479162,0.630870545336,6.72,1.158
5.73976758847,-1.2237440058,6.65,0.051
5.7400238825,1.14006317888,5.84,-0.037
5.74025553937,-1.2229225599,6.63,0.262
5.74032317046,0.929269583409,6.68,1.24
5.74179674048,-0.819047430367,6.55,0.481
5.74181578553,-0.534174076424,6.41,0.927
5.74238314924,-0.915665344307,6.5,0.925
5.74315476325,-1.01053849323,6.17,0.215
5.74378937383,-0.650198933668,5.45,0.084
5.74387742539,0.370705461198,6.39,1.698
5.744979859,1.11047545995,5.11,1.547
5.74547904007,-0.312362570666,6.76,0.07
5.74623273509,0.210774543497,5.54,0.054
5.74665274973,-0.658806705228,6.18,0.321
5.74665824877,0.849426718937,6.51,-0.074
5.74685333886,0.81319149418,6.78,1.149
5.74686151173,-1.3301387445,6.68,0.984
5.74730344874,1.15464269543,6.41,-0.056
5.74825592998,1.15434474242,6.55,1.614
5.74935862709,-0.149475514109,6.8,-0.041
5.75021004077,1.30893958721,6.32,1.56
5.75050034411,-0.959801505686,4.4,0.297
5.75182766424,-0.0946827452867,6.33,0.378
5.75284763865,0.244733382511,6.53,1.378
5.75304711189,-1.02995614763,6.13,0.469
5.75305023601,-0.728168614496,6.77,1.58
5.75340210987,-0.769037636423,6.54,0.897
5.75404457204,-0.369712129405,6.06,1.621
5.75475159533,1.09428628584,5.96,1.64
5.75485853,-0.0763251493512,6.24,0.971
5.75520056377,0.331966893527,6.5,1.013
5.75631867848,1.27723012467,5.04,0.439
5.75652528663,-0.670120834573,5.5,0.996
5.75688561368,1.00633108118,6.58,0.022
5.76016302838,0.117241399695,6,-0.112
5.76134909096,-0.975350836562,6.02,-0.061
5.76152832438,0.576062112674,6.46,0.463
5.76244199246,1.09061776183,6.67,0.014
5.76323889326,-0.496611386274,5.43,-0.095
5.76388386191,-0.638028070399,6.71,1.096
5.76431456089,0.0105542719141,5.6,1.279
5.76433880946,0.228984116021,5.61,0.336
5.7646214392,0.144114706493,5.65,1.44
5.76762840979,0.922969425265,5.79,-0.106
5.76777801064,-1.35546709792,6.39,0.231
5.76841312085,0.191529046904,6.36,-0.104
5.7686457928,1.01229736155,5.55,0.017
5.76884669246,-1.32084915858,6.67,1.439
5.76917501358,-0.312474572333,6.28,1.002
5.77022202798,-0.296092245239,6.39,0.447
5.77071054321,-0.560839711584,6.63,0.504
5.77111304684,0.2790168893,6.71,-0.047
5.77191638544,1.15303932549,6.76,0.101
5.77243398964,0.779287118947,5.57,-0.029
5.77294981173,-1.32851717868,5.94,0.399
5.77387343373,-0.113837458057,5.55,0.959
5.77411272367,-0.991102262632,4.69,1.056
5.77404687447,-0.0376181795721,4.74,-0.1
5.77406052986,0.198732823853,5.83,-0.05
5.77611529965,1.12797088579,4.26,0.379
5.77652722986,1.10165043473,5.26,1.557
5.77659328883,1.04396128152,6.69,0.17
5.77752839952,0.773968305979,6.56,0.078
5.77877321163,-0.522141941889,6.45,1.603
5.77921902904,-0.451747787172,6.73,0.963
5.77954998219,0.574941898266,6.36,1.121
5.77971352808,-0.468138472698,5.97,-0.167
5.78048845145,-0.0158186758704,5.29,0.231
5.78143862596,1.09581668767,5.27,1.413
5.78165503904,0.258586556348,6.38,1.523
5.78204238434,1.08698780431,5.07,0.24
5.78222722761,0.465543700972,5.75,1.249
5.78260363369,0.815851288243,6.16,1.611
5.78392456991,0.505516828847,5.69,-0.048
5.78436665399,0.0882880116009,4.86,1.443
5.78482367434,-0.00558244724248,2.95,0.969
5.78507162887,0.787361726162,6.5,-0.025
5.7851108251,-1.0408458065,5.62,1.468
5.78512788628,0.841798372316,6.26,-0.088
5.78590859536,0.78564858741,5.09,1.568
5.7862674831,-0.690161710861,4.47,1.349
5.78665799929,0.78973861638,6.19,0.078
5.78675248101,0.983377771598,6.38,-0.091
5.78767388494,-0.242071564796,4.29,-0.075
5.78859427164,0.0425766109212,6.51,-0.062
5.79017688264,0.442355645403,3.77,0.435
5.79083103972,1.02696426501,6.34,0.877
5.79199052762,0.930390300799,6.17,0.389
5.79220879957,0.339912046252,5.74,0.331
5.79230896444,0.314171640192,6.31,1.605
5.79269661326,-0.252911302228,6.7,0.14
5.79378816341,0.378787508329,5.79,-0.077
5.79400080302,-1.22671699937,6.67,0.544
5.79550764294,-0.819623639519,1.73,-0.07
5.7956773826,0.869121435619,6.41,1.579
5.7957468919,0.445818561234,6.08,0.311
5.79585891771,0.421615283219,6.57,0.842
5.79616570882,-0.575757389124,4.5,0.054
5.79637890468,-0.594177116334,4.99,1.499
5.79746244374,0.798352945127,6.11,0.763
5.79759416747,-0.578152369712,6.37,0.205
5.79878303621,-0.323227849886,5.8,-0.154
5.79923740209,0.782863158364,6.74,-0.03
5.79952616808,0.0477175777612,6.64,0.076
5.79984840573,0.57896650914,5.58,0.985
5.79996150099,0.782718730029,6.73,-0.036
5.80096230987,-0.412929344131,6.36,0.921
5.80102829716,-0.131748866903,6.54,0.773
5.80237519444,1.26259224308,4.79,0.919
5.80290729001,-0.593673163904,5.37,0.241
5.80306416979,-0.839637077506,6.43,1.38
5.80316488052,0.579069244964,4.28,0.471
5.80323068849,-0.493796139043,6.44,0.147
5.80385487757,-0.568076864315,4.94,0.489
5.80409127308,0.108173148814,3.52,0.086
5.80433318484,1.25857900176,6.36,-0.053
5.8046027953,0.342369703164,6.18,0.688
5.80475477419,-0.0679646147138,6.28,-0.006
5.80482224888,0.25533918438,6.36,1.08
5.80541473295,0.36613489718,6.45,0.099
5.80553012625,-0.188851484329,6.64,1.113
5.8056738496,-0.0744706755258,5.98,0.981
5.80594196084,0.202886488135,5.78,1.617
5.80594551461,-0.201846271782,5.43,-0.117
5.80604605695,1.22404430332,5.52,0.391
5.80629998618,-1.32438088132,6.54,1.182
5.80694819132,1.01580362847,3.39,1.558
5.80697993104,0.533250466961,6.3,0.227
5.80775589426,-0.370582094688,6.1,0.503
5.80785352589,0.751027069669,6.76,1.109
5.80793293902,0.84958059583,6.64,-0.046
5.80829938643,0.887035540446,5.38,0.152
5.80955851326,-0.765196540924,6.62,0.993
5.80980692472,1.03697843082,5.05,0.192
5.8103473612,-0.601529656276,6.68,0.568
5.81112124022,0.992033927757,5.24,0.534
5.81131598228,0.279960425906,5.93,0.951
5.81158964421,-1.32847521997,6.13,1.001
5.81171503273,1.03122044158,6.29,1.123
5.81207720384,0.821973804531,6.7,-0.024
5.81209293278,1.06044625727,5.37,1.184
5.81253497639,0.435470838389,5.97,1.5
5.81357883481,1.10463695029,5.76,1.645
5.81381949777,-0.247731280734,6.04,0.386
5.81411913821,-0.7016776066,6.59,0.955
5.81513667962,-0.0823913942566,6.39,0.498
5.81542413958,0.603964066363,5.34,1.134
5.81578144421,1.27945188445,6.11,1.006
5.81612689184,-0.459506678731,6.19,0.169
5.81703810787,0.319042912111,6.5,1.374
5.81705181363,1.50286731942,5.27,-0.03
5.81708869508,1.50484665383,6.59,1.186
5.81714522364,0.452748406804,6.59,1.025
5.81912358387,0.499304089739,5.87,1.169
5.81954068454,-0.439489700359,5.58,0.497
5.81988924014,0.793088310109,5.53,0.021
5.81992470493,1.1023907506,6.13,-0.089
5.82014388016,0.69315623865,4.5,1.385
5.82198430684,-0.367820568563,5.33,0.812
5.82201136365,0.300010649127,6.5,1.288
5.8220365606,-0.4846239594,5.45,-0.121
5.82279496381,0.139210072185,6.65,-0.039
5.82347590208,-0.722246321561,6.23,0.648
5.82345247523,-0.276085471549,6.55,0.89
5.82389900485,0.749687160431,5.72,0.014
5.82420529342,0.393107839784,6.62,0.919
5.82517868058,0.99559840406,4.18,0.278
5.82758429159,-0.775825020781,6.1,0.988
5.82772066107,-0.721636058487,4.79,0.79
5.82926699576,0.65883974224,4.14,1.447
5.82938718834,0.149218214213,6.21,0.019
5.83132975549,0.998681558378,5.88,0.95
5.83133123877,-0.726532135001,5.11,0.93
5.83155574711,0.485271864437,6.38,0.982
5.83184714818,-0.0278622518518,6.16,0.194
5.83212395155,-0.452008204478,6.14,1.11
5.83238147525,0.509169274146,6.67,0.947
5.83289359606,-0.223950808317,5.34,1.132
5.833038396,-0.135844042448,4.17,0.979
5.83322242372,-0.157778928721,5.8,1.158
5.83375086416,-0.403873499935,6.17,1.051
5.83423568983,-0.0940237503624,5.75,0.878
5.83582238743,0.857427154791,6.46,1.046
5.8372023038,0.470131024412,6.63,1.604
5.83744813654,-1.35283181223,5.49,0.312
5.83843704819,-0.00414787371211,6.39,0.441
5.83904407466,1.09614334873,5.75,1.256
5.83924910539,-0.935968999649,5.36,0.614
5.83961034642,1.33496790864,6.62,0.012
5.84031792873,-1.05172820737,2.87,1.39
5.84221324313,0.659198401079,6.19,0.27
5.8425433939,-0.232215968394,5.96,1.075
5.84696302086,-1.40393843278,5.09,1.276
5.8473074154,0.993406754772,6.55,-0.057
5.84771957423,-0.136503980702,5.35,-0.048
5.84885842842,0.101045801085,5.37,-0.037
5.84948994665,-1.00373507012,6.41,1.404
5.84967252789,1.01944514706,6.46,0.99
5.84972693875,0.889783065607,6.4,1.195
5.84993202311,0.24490974301,6.55,0.934
5.85091074953,0.142885601298,6.18,0.451
5.85122039302,0.470107268235,6.46,1.526
5.85132837039,0.812216359449,4.55,-0.1
5.85149510563,-1.09167372114,6.61,0.533
5.85262258998,0.494461018559,4.78,-0.01
5.85347614044,0.213020682013,4.82,-0.132
5.85380294894,-0.376960223561,5.12,1.057
5.85407976452,-0.0242135024514,3.86,-0.057
5.85450272588,1.16424399243,6.62,0.667
5.85491555789,0.734402364137,6.38,-0.086
5.85505838117,0.709762967184,6.54,1.3
5.85595889643,0.273169668269,6.68,-0.019
5.85879381613,-0.801942902239,6.42,2.231
5.8592361848,0.639821063716,6.45,1.052
5.85995598095,0.999805094046,6.18,-0.112
5.85997995903,1.08942330063,6.04,0.035
5.86045329355,0.976742621341,6.44,2.215
5.86051944214,-0.801603334036,5.62,0.372
5.86218590431,-0.432189968053,5.53,0.979
5.86228106556,-0.12556633633,5.92,0.998
5.86238848977,0.911568825962,4.42,1.015
5.86281918874,0.363870248984,6.2,0.518
5.86297428896,1.36560349115,6.77,-0.037
5.86388524068,0.673236529745,6.18,0.485
5.8643420968,0.266712038796,6.79,-0.075
5.8648068978,-0.0844219226127,5.79,-0.033
5.86627410333,-0.236132033922,5.76,0.97
5.8665601338,0.863525950041,4.55,0.092
5.86686249749,-1.26109484598,5.28,0.66
5.86691468378,-0.0207113871451,6.74,1.005
5.86715659826,-0.72327039265,6.64,0.471
5.86840038993,-1.00875519487,5.31,0.665
5.86891370736,0.894583840287,6.52,1.681
5.86943047748,-1.22926370026,5.78,0.396
5.8698784717,0.024040175111,4.8,-0.171
5.87162927622,0.321914038973,6.26,1.201
5.87216354918,-0.353202373987,6.73,0.664
5.87238277976,-1.30927076058,6.12,0.599
5.87304591662,1.40850854211,6.68,1.105
5.87309069627,1.23518518953,5.47,1.216
5.87381127408,-0.413336678024,6.29,-0.021
5.87552510369,-0.292205430012,5.55,0.618
5.87575163873,0.0766856859297,5.76,0.519
5.87611910729,1.37507253633,5.83,0.171
5.87634599521,0.65351595441,6.46,-0.132
5.87733583553,0.984951478771,6.59,-0.092
5.87778246561,1.13677255613,5.52,0.302
5.87788630147,-0.022848989107,6.77,0.652
5.878188519,1.08057189051,6.61,1.032
5.87884437349,-1.13387678688,4.51,-0.029
5.87932330252,0.694816022655,6.16,-0.136
5.88075963769,0.555713610519,6,1.442
5.88114304173,0.0819547904209,4.78,1.039
5.88201488517,0.770049328632,6.56,1.653
5.88256879608,0.471567118859,6.48,0.986
5.88277173782,0.432712645873,6.78,-0.033
5.88317636052,1.11849695928,6.3,1.113
5.88448879099,-1.17790628791,5.56,0.208
5.88461053777,-0.682978604935,5.47,0.959
5.88538928502,-0.000348576477747,3.65,0.406
5.88670340721,0.159331701941,5.6,1.578
5.8867948311,1.01934384138,6.31,-0.033
5.88686652977,0.467105931498,5.79,1.252
5.88686884368,1.0195375456,4.07,0.778
5.88729873783,-0.759140811442,3.97,1.022
5.88774751496,0.94676984809,6.78,-0.048
5.88843708355,0.832642247041,4.34,1.679
5.88932545862,0.623529887269,6.56,0.057
5.88942714865,-0.763567997066,4.12,1.57
5.88946887127,-0.473111359575,5.95,0.362
5.88982553618,-1.36507769339,6.8,1.495
5.8899749952,1.37574329573,5.45,0.093
5.8900116326,0.914842391119,6.51,0.996
5.89033622566,0.0773475820056,5.51,0.385
5.89059391927,-0.225411305093,6.41,0.356
5.89061789851,0.568499783831,5.64,-0.031
5.89095975592,0.861431895486,6.41,1.166
5.89109609889,0.544818332432,6.59,0.063
5.89174794193,-0.254569090107,6.36,-0.047
5.89184651571,0.998772440521,6.62,0.715
5.89261409404,0.752644891654,4.52,-0.086
5.89330899993,-0.186365383981,4.82,-0.053
5.89439647876,-0.455072827073,6.43,1.083
5.89611896204,0.877595030524,3.76,0.031
5.89618119797,-0.114408974215,6.15,0.565
5.89618904109,-0.0508113498519,6.15,1.083
5.897054789,-0.564545480276,4.29,0.011
5.89734781388,0.51561840104,6.33,0.209
5.89759886527,-1.5004116147,5.76,1.02
5.8978543883,-0.190337949091,6.39,0.29
5.89813973307,-0.615934514812,6.6,0.948
5.90039556527,1.33040237628,5.7,0.02
5.90057311663,0.943124131956,6.41,1.043
5.90113107165,0.694287324724,5.88,0.166
5.90179266792,0.353080437695,6.43,0.35
5.90208080223,0.227670094886,6.56,0.344
5.90262409667,0.276866177402,6.35,1.19
5.90357883563,-1.08179210336,4.91,1.612
5.90377770364,1.22022155609,6.01,0.334
5.90479666288,1.22825301317,6.26,0.018
5.90609343366,0.712426358716,6.54,1.238
5.90652961122,0.988288098663,5.72,0.966
5.90744024772,1.07823174423,6.55,0.175
5.90755463343,-0.779994816745,6.78,0.918
5.90815127912,-0.0274761914622,5.88,0.977
5.90831948828,-0.56098590951,6.68,-0.071
5.90842049339,-0.167699856796,6.54,1.195
5.91055311653,0.010387806866,6.72,1.534
5.91096678354,-0.361426546099,5.21,0.446
5.91385767282,-0.00205071882915,4.04,-0.083
5.91422226438,-1.37482351316,6.15,1.368
5.91471069158,-0.900659055773,6.77,1.07
5.91494804983,-0.41872358195,5.97,0.984
5.91563915844,1.28531610347,5.08,0.395
5.91585200255,-0.304741883529,6.39,1.42
5.91591668571,0.353853735627,6.61,1.11
5.91608345556,0.978616132457,6.37,0.107
5.91609121483,0.691641632775,6.6,-0.148
5.91610511309,0.691749565771,5.73,-0.16
5.91614883522,-1.01026206339,6.22,0.212
5.91618476659,0.873900105727,6.29,-0.071
5.91724073741,0.62094457636,6.11,0.997
5.91824874156,-1.26908033784,6.72,1.145
5.91879685401,-0.708301536962,6.28,0.119
5.91924381497,-0.552637368547,5.82,1.074
5.91930817298,0.204144814194,6.42,0.027
5.91950037651,-0.843099607331,6.65,1.552
5.91976216903,-0.758711608407,6.75,0.529
5.92020646602,0.622252089369,6.28,1.392
5.92094557759,-0.708447195636,5.85,0.06
5.92138207307,0.219506840735,6.3,1.431
5.92196679723,1.31548626101,5.8,1.594
5.92266106037,0.899632105194,4.64,0.254
5.9238597772,1.11298486926,6.66,1.154
5.92432968809,-0.0737934924816,5.04,1.14
5.92450106569,-0.695637872067,6.54,0.539
5.92665837556,0.788590985051,6.38,0.771
5.92700309593,-0.137838474719,6.23,0.783
5.92814880972,0.991270771644,5.11,1.537
5.92823288379,1.10975838782,5.19,0.083
5.92864165554,-0.501750986449,6.46,1.034
5.92913551529,-0.577378433923,5.66,0.037
5.92921737983,0.340727762075,5.84,0.922
5.92943599967,-0.671556336732,6.58,1.423
5.93036717301,-0.919648390703,6.67,0.357
5.9308963157,0.681555769199,4.89,-0.207
5.93203380028,0.6519436177,6.65,0.95
5.93224014845,0.892834352815,6.79,0.44
5.93225273897,0.656118427209,6.03,0.854
5.93296870523,-0.494376038602,6.3,1.006
5.93317490819,0.34350043109,6.33,0.035
5.93407629911,-1.45301681396,6.68,0.319
5.93453810313,0.709827931131,6.78,1.696
5.93545786792,0.939788723419,5.94,0.946
5.93574237536,-0.535098240513,5.88,1.297
5.93636200023,0.772767301212,4.5,1.318
5.93698021769,-0.472000156331,4.18,-0.105
5.93760675503,-0.0620331733231,6.32,0.52
5.93767481789,-1.0022085824,5.98,1.45
5.93795023617,0.253930755745,5.72,0.723
5.93868338297,0.903355915002,6.77,1.517
5.93876274901,0.632917540415,6.64,1.653
5.94034781311,-0.213452654357,6.78,1.367
5.94049862355,0.189042971215,3.41,-0.086
5.94056633618,0.702066523715,5.25,-0.137
5.94075922415,0.54045623836,6.36,1.579
5.9411025213,0.725169004423,5.93,0.998
5.94178497288,0.511514825273,4.8,-0.013
5.94266093092,0.253358850246,5.92,1.114
5.94328431443,-0.089046146353,6.28,1.569
5.94435944586,0.940885147359,6.14,1.634
5.94445220892,-0.512446921063,6.12,1.522
5.94552814289,-0.823984133657,5.99,0.584
5.94575599771,-0.81829023432,2.07,1.61
5.94597849829,-0.772273915017,6.06,0.956
5.94670035558,0.086721753268,6.78,1.583
5.94687830849,0.659782184168,6.43,-0.119
5.94721932514,0.527460231383,2.93,0.852
5.94745771377,-0.145062004988,6.45,0.166
5.94752346787,0.823250074887,6.39,0.45
5.9475275031,1.14033274979,6.76,-0.025
5.9482466394,-0.121526174606,6.4,-0.039
5.94907540244,1.09382218907,6.74,0.923
5.94938923697,-0.722816707471,4.84,1.027
5.94977172397,-0.328652046642,4.68,1.358
5.9502340027,0.827491695157,6.78,1.322
5.95031428173,0.190928026764,6.51,0.502
5.95195210779,0.688800268086,5.93,1.49
5.95197130463,0.72988333493,5.11,0.96
5.95277098987,-1.05591753061,6.29,0.568
5.95428140132,-1.09167494765,6.78,1.133
5.95514490938,0.916598196404,6.43,1.541
5.95542536928,0.684186989879,6.47,1.498
5.95620248834,1.01485746624,6.45,0.43
5.95798519108,0.338010258126,6.27,1.057
5.95808919121,-1.55017166744,6.55,0.292
5.95829283732,-0.440467469139,6.52,0.181
5.95844439882,0.531322854792,6.37,0.933
5.95869004294,-0.933753260416,4.84,1.18
5.95890242339,-0.812404123177,5.52,1.302
5.96056780699,-1.42037713367,4.13,0.208
5.96064291118,-0.961041110201,6.62,1.189
5.96087902307,-0.854841715883,6.63,0.636
5.96104031947,0.777475318448,5.84,0.358
5.96133356613,-0.194888813086,6.67,1.664
5.96183099224,0.80660535058,6.55,1.51
5.96235494586,-0.867180624009,6.49,1.162
5.96261744858,0.411298251274,3.97,1.07
5.96332298468,0.212456972074,4.2,0.502
5.96347484002,-0.819247877648,6.56,0.314
5.96605674486,-0.596234520203,6.28,1.145
5.96635237361,1.02072144683,6.33,0.017
5.96649326653,-0.306318480482,6.8,0.5
5.96676882926,1.4513081227,4.77,1.257
5.96707183855,-0.342317970646,5.24,0.941
5.96725800512,-1.14424225686,6.49,1.208
5.96777288049,-0.245330955456,5.68,-0.016
5.96809218267,-0.667101543887,6.72,0.48
5.96831200023,-0.073810546384,6.67,0.654
5.96874932892,-0.452250203982,6.31,0.913
5.96982903871,0.653044399102,5.82,1.024
5.97057775829,-1.07659524757,6.36,1.059
5.97122292112,-0.18422784875,6.19,0.274
5.97144479843,-0.89564823383,3.49,0.083
5.97224382038,1.09848248894,6.07,1.194
5.97250881608,0.94971902534,6.14,-0.083
5.97304582227,-1.11209593862,6.51,-0.047
5.97344380901,1.19677624076,6.19,0.44
5.97465878678,-1.22780390522,6.35,0.071
5.97466731078,0.88971137617,6.75,0.552
5.9757266561,0.18288634638,6.55,0.289
5.97597116934,-0.237236178942,4.05,1.57
5.97636715214,-1.34479458978,6.73,0.109
5.97636176796,1.15541507838,3.5,1.053
5.97675473335,0.975687513005,5.43,1.167
5.97769634892,-0.572563239171,6.34,0.317
5.97776608932,0.429378558223,3.51,0.933
5.97848666181,0.884479057306,6.23,1.129
5.97933607425,0.732224851285,5.91,0.062
5.97940767136,-1.39842491029,5.32,-0.126
5.98059866558,0.334076885144,6.52,1.104
5.98227281661,-0.683415669738,5.43,1.444
5.98233017481,1.49005283814,5.89,1.34
5.98363880114,-0.515505840683,5.99,0.907
5.9837569728,1.07681125757,5.61,0.775
5.98425837251,1.09907189985,6.65,0.759
5.98538675246,-1.04512686568,6.47,1.132
5.98662557418,0.755944287753,4.95,1.559
5.98720618692,-1.10285028969,6.14,1.025
5.98822981293,0.171664728775,5.16,0.487
5.98877286853,-0.57378578763,4.46,-0.037
5.98886994806,0.0619981289785,6.64,0.171
5.98916101264,-0.132288962403,3.73,1.626
5.98986169566,-0.175560363204,6.74,0.524
5.99027859256,0.879860355156,6.46,-0.047
5.99100747043,0.293934284599,5.86,1.132
5.99111733287,1.04896083302,6.01,1.748
5.99166989673,0.701052708179,6.33,-0.074
5.99293010496,-0.202746419127,5.8,-0.082
5.99359639267,-0.848200093903,6.03,0.621
5.99376295001,0.781020235139,5.79,0.282
5.9956165773,-0.334669484411,6.37,1.515
5.99571265767,0.704709960397,5.82,1.136
5.99652128994,0.310581264439,6.6,1.001
5.99698342637,1.47211849144,4.7,1.418
5.99768736802,-0.125744439863,6.2,1.284
5.99779682514,0.295690778206,6.39,1.729
5.99804311607,-0.27612540247,3.27,0.066
5.99808081883,-1.22301693477,6.04,0.66
5.9985129605,-0.28399923067,5.53,1.111
5.99918954491,-0.390411846353,6.76,0.469
5.999531913,0.0185860894682,6.11,0.192
5.99976095912,0.647112710396,5.91,0.397
6.00036642173,-0.087055257277,5.72,0.881
6.00056355845,0.153871122487,4.91,-0.003
6.00065268095,-0.635100513699,6.4,1.313
6.00073736396,-0.846340709867,6.67,0.458
6.00179414368,-0.351498900923,6.36,1.429
6.00280577476,0.634451439671,5.73,-0.051
6.00331698001,-0.552104038936,6.09,1.358
6.00352269377,-0.717273685405,6.72,1.013
6.00370705885,-0.567923649789,4.2,0.952
6.00381367311,1.08964875491,6.53,1.82
6.00565107,0.72612461571,5.6,-0.149
6.00567936148,-0.550923077453,6.48,1.094
6.00582329712,0.868014089251,4.99,1.778
6.00740922732,-0.837220851793,5.72,0.226
6.00767547314,0.206792486253,6.53,0.17
6.00862314882,0.849697277653,5.34,-0.102
6.00879464767,-0.0566396965325,6.6,0.218
6.00954644581,-0.0839519908749,6.31,0.948
6.01016519979,0.750715315404,6.64,1.569
6.01033012515,0.362484503996,5.45,0.666
6.01068152767,0.0665012583277,6.28,1.122
6.01113338391,-0.517005551409,1.17,0.145
6.01125852851,0.686067578379,6.17,-0.148
6.01179429844,1.27642042918,6.54,1.067
6.01261448918,-1.03130632476,6.7,0.344
6.01378946235,-0.0418073560118,6.17,0.744
6.01437997474,-0.0246127879494,6.38,0.366
6.01521024634,0.163307991117,6.43,0.64
6.01520508532,-0.6199973449,6.15,0.582
6.01575912821,0.128108465115,6.35,0.052
6.01767725616,1.04396266279,6.46,0.012
6.01777533096,0.918994907358,6.31,1.414
6.01788167458,0.204706937334,5.76,0.293
6.01901917845,0.0168062477818,5.43,0.982
6.01961683069,-0.228130155025,6.12,1.459
6.01962303981,-0.514214331531,5.51,0.271
6.02175695028,0.993884264919,5.1,1.011
6.02180672368,-0.439197793909,5.66,1.253
6.0231773366,-0.447272848023,6.3,1.124
6.02374031,0.235071298038,6.7,1.198
6.0238870099,0.791939789013,6.51,0.299
6.02414262388,0.00324396833102,6.22,0.892
6.02447038713,0.542500069697,6.6,-0.04
6.02450572065,0.0525659144364,5.85,1.343
6.0252282798,-0.920733382658,4.11,0.96
6.02536736509,0.67557932169,6.57,-0.116
6.02629814397,-0.889245748122,5.68,1.411
6.0268245937,1.40990822417,6.68,0.241
6.02715870225,-0.503596609359,5.55,1.349
6.02742498819,-0.397776092045,6.27,0.126
6.02746850447,-0.123240361582,6.23,1.418
6.0279830165,0.99667825581,6.24,1.499
6.02805526187,-0.08223051172,5.94,0.992
6.02891853948,0.0616260047061,6.44,0.97
6.02949088596,0.604102777432,6.74,0.398
6.0297678252,0.738727695181,3.62,-0.099
6.03093596388,0.77794313357,6.43,0.959
6.03248014178,-0.114738092778,6.18,1.59
6.03253939706,0.554693498237,6.56,0.342
6.0325919296,-0.635664278361,6.46,0.938
6.03267045158,0.283309363314,6.56,1.206
6.03275741459,0.746264295651,5.09,0.094
6.03286101587,-0.323613768283,6.78,1.0
6.03330425346,0.964056747353,6.51,-0.079
6.03333080305,-0.364262635696,5.97,0.946
6.0333958759,0.768970258897,6.37,-0.02
6.03424186824,-0.835110793774,6.64,-0.046
6.03483814772,0.365098003692,6.65,0.62
6.03602915991,1.02213207703,6.43,0.898
6.03620018555,1.05497140161,6.74,-0.044
6.03664348311,-0.60649164953,5.12,0.305
6.0368656562,1.17302199639,5.25,1.248
6.03769307663,-0.5313628243,6.78,0.939
6.037853304,0.490137131581,2.44,1.655
6.03830208054,0.0666723682733,4.48,-0.115
6.03864083069,-0.0836861154187,6.68,0.581
6.03881279066,-0.723943304382,5.79,1.069
6.03889581797,0.115476886614,6.42,0.417
6.03963398161,0.873573777066,4.64,1.058
6.04121384583,1.10375792671,6.63,1.025
6.04148712416,0.546418251472,6.77,0.398
6.04171929474,-0.941865273434,5.37,1.453
6.04215914594,0.265381926554,2.49,-0.002
6.04263344462,-1.20113952792,5.53,0.395
6.0436598463,0.2890760364,6.43,0.886
6.04391425032,-0.134282165082,5.44,0.312
6.04413730519,-0.298089149484,6.15,1.37
6.04448481374,0.022813676398,6.39,0.928
6.04560537256,0.261084821273,6.8,0.006
6.04702267002,-0.138521762585,6.71,-0.009
6.04845746818,0.642634705586,6.76,1.154
6.04888452423,0.32319597575,6.16,0.482
6.04964213783,1.07233248388,6.75,0.477
6.04988384879,0.347509938501,6.44,0.544
6.05024302319,1.03707045043,4.84,-0.06
6.05053597903,-0.414395539517,4.48,0.892
6.05140122894,-0.759573543048,4.28,0.423
6.05146516366,-0.678798559805,5.62,0.006
6.05178160988,-0.524439045633,6.57,0.435
6.05194806349,0.164226608706,4.54,1.559
6.05229457419,0.621974104331,6.38,1.158
6.05241927203,0.44450496695,4.76,1.285
6.05261550731,-0.865790381758,6.33,1.452
6.05266031142,0.921823580385,6.12,1.06
6.05268903728,1.04243967849,6.41,-0.03
6.05300434793,-0.884649475262,5.81,0.486
6.05323816782,0.804040883429,6.66,-0.059
6.05378404026,0.359217142468,6.73,1.013
6.05394551149,0.572910348308,6.13,0.137
6.0540170564,0.368862256546,5.97,0.259
6.05478501746,0.809609908637,5.3,1.409
6.05522615439,0.860373595992,5.68,0.449
6.05540099943,1.11061349176,6.25,-0.025
6.0558446335,1.31576002102,4.41,0.802
6.05608889755,1.12089464441,6.21,1.084
6.05719498061,0.777750971477,6.51,0.168
6.05782483271,-0.503068407173,5.6,0.882
6.05800856705,-1.38719970722,6.11,0.145
6.05887864505,-1.28432001208,6.18,1.419
6.05926838295,0.0371385614863,5.42,0.908
6.06004083843,-0.450829323112,6.74,0.476
6.0618447641,1.13815373728,6.67,-0.04
6.06187350969,0.866566667243,6.75,-0.043
6.06230518615,0.327003519534,6.75,-0.057
6.06260438816,-0.369528257338,3.68,1.202
6.06294343638,0.151445022256,5.05,1.484
6.06301694123,0.517832754145,6.59,1.155
6.06386566694,1.03555082863,5.68,0.315
6.06390133303,-0.490238060187,5.88,1.311
6.06390886651,-1.18466464421,6.47,0.394
6.064259155,-0.253256901254,6.43,0.01
6.06446932283,0.688867623789,6.66,0.227
6.06464810377,-0.391959260461,4.71,0.674
6.06470865664,1.17359542999,6.66,0.021
6.06480846855,0.251790810536,6.54,0.607
6.06483277664,-0.748070664967,5.83,0.475
6.06512536918,0.171427674236,5.39,-0.068
6.06566422038,0.589359607288,6.69,1.306
6.06572686321,-0.708456143528,5.9,1.565
6.06590078467,-1.16688602202,6.47,0.956
6.06658304341,-0.789704086405,3.88,0.998
6.06698714533,-1.05704815075,6.72,0.214
6.06700049928,0.759990216238,5.91,0.45
6.0681197228,0.30707971575,5.68,1.33
6.06840783425,-0.515310959541,6.53,0.282
6.07040598138,0.0873418994618,6.66,1.434
6.07259602518,0.152194727773,5.15,0.139
6.07296067134,0.468573923308,6.19,0.937
6.0746509241,-1.41219301572,6.43,1.498
6.07614381858,0.862300985194,4.53,0.302
6.07839916397,0.513851541879,6.34,0.924
6.07847410403,0.15644170403,6.69,1.624
6.07926928626,0.99777602798,5.57,1.0
6.07922166737,-0.866008057978,6.8,0.922
6.08003647312,0.193120703745,5.85,1.004
6.08242586401,0.342676173204,6.47,1.151
6.08292751527,-1.09432150343,6.12,0.787
6.08351745507,0.883448858113,6.32,-0.005
6.08388029471,-0.105575015191,4.22,1.545
6.0840517655,0.519616483175,6.41,0.448
6.08512573923,0.420674929257,6.36,1.167
6.08516611169,1.29558003901,5.89,-0.01
6.08539389605,-0.186553269012,6.13,1.504
6.08673388085,-0.71742451669,5.77,1.16
6.08854351382,-0.989459985967,6.57,0.29
6.0893270457,-0.0610233482931,5.56,0.062
6.08957866286,1.2372303917,5.55,0.263
6.08976411794,0.0228333183379,6.76,0.537
6.09008746665,-0.520938036778,6.52,1.064
6.09020208523,0.493018823918,6.51,0.833
6.09072580176,-0.158610930009,4.24,1.107
6.09104506001,0.432334548115,6.57,0.415
6.0931662756,1.08145745419,6.53,0.164
6.09409270393,-0.776482422121,5.92,1.053
6.09427228045,0.928750354295,5.58,0.556
6.09482317723,-0.718977829441,6.49,1.07
6.09490351142,-0.134852928559,4.93,1.613
6.09538576213,-1.08212504304,5.64,0.521
6.09549987485,-0.124979172804,6.71,0.415
6.09619902824,-0.496341503332,6.24,1.556
6.09628505596,0.0572867478847,3.7,0.916
6.09677314685,0.788263416402,6.44,1.077
6.09693442052,1.31421591219,6.35,0.049
6.09743802623,-1.0164053017,3.99,0.41
6.09762539487,-0.282258100288,6.72,-0.137
6.0982741906,0.319478475386,6.73,0.392
6.09847729418,-0.204429409228,6.33,0.058
6.09880845668,0.855478362919,4.82,1.668
6.09950503473,-0.16026509094,4.41,-0.144
6.09963522414,0.79393149394,6.48,-0.037
6.09967762318,-0.240771186541,6.59,1.264
6.09998122327,-1.06471478876,6.74,1.099
6.10064280001,-0.712519512779,5.54,0.445
6.10138047845,-1.17759418945,6.15,1.356
6.1016220486,0.729088181094,5.98,0.215
6.10208211871,-0.328847524508,6.75,1.662
6.10264836108,1.18876896482,4.75,0.836
6.10327407397,-0.827903583719,6.59,-0.042
6.10352097858,-0.567790977033,4.41,1.109
6.10412006405,-0.167739229885,4.99,-0.022
6.10446350643,0.787784910541,6.51,0.174
6.10452858398,-0.495461384122,6.49,1.535
6.10477367277,-0.234896037439,5.2,0.787
6.10491180622,-1.38705520849,6.34,0.913
6.10601792525,1.09501564746,6.66,2.288
6.10603268781,-0.0894368152408,5.56,0.386
6.10604222099,-0.315474831605,5.96,1.534
6.10606967906,0.625266443542,6.74,-0.029
6.10628248883,0.607255607425,6.32,-0.053
6.10645626484,0.848671970084,5.44,1.014
6.1073066404,0.844406615723,6.29,1.123
6.10742643781,-0.588316487431,6.35,1.308
6.10810034388,0.73440041429,5.81,1.512
6.10949791878,0.403016640423,6.63,1.41
6.10969769668,1.08158278465,6.39,1.678
6.10980495749,-0.0684019346348,6.64,0.52
6.11014920234,0.093921530302,5.05,1.204
6.11016650882,1.05199304695,6.62,0.598
6.11116397346,1.08582629373,6.41,1.605
6.111433335,0.41434704527,4.58,0.18
6.11162580986,-0.103113618059,6.17,1.089
6.11185946218,0.769972370203,6.25,0.152
6.1122557221,0.530840514149,5.58,1.501
6.11230031206,-0.878015086017,6.04,0.423
6.11252440609,0.666407307399,5.77,0.468
6.11284238761,0.301114966894,6.67,0.329
6.11414285497,-0.471007970117,5.65,0.817
6.11458223973,-0.0815551771456,6.79,0.14
6.11701046667,0.555232250112,5.35,-0.101
6.11725235511,0.464412940346,6.59,0.4
6.11774261811,0.500818852058,6.74,0.392
6.11945734002,0.452362870064,6.38,1.54
6.11974457474,1.04952730755,5.56,1.679
6.12022758254,-0.262485958053,5.19,0.203
6.12032509443,0.363529677489,6.28,-0.033
6.12091769531,0.358821298185,6.62,0.6
6.1215043212,-1.04817219153,6.08,1.603
6.121613721,-0.35082130313,3.96,1.082
6.12207455515,0.214918276476,5.09,1.315
6.12334762034,-0.969589777055,6.57,1.269
6.12406557784,0.0050845805111,6.33,1.583
6.12503801356,-0.147656834461,6.69,0.93
6.12504533691,-0.752663280126,6.12,1.464
6.12519771013,0.567778367256,6.7,0.452
6.12570505781,-0.939139677985,6.13,0.258
6.12639535011,-0.380035169673,6.46,0.433
6.12667686556,-0.32616724233,6.18,1.02
6.12668083641,1.00418406907,6.79,0.254
6.12675074986,0.726281653993,6.37,1.702
6.1270693959,-0.905671842857,5.75,1.611
6.12730315261,0.0648479329339,6.62,1.152
6.12762560861,1.50827493143,6.61,0.55
6.1286442976,0.717555564676,6.72,0.007
6.12871989847,1.11445215626,6.75,1.08
6.12976025424,1.08704003992,4.96,1.676
6.12980216537,0.565222812082,5.56,-0.075
6.13188157486,-0.992201971391,5.6,1.063
6.13212516638,0.408478621101,4.42,0.617
6.13309452441,0.924666149524,6.76,1.594
6.13503507043,-0.360271112263,4.38,1.46
6.13569004822,1.23369436118,6.66,0.297
6.13572792799,-0.478649436077,6.58,1.0
6.13635576319,1.06616664749,6.6,0.336
6.13741190561,-0.379449170995,6.43,1.036
6.13749129469,-0.920165555275,5.53,0.409
6.13800631703,0.0432557598562,6.72,1.108
6.13890149225,0.0219144941664,4.95,0.036
6.13919301119,1.52380340385,5.56,0.25
6.13973245446,0.74895586313,5.75,-0.007
6.13973767151,-1.1620556762,6.47,1.455
6.13985729239,-0.875409051754,6.22,-0.08
6.14027136771,0.0195932309154,6.26,1.013
6.14028388899,-1.02060065533,5.63,0.983
6.14039473069,1.22800986307,5.6,0.163
6.14213250725,0.439251917292,5.99,-0.066
6.1433019535,-0.26702173321,6.73,1.514
6.14342046498,0.111334414859,4.27,1.062
6.14360909332,-0.620368290004,6.34,1.201
6.14381902604,-1.526852668,5.5,1.278
6.1439366963,-0.199835876539,6.37,0.902
6.14527084221,0.347068861762,6.67,0.248
6.14775179242,1.31293133028,6.65,0.011
6.1479705841,-0.161724023586,6.2,1.438
6.14798170931,-0.776637800171,6.43,1.177
6.14799158506,-1.1014887362,5.66,-0.142
6.14833529574,0.402264942744,6.45,1.088
6.14859823715,0.222713674166,4.54,0.939
6.14915293873,-0.95122907952,6.53,1.072
6.14979986448,-0.919414617441,6.8,0.955
6.14988483456,-0.0312625622663,6.35,1.125
6.15025527336,-0.0791113605967,6.26,1.123
6.152425984,1.02187142602,4.89,-0.122
6.15282412361,0.857535146839,6.19,1.464
6.15476986304,-0.73284281639,6.78,1.153
6.15516222078,0.674783619554,6.07,0.992
6.15673192876,-0.109747726061,6.39,1.259
6.15791175661,0.684800842952,5.22,1.029
6.15821937209,1.03263307332,6.76,0.839
6.15860864968,-0.782668101241,6.02,1.014
6.15884005939,0.500319133609,6.53,0.985
6.15893987055,-0.0713386843826,6.5,0.531
6.15970625573,-0.372967392584,6.24,0.319
6.15977830733,0.495734397436,6.41,0.035
6.1603048274,0.769216773183,6.78,1.473
6.16040555822,-0.72871659111,6.57,1.222
6.16072060243,-0.449320013303,6.57,1.004
6.16083527394,-0.0189522690492,6.39,1.177
6.16184970185,1.14736473464,6.65,0.23
6.16193396338,-0.201490481931,6.64,1.603
6.16193571192,0.123654604585,6.8,0.505
6.16281459838,0.61003346506,6.66,-0.045
6.16289510599,-0.191964520532,6.78,0.91
6.16312338131,0.416149489082,6.41,1.492
6.16314218302,1.25665344581,6.73,0.116
6.16511881176,0.805010102185,6.61,1.67
6.16524789998,-0.660053285811,4.38,-0.095
6.16658447783,-0.365026956481,4.7,0.02
6.16679763232,-1.35062875307,5.82,0.681
6.1674185757,0.392677695477,5.33,1.481
6.16850197682,0.786412198542,6.25,0.986
6.16941105222,0.363742910319,6.1,1.654
6.16953401139,0.546729223329,4.97,1.383
6.17039464873,-0.0217741536566,5.91,0.299
6.17246891472,0.702258376382,5.55,0.096
6.17251716741,0.584638672843,5.63,1.042
6.17313797663,0.663643991027,6.18,1.586
6.17332843767,-0.266092990975,5.95,1.35
6.17340190032,-0.744981489176,6.65,0.218
6.17403193814,1.25038953349,5.86,1.681
6.17407181825,0.426311072273,6.67,1.083
6.17425850776,-0.991789436505,6.73,0.383
6.17443348133,-0.7437733657,4.69,0.078
6.17605261072,0.148696952283,6.68,1.649
6.17618048396,0.022918646404,6.47,1.151
6.17637417319,0.561958808538,6.53,0.926
6.1764345743,-0.130278898899,6.4,0.874
6.17701442246,-0.479799522784,6.66,0.56
6.1781704423,0.428670528424,6.44,1.703
6.17916690356,-0.469080168912,6.57,0.274
6.18015894598,0.0366907007805,5.68,0.449
6.18068451329,0.574286881039,6.35,0.459
6.18321984614,-0.556256265418,6.51,1.253
6.18515888211,0.77543222684,5.81,-0.064
6.1852869133,0.810847712162,3.81,0.984
6.18570570153,-0.227944246806,5.66,1.025
6.18571878299,0.293660289284,6.26,0.025
6.18653601418,-0.793991313478,4.74,0.082
6.18695956028,0.321152224037,5.49,0.01
6.18707550837,0.806332280549,6.58,0.665
6.18741245884,-0.263459335994,6.38,1.078
6.18778816892,0.75517033667,4.29,-0.083
6.18891824522,-1.34162678052,5.99,0.907
6.19036838454,-1.09755878936,6.63,0.926
6.1907633994,1.08445965686,6.59,0.517
6.19216184299,0.880897916672,5.35,-0.061
6.19229465477,1.31410869947,5.95,0.124
6.19307929772,1.35493881913,3.21,1.031
6.19309447515,1.29158952086,5.98,0.889
6.19358722293,-0.813983143155,6.07,0.24
6.19497832442,-0.24822383077,4.97,0.257
6.19555810458,0.168900636579,5.99,0.212
6.19570356794,0.0981973119369,4.13,0.507
6.19599804719,0.480226901119,6.66,1.032
6.19612382842,0.657162603911,6.49,0.355
6.19769974312,0.773773076694,4.15,-0.071
6.19869381928,-0.559781629261,5.3,0.965
6.19887155519,0.640898300868,6.24,0.424
6.200789975,-0.421679860607,6.61,1.592
6.20093018928,-0.203865880555,5.89,0.984
6.20223036268,0.864154628787,6.26,0.182
6.20279034237,-0.314631847204,5.36,1.58
6.20361323393,-0.310957161334,4.82,0.822
6.20424980462,0.99937471947,6.24,1.025
6.20440476948,0.126545906276,5.89,0.101
6.20484955533,0.0310675722292,4.49,0.2
6.20571244194,0.785253562962,6.43,1.5
6.20616840787,1.12600599717,6.52,1.878
6.2066688088,-0.269619034353,5.27,1.344
6.20693112564,1.07650796995,6.4,1.25
6.20779741912,-0.253856475888,4.49,-0.032
6.20783509887,0.285112081391,6.3,0.97
6.20937571042,0.906512398952,6.44,1.034
6.2094206765,0.927687829518,6.63,-0.017
6.20944048463,-0.808299179851,6.63,0.901
6.21063482414,0.180319322602,5.09,1.692
6.21333429257,0.512454038064,4.93,0.935
6.21346243558,-0.786848935127,6.08,0.978
6.21424730171,-1.12406972223,5.73,1.393
6.21425048683,-0.318992740504,5.24,-0.084
6.21520080825,-1.23028654216,6.06,0.91
6.21548593065,-0.458090137028,6.23,0.495
6.21633294504,-1.37517008079,5.74,1.108
6.21689070412,0.973888252008,6.46,0.992
6.21802524216,0.373323238452,6.76,1.456
6.21931977899,0.177671677687,6.54,0.168
6.21986811146,0.356316637094,6.56,0.5
6.22216561566,-0.325998531218,5.28,0.299
6.22218883005,-0.701318062587,6.32,0.21
6.22224743291,0.810186649868,4.97,1.086
6.22380894126,0.0608563294701,4.95,2.508
6.22476982516,1.16557004792,5.95,-0.049
6.2266015032,1.00271537096,5.55,1.63
6.22671095797,1.02367032686,4.88,1.122
6.22761933475,-0.207888371927,5.74,1.068
6.22762512737,-0.876617110565,5.18,-0.164
6.22859766196,0.446447280248,6.78,1.232
6.22886551233,0.81738244347,6.08,-0.135
6.23044407923,1.18345205382,5.05,0.007
6.23055719899,-1.16182059841,6.73,0.446
6.23057401552,-0.0481989716834,5.49,0.941
6.23170733788,0.143912784627,6.66,0.324
6.23318744924,-0.111359441908,6.09,1.452
6.23366453868,1.13230766007,6.41,0.062
6.23432552455,-0.831649768258,6.65,0.989
6.23441539473,0.0386488008949,6.47,0.461
6.23447412122,1.08584815249,5.43,0.67
6.234747873,1.04683051011,6.33,-0.007
6.23486427639,-0.490965789501,4.59,0.001
6.23605461593,1.02910201109,6.36,0.408
6.23718682239,0.0187820374741,5.77,0.167
6.2374873399,-0.276831513724,6.21,1.212
6.23805320293,0.503394649954,5.95,0.187
6.23816745248,0.635741081843,5.86,0.806
6.23844036419,-1.09675598807,6.59,1.471
6.23879540259,-0.442115209761,6.44,0.097
6.23998861292,-0.19378677901,6.78,0.413
6.24062324818,-0.174081521572,5.93,1.133
6.24116580302,0.900967977176,6.47,0.403
6.2415076656,-0.254452763338,6.68,1.37
6.2419726417,-0.251353419299,5.7,1.488
6.24214360958,-0.826883633818,6.49,1.025
6.24527176505,0.70159624274,6.78,0.419
6.24546064258,0.162548633563,5.77,1.661
6.2454670844,-0.330027156019,5.17,-0.122
6.24677856701,-0.60548251104,6.7,0.97
6.24704592611,-0.712577408297,6.65,1.096
6.24781151639,0.0828222142535,6.79,0.13
6.24806563486,1.3543646184,6.56,0.43
6.24812154717,0.0511448552863,5.59,1.527
6.24876342139,-1.43149842903,5.1,0.934
6.2499798764,0.378232035563,6.13,1.616
6.25007643041,1.3185017946,6.36,0.977
6.25040862566,0.333711958347,5.06,1.587
6.25045981284,-0.248730661321,5.85,1.252
6.25097705198,0.191066775102,5.3,0.186
6.2512022143,0.379478966253,6.68,0.947
6.25125142078,-0.436073485915,6.77,1.301
6.25195323566,-0.157023012564,5.76,1.171
6.25231953949,-0.0550735432946,5.93,1.069
6.25236862783,0.64497342579,6.52,0.571
6.25270896652,0.312409943876,6.57,1.412
6.25298798375,0.036488289609,6.29,-0.003
6.25299396225,1.05949330771,6.71,1.56
6.25415770263,-0.422880308807,6.23,0.188
6.25513523857,0.899238675165,6.78,0.985
6.25554479804,-1.15099461768,6.64,0.589
6.2561810224,-1.448743527,6.79,1.503
6.25729827017,0.685609097066,6.62,0.68
6.25856204049,-0.471987773366,6.34,0.197
6.25868048741,1.00355353465,4.51,1.19
6.25980914324,-0.703368775729,6.03,0.572
6.2603959057,0.00190779637789,5.78,1.466
6.2605889571,1.29870116038,6.59,0.018
6.26110650848,0.514446473677,6.77,-0.036
6.26165267557,-0.165118336778,6.73,0.337
6.26193532551,0.123411743389,6.22,-0.066
6.26257477416,-0.557134703366,6.09,-0.093
6.26304262136,0.453000087426,6.52,1.488
6.26373927174,0.920409521153,6.61,1.202
6.26380331058,0.826514692083,6.01,1.17
6.26382969422,1.00203135533,6.03,0.155
6.26469171372,-0.229555818724,6.6,1.172
6.26483308768,0.841602298262,6.69,1.094
6.26534505412,0.265818720719,6.45,1.56
6.26561465482,0.369415513895,6.75,0.321
6.26773816297,1.45195888889,6.57,0.064
6.26790981044,-0.43174590003,6.31,0.921
6.26875013698,0.395283760535,6.18,1.635
6.26977764392,0.974597775139,6.56,1.149
6.27035937901,0.744526599038,6.01,0.712
6.27068835538,-0.464666796337,6.26,1.452
6.27071215291,0.972247971613,5.57,0.478
6.27083088795,-0.363615659897,6.45,0.979
6.27151423852,1.06510816222,6.63,1.64
6.27153743786,-1.09879966991,5.95,0.101
6.27249322575,-1.43413363189,5.72,1.055
6.27253336736,1.04760944295,6.47,0.029
6.27264189134,-1.12221583394,5,0.06
6.27340625929,0.438800224916,4.63,1.584
6.27345579907,0.200265668513,6.65,0.04
6.27495536138,0.88047805804,6.72,0.694
6.27599690929,0.611092883672,6.7,0.251
6.2760020012,-0.276590775884,6.28,1.079
6.2767182382,-0.999739201102,6.69,0.789
6.27739499435,-0.0620636147494,4.88,0.93
6.27783553026,0.810062797755,6.55,-0.093
6.27803919515,0.56516736931,6.53,-0.126
6.27851343646,-0.920587995793,5.13,1.121
6.27886089182,0.973107072076,4.88,-0.071
6.27952472366,-0.737172681863,6.78,0.215
6.28018107812,0.119787550039,4.03,0.419
6.28085071057,-0.514613255679,5.59,1.599
6.28095268888,0.588592703199,5.81,0.539
6.28103234577,1.51331222122,6.75,0.081
6.28177776956,-0.102853178674,6.55,1.043
6.28229946276,0.196758442722,6.74,0.146
6.28281721194,-1.14453686627,4.49,-0.075
0.14284914606,-1.10010214357,6,
0.153761554329,-0.062710891245,6.4,
0.16293842366,-0.432258585995,6.4,
0.435373049959,-0.980781132685,5.8,0.86
0.696245754682,-0.207189215215,5.6,
0.712491516409,0.0565030356643,6.3,
0.83806762465,-0.505907403437,6.7,
1.34151947667,0.325454001881,5.7,
1.38175777872,0.802866153472,0.96,
1.50288287273,-0.391306280132,6.13,0.94
1.98360871683,0.55659456795,2.85,
2.05846266407,-0.242531850476,6.17,0.65
2.26517808583,-0.395493877397,6.8,
2.28941987572,-0.954836024112,5,
2.35904465052,0.729261746294,6.18,0.65
2.43171846845,-1.19885698656,6.13,
2.47739413204,-0.105942883701,6.6,
2.49017393615,-0.706258333136,4.65,
2.54903668426,-0.48466106242,5.6,
2.95914941592,0.550281063959,4.33,0.59
2.95914941592,0.550281063959,4.8,
3.32332623587,-0.0252939236948,3.52,
3.4198002227,-0.359247278575,6.4,
3.44695264311,0.305938359598,5.17,
3.5078490631,0.958543045225,3.95,0.13
3.61684229946,-0.62316901858,6.57,0.55
3.9435482028,0.831713828247,5.96,
3.97999270636,-0.909468517823,6.69,0.5
4.02821031641,0.528593902424,5.96,
4.20784235747,-0.198524413513,4.84,0.45
4.20784235747,-0.198524413513,5,
4.2528260711,0.590911276527,6.72,
4.36894930287,0.551545104918,5.4,
4.47381476908,0.950665020646,5.63,0.47
4.495824063,-0.274486551739,3.4,
4.5175405376,-0.464313694052,5.07,0.85
4.58319367957,-0.0185826177386,6.2,
4.7257936895,-0.142797741991,5.24,0.38
4.73620998697,0.0436029407136,6,1.15
5.00216083031,-0.646901752214,5,
5.0269615385,0.870132425995,6.57,0.65
5.51703360041,-0.346546306235,6.5,
5.5386113112,-1.27716085065,6.4,
5.56098327536,0.174639289536,5.4,
5.56233473387,0.664013866296,6.42,0.6
5.69034292148,0.501661339588,6.09,
5.86643233824,-1.26112216497,6.1,
5.8755564085,-0.292210429,6.21,0.62
6.06466276981,-0.391954946555,5.9,
1.36814178,-0.142205548982,6.37,
1.67389438,-0.910732196218,5.98,
1.67902128,-0.921645352219,6.51,
1.70679384,0.30484599,6.2,
2.00763769,0.295634534584,6.02,
2.815,-1.0416852197,6.21,
3.73531003,0.3300757,5.98,
4.42526777,-0.730425140135,6.45,
4.68515457,-0.607132172834,6.38,
